incident_id,site_id,incident_date,category,severity,device_type,issue_type,resolution_time_hours,status,root_cause
INC000001,SITE011,2026-08-03,Provisioning,P2,Room Device,Poor Call Quality,2.57,Closed,User Error
INC000002,SITE012,2026-05-01,Dial Plan,P4,Desk Phone,Registration Failure,4.08,In Progress,QoS
INC000003,SITE016,2026-06-12,UAT,P2,Desk Phone,One-Way Audio,5.16,Resolved,Network
INC000004,SITE024,2026-08-18,Audio,P4,Soft Client,Poor Call Quality,3.03,Closed,Unknown
INC000005,SITE023,2026-07-05,Network,P3,Room Device,Provisioning Failure,8.82,Resolved,User Error
INC000006,SITE032,2026-06-10,Provisioning,P4,Mobile,One-Way Audio,1.77,Resolved,Network
INC000007,SITE016,2026-06-19,SIP,P3,Room Device,One-Way Audio,1.44,Closed,Configuration
INC000008,SITE013,2026-02-28,Registration,P3,Mobile,Provisioning Failure,1.78,Resolved,User Error
INC000009,SITE018,2026-05-20,User Configuration,P3,Room Device,Device Configuration,6.88,Closed,User Error
INC000010,SITE035,2026-02-08,SIP,P3,Room Device,Registration Failure,2.67,Resolved,Network
INC000011,SITE002,2026-07-02,Audio,P1,Room Device,Poor Call Quality,1.12,Resolved,Network
INC000012,SITE017,2026-05-27,Dial Plan,P4,Mobile,No Audio,2.25,Closed,User Error
INC000013,SITE028,2026-05-01,QoS,P4,Room Device,Dialing Issue,3.74,Resolved,Configuration
INC000014,SITE007,2026-03-18,Call Quality,P3,Soft Client,Device Configuration,10.22,Resolved,Provisioning
INC000015,SITE016,2026-02-21,QoS,P3,Room Device,Registration Failure,1.62,Resolved,Network
INC000016,SITE034,2026-02-18,Provisioning,P4,Desk Phone,Provisioning Failure,1.5,Closed,Device Issue
INC000017,SITE025,2026-04-20,UAT,P3,Mobile,Provisioning Failure,5.16,Resolved,Network
INC000018,SITE032,2026-05-03,Dial Plan,P2,Soft Client,One-Way Audio,1.43,Resolved,Unknown
INC000019,SITE019,2026-07-25,Registration,P3,Soft Client,Dialing Issue,0.99,Resolved,User Error
INC000020,SITE032,2026-06-17,Registration,P3,Soft Client,No Audio,6.07,Resolved,Provisioning
INC000021,SITE029,2026-01-21,Registration,P3,Desk Phone,Device Configuration,10.76,Resolved,Provisioning
INC000022,SITE035,2026-07-12,Provisioning,P2,Room Device,Poor Call Quality,2.04,In Progress,Configuration
INC000023,SITE006,2026-08-25,Device Configuration,P3,Soft Client,Dialing Issue,1.96,Open,Device Issue
INC000024,SITE001,2026-07-21,QoS,P2,Room Device,Registration Failure,2.95,Resolved,Provisioning
INC000025,SITE006,2026-06-14,QoS,P3,Mobile,Dialing Issue,5.66,Resolved,QoS
INC000026,SITE027,2026-01-18,QoS,P3,Mobile,One-Way Audio,6.68,Closed,User Error
INC000027,SITE022,2026-05-20,UAT,P3,Soft Client,UAT Failure,1.88,Closed,QoS
INC000028,SITE009,2026-02-05,SIP,P3,Room Device,Provisioning Failure,5.91,Open,Network
INC000029,SITE024,2026-04-14,SIP,P4,Mobile,Dialing Issue,1.26,Closed,QoS
INC000030,SITE009,2026-04-10,Audio,P4,Mobile,One-Way Audio,2.58,Resolved,Device Issue
INC000031,SITE031,2026-02-07,Device Configuration,P3,Desk Phone,Poor Call Quality,3.63,In Progress,Device Issue
INC000032,SITE025,2026-01-21,Call Quality,P4,Soft Client,Provisioning Failure,2.78,Resolved,QoS
INC000033,SITE034,2026-05-06,User Configuration,P4,Room Device,Provisioning Failure,2.93,Resolved,Network
INC000034,SITE018,2026-08-21,QoS,P4,Soft Client,Device Configuration,7.73,Resolved,Unknown
INC000035,SITE017,2026-04-04,Provisioning,P4,Desk Phone,UAT Failure,1.44,In Progress,Unknown
INC000036,SITE019,2026-05-26,Network,P3,Mobile,UAT Failure,1.78,Resolved,Unknown
INC000037,SITE015,2026-03-12,Audio,P3,Soft Client,Poor Call Quality,3.63,Resolved,Unknown
INC000038,SITE014,2026-04-16,UAT,P4,Mobile,Dialing Issue,7.66,Resolved,Configuration
INC000039,SITE002,2026-06-26,Call Quality,P4,Soft Client,Poor Call Quality,1.15,Resolved,Unknown
INC000040,SITE002,2026-02-09,Network,P3,Room Device,Provisioning Failure,4.74,Resolved,Network
INC000041,SITE009,2026-07-15,Network,P3,Room Device,No Audio,4.23,Closed,Network
INC000042,SITE035,2026-04-21,Audio,P3,Mobile,No Audio,9.0,Resolved,Device Issue
INC000043,SITE010,2026-08-14,QoS,P3,Desk Phone,Provisioning Failure,2.62,Resolved,Device Issue
INC000044,SITE006,2026-02-05,Audio,P3,Desk Phone,Device Configuration,7.89,In Progress,Configuration
INC000045,SITE008,2026-04-17,User Configuration,P3,Room Device,Device Configuration,9.93,Resolved,Unknown
INC000046,SITE020,2026-02-18,UAT,P4,Room Device,Poor Call Quality,6.98,Resolved,User Error
INC000047,SITE012,2026-03-16,Device Configuration,P4,Desk Phone,No Audio,3.95,Resolved,Configuration
INC000048,SITE032,2026-06-16,Provisioning,P3,Desk Phone,One-Way Audio,6.59,Resolved,User Error
INC000049,SITE034,2026-05-13,Dial Plan,P3,Room Device,One-Way Audio,6.47,In Progress,Unknown
INC000050,SITE022,2026-06-11,Registration,P4,Room Device,Poor Call Quality,2.47,Closed,Unknown
INC000051,SITE015,2026-08-22,Call Quality,P4,Mobile,Dialing Issue,6.26,Resolved,Network
INC000052,SITE008,2026-03-09,Device Configuration,P2,Mobile,Provisioning Failure,7.51,Resolved,Device Issue
INC000053,SITE031,2026-03-10,Audio,P2,Room Device,Provisioning Failure,3.15,Resolved,Configuration
INC000054,SITE012,2026-07-06,Audio,P4,Room Device,Provisioning Failure,4.85,Closed,Network
INC000055,SITE023,2026-05-08,User Configuration,P4,Soft Client,One-Way Audio,16.14,Resolved,QoS
INC000056,SITE017,2026-06-26,Provisioning,P3,Soft Client,One-Way Audio,3.79,Resolved,User Error
INC000057,SITE022,2026-05-28,Network,P1,Desk Phone,Dialing Issue,3.4,Closed,Device Issue
INC000058,SITE010,2026-02-06,User Configuration,P3,Mobile,Device Configuration,3.41,Resolved,Unknown
INC000059,SITE013,2026-06-13,QoS,P4,Mobile,Device Configuration,1.52,Resolved,Device Issue
INC000060,SITE005,2026-07-02,Codec,P3,Desk Phone,One-Way Audio,8.83,Resolved,Unknown
INC000061,SITE027,2026-01-05,Registration,P3,Soft Client,No Audio,3.77,Resolved,QoS
INC000062,SITE017,2026-04-21,Provisioning,P3,Desk Phone,Registration Failure,3.36,Resolved,Unknown
INC000063,SITE024,2026-08-28,Network,P3,Room Device,Poor Call Quality,3.19,Resolved,Network
INC000064,SITE014,2026-04-20,UAT,P1,Room Device,Poor Call Quality,1.28,In Progress,QoS
INC000065,SITE022,2026-08-29,Device Configuration,P3,Room Device,Dialing Issue,8.43,Resolved,User Error
INC000066,SITE022,2026-07-26,Audio,P4,Mobile,One-Way Audio,2.45,Resolved,Device Issue
INC000067,SITE025,2026-03-20,Device Configuration,P4,Desk Phone,Poor Call Quality,4.32,Resolved,User Error
INC000068,SITE033,2026-07-09,Registration,P3,Room Device,No Audio,3.04,Resolved,QoS
INC000069,SITE034,2026-05-08,Registration,P3,Desk Phone,Provisioning Failure,7.87,Resolved,Network
INC000070,SITE023,2026-03-07,Call Quality,P4,Desk Phone,Dialing Issue,3.43,Closed,User Error
INC000071,SITE010,2026-05-19,User Configuration,P2,Desk Phone,Device Configuration,2.21,Resolved,Device Issue
INC000072,SITE009,2026-03-16,SIP,P2,Room Device,Poor Call Quality,1.15,Resolved,Network
INC000073,SITE026,2026-02-19,Codec,P2,Room Device,UAT Failure,2.27,Resolved,User Error
INC000074,SITE013,2026-08-27,Device Configuration,P4,Desk Phone,Provisioning Failure,3.28,Resolved,Provisioning
INC000075,SITE016,2026-06-25,Codec,P3,Room Device,Provisioning Failure,1.88,Resolved,Provisioning
INC000076,SITE005,2026-03-08,Registration,P2,Mobile,One-Way Audio,7.49,Resolved,Provisioning
INC000077,SITE006,2026-04-01,User Configuration,P3,Mobile,No Audio,5.57,Resolved,Configuration
INC000078,SITE031,2026-05-03,Audio,P4,Mobile,Provisioning Failure,6.37,Resolved,Provisioning
INC000079,SITE010,2026-07-26,UAT,P3,Soft Client,No Audio,4.85,In Progress,QoS
INC000080,SITE021,2026-02-04,SIP,P3,Mobile,No Audio,8.51,Closed,User Error
INC000081,SITE016,2026-01-29,Network,P4,Soft Client,Device Configuration,5.06,Open,User Error
INC000082,SITE014,2026-06-28,UAT,P4,Mobile,Dialing Issue,2.9,Resolved,Network
INC000083,SITE034,2026-08-27,User Configuration,P2,Room Device,Registration Failure,0.86,Resolved,Network
INC000084,SITE018,2026-06-03,QoS,P4,Room Device,Poor Call Quality,8.05,In Progress,Unknown
INC000085,SITE013,2026-02-01,Codec,P4,Desk Phone,Registration Failure,3.55,Resolved,Network
INC000086,SITE005,2026-06-06,QoS,P2,Mobile,One-Way Audio,3.55,Resolved,Unknown
INC000087,SITE022,2026-01-06,QoS,P3,Mobile,Dialing Issue,6.85,In Progress,QoS
INC000088,SITE033,2026-01-20,Audio,P3,Soft Client,Dialing Issue,2.74,Open,Configuration
INC000089,SITE030,2026-06-09,Audio,P2,Desk Phone,One-Way Audio,1.79,Closed,QoS
INC000090,SITE015,2026-06-08,Dial Plan,P3,Room Device,No Audio,1.1,In Progress,Network
INC000091,SITE005,2026-05-27,Network,P2,Mobile,Poor Call Quality,10.01,Resolved,User Error
INC000092,SITE007,2026-04-18,Codec,P2,Desk Phone,Device Configuration,8.02,Resolved,User Error
INC000093,SITE028,2026-01-10,UAT,P2,Soft Client,UAT Failure,3.59,Resolved,Provisioning
INC000094,SITE033,2026-02-19,Provisioning,P2,Desk Phone,No Audio,2.88,Resolved,QoS
INC000095,SITE008,2026-02-07,Codec,P3,Soft Client,Dialing Issue,4.1,Resolved,User Error
INC000096,SITE009,2026-05-30,SIP,P3,Desk Phone,No Audio,0.85,Resolved,Provisioning
INC000097,SITE008,2026-05-13,QoS,P2,Room Device,Poor Call Quality,5.56,Resolved,Device Issue
INC000098,SITE022,2026-06-14,Audio,P3,Room Device,Dialing Issue,2.55,Closed,User Error
INC000099,SITE031,2026-02-04,Network,P3,Room Device,Poor Call Quality,5.21,Resolved,Configuration
INC000100,SITE007,2026-01-02,Provisioning,P3,Room Device,One-Way Audio,1.86,Resolved,Unknown
INC000101,SITE013,2026-03-28,UAT,P3,Room Device,Provisioning Failure,2.4,Closed,User Error
INC000102,SITE008,2026-03-14,UAT,P3,Desk Phone,Registration Failure,3.49,Resolved,Network
INC000103,SITE032,2026-07-27,Call Quality,P2,Soft Client,Provisioning Failure,1.96,Resolved,Configuration
INC000104,SITE001,2026-04-12,Network,P3,Soft Client,Registration Failure,4.28,Resolved,Unknown
INC000105,SITE016,2026-03-27,User Configuration,P3,Soft Client,Provisioning Failure,4.6,Resolved,Device Issue
INC000106,SITE005,2026-01-25,Registration,P3,Soft Client,Device Configuration,3.65,Resolved,Network
INC000107,SITE013,2026-05-26,QoS,P3,Room Device,UAT Failure,5.29,Closed,Unknown
INC000108,SITE011,2026-03-22,Audio,P4,Desk Phone,Provisioning Failure,4.49,In Progress,Provisioning
INC000109,SITE007,2026-01-13,Audio,P2,Room Device,Registration Failure,1.95,Closed,Device Issue
INC000110,SITE027,2026-02-10,Device Configuration,P3,Desk Phone,Registration Failure,8.42,Resolved,Network
INC000111,SITE003,2026-06-03,SIP,P2,Room Device,One-Way Audio,5.55,Resolved,Unknown
INC000112,SITE007,2026-05-19,User Configuration,P3,Desk Phone,UAT Failure,2.33,Resolved,Unknown
INC000113,SITE006,2026-01-12,Codec,P4,Desk Phone,Device Configuration,5.53,Open,Configuration
INC000114,SITE021,2026-01-19,User Configuration,P3,Soft Client,Registration Failure,1.06,Resolved,Network
INC000115,SITE003,2026-01-03,Dial Plan,P4,Desk Phone,Dialing Issue,5.38,Resolved,Configuration
INC000116,SITE013,2026-08-11,Audio,P4,Mobile,Provisioning Failure,4.66,Resolved,User Error
INC000117,SITE013,2026-04-16,Call Quality,P4,Mobile,Poor Call Quality,1.35,Resolved,User Error
INC000118,SITE010,2026-01-08,Registration,P3,Room Device,Device Configuration,5.21,Resolved,Provisioning
INC000119,SITE019,2026-01-09,Dial Plan,P3,Mobile,No Audio,2.74,In Progress,QoS
INC000120,SITE033,2026-07-02,Network,P3,Mobile,Provisioning Failure,3.51,Closed,User Error
INC000121,SITE006,2026-05-26,User Configuration,P3,Mobile,UAT Failure,5.15,Resolved,Unknown
INC000122,SITE001,2026-01-05,QoS,P3,Mobile,UAT Failure,1.37,In Progress,Unknown
INC000123,SITE008,2026-03-23,SIP,P3,Room Device,Provisioning Failure,2.35,Resolved,Provisioning
INC000124,SITE035,2026-02-06,Call Quality,P3,Mobile,Registration Failure,1.48,In Progress,Configuration
INC000125,SITE010,2026-04-06,Network,P4,Room Device,Provisioning Failure,7.73,Open,Provisioning
INC000126,SITE013,2026-04-03,Registration,P3,Soft Client,UAT Failure,1.76,Resolved,Configuration
INC000127,SITE017,2026-06-29,Network,P3,Desk Phone,Poor Call Quality,2.51,Resolved,Device Issue
INC000128,SITE007,2026-05-05,Registration,P3,Desk Phone,Provisioning Failure,4.13,Open,Device Issue
INC000129,SITE019,2026-01-30,UAT,P4,Mobile,Registration Failure,0.84,Open,Unknown
INC000130,SITE020,2026-04-30,Audio,P3,Soft Client,UAT Failure,6.29,In Progress,QoS
INC000131,SITE027,2026-07-14,Network,P3,Room Device,UAT Failure,2.18,Resolved,User Error
INC000132,SITE026,2026-04-08,Dial Plan,P3,Desk Phone,Poor Call Quality,4.97,Resolved,Unknown
INC000133,SITE035,2026-01-16,QoS,P3,Mobile,No Audio,8.98,Resolved,Device Issue
INC000134,SITE034,2026-07-11,Device Configuration,P4,Mobile,Poor Call Quality,1.29,Resolved,Device Issue
INC000135,SITE031,2026-08-11,Registration,P3,Desk Phone,Device Configuration,8.1,Open,Provisioning
INC000136,SITE012,2026-03-17,Audio,P3,Mobile,Provisioning Failure,5.89,Closed,Network
INC000137,SITE007,2026-01-15,Call Quality,P3,Mobile,Device Configuration,0.75,Resolved,QoS
INC000138,SITE009,2026-02-19,SIP,P3,Room Device,Dialing Issue,3.67,Resolved,QoS
INC000139,SITE025,2026-04-22,Provisioning,P3,Room Device,Provisioning Failure,5.21,Open,Configuration
INC000140,SITE013,2026-04-23,Audio,P3,Room Device,One-Way Audio,3.0,Closed,Provisioning
INC000141,SITE033,2026-06-07,UAT,P3,Soft Client,Registration Failure,12.94,Closed,Configuration
INC000142,SITE033,2026-05-16,Device Configuration,P4,Soft Client,Device Configuration,2.59,In Progress,Network
INC000143,SITE031,2026-07-04,Call Quality,P3,Soft Client,UAT Failure,2.48,Resolved,User Error
INC000144,SITE017,2026-08-01,UAT,P2,Soft Client,UAT Failure,1.84,Resolved,Device Issue
INC000145,SITE017,2026-02-10,User Configuration,P3,Mobile,One-Way Audio,1.32,Resolved,Unknown
INC000146,SITE024,2026-01-21,Dial Plan,P2,Mobile,No Audio,2.89,Resolved,Device Issue
INC000147,SITE006,2026-08-01,Codec,P3,Desk Phone,No Audio,3.32,Resolved,User Error
INC000148,SITE025,2026-06-03,SIP,P4,Room Device,One-Way Audio,4.66,In Progress,Unknown
INC000149,SITE019,2026-02-19,QoS,P3,Mobile,Registration Failure,2.34,In Progress,Network
INC000150,SITE001,2026-05-14,SIP,P4,Mobile,Device Configuration,3.87,Open,Device Issue
INC000151,SITE008,2026-07-19,Registration,P3,Desk Phone,Dialing Issue,3.2,Resolved,Device Issue
INC000152,SITE034,2026-04-14,Provisioning,P4,Desk Phone,Poor Call Quality,4.06,Resolved,QoS
INC000153,SITE026,2026-05-03,Dial Plan,P3,Desk Phone,Provisioning Failure,2.75,Resolved,Unknown
INC000154,SITE016,2026-06-14,UAT,P2,Desk Phone,Provisioning Failure,1.66,In Progress,User Error
INC000155,SITE012,2026-07-10,Codec,P4,Desk Phone,Device Configuration,1.71,Resolved,Network
INC000156,SITE017,2026-05-06,QoS,P3,Room Device,UAT Failure,4.38,Open,Unknown
INC000157,SITE013,2026-03-10,SIP,P4,Mobile,Poor Call Quality,2.49,Resolved,Provisioning
INC000158,SITE035,2026-05-03,Call Quality,P2,Soft Client,One-Way Audio,3.74,In Progress,Device Issue
INC000159,SITE002,2026-06-11,Device Configuration,P4,Desk Phone,Provisioning Failure,3.09,In Progress,User Error
INC000160,SITE020,2026-06-03,Network,P3,Desk Phone,One-Way Audio,2.08,Resolved,Configuration
INC000161,SITE017,2026-07-20,UAT,P4,Room Device,One-Way Audio,2.41,Closed,Provisioning
INC000162,SITE015,2026-03-23,QoS,P3,Desk Phone,Dialing Issue,4.32,In Progress,Provisioning
INC000163,SITE031,2026-05-16,Registration,P4,Room Device,Poor Call Quality,1.25,Resolved,Device Issue
INC000164,SITE017,2026-07-07,Audio,P4,Mobile,One-Way Audio,6.94,In Progress,QoS
INC000165,SITE029,2026-07-02,Codec,P3,Mobile,No Audio,3.92,In Progress,Network
INC000166,SITE021,2026-06-17,SIP,P4,Mobile,Registration Failure,5.19,In Progress,Network
INC000167,SITE003,2026-01-04,Dial Plan,P2,Room Device,Provisioning Failure,3.62,Resolved,Provisioning
INC000168,SITE009,2026-02-19,Device Configuration,P2,Soft Client,Poor Call Quality,5.25,Resolved,Provisioning
INC000169,SITE016,2026-04-01,UAT,P3,Desk Phone,Registration Failure,2.28,Resolved,Network
INC000170,SITE019,2026-04-14,User Configuration,P4,Mobile,Provisioning Failure,3.5,Resolved,Provisioning
INC000171,SITE029,2026-08-12,Codec,P2,Soft Client,Provisioning Failure,0.77,In Progress,Unknown
INC000172,SITE027,2026-04-10,SIP,P2,Soft Client,Registration Failure,5.25,Closed,Configuration
INC000173,SITE024,2026-03-12,User Configuration,P4,Desk Phone,UAT Failure,3.68,Resolved,Unknown
INC000174,SITE025,2026-04-19,Audio,P3,Soft Client,One-Way Audio,2.71,Closed,Network
INC000175,SITE013,2026-02-02,Provisioning,P3,Desk Phone,Registration Failure,9.76,Closed,Configuration
INC000176,SITE011,2026-04-13,Registration,P4,Soft Client,UAT Failure,4.52,Resolved,Provisioning
INC000177,SITE020,2026-04-12,Network,P4,Mobile,Dialing Issue,24.05,Resolved,Network
INC000178,SITE026,2026-04-16,UAT,P3,Mobile,UAT Failure,7.7,Resolved,Unknown
INC000179,SITE010,2026-01-07,Device Configuration,P4,Soft Client,UAT Failure,2.27,Closed,QoS
INC000180,SITE032,2026-06-22,SIP,P4,Room Device,No Audio,8.17,Resolved,User Error
INC000181,SITE032,2026-06-30,UAT,P3,Desk Phone,UAT Failure,3.23,Resolved,Unknown
INC000182,SITE032,2026-02-06,SIP,P3,Desk Phone,Poor Call Quality,3.29,In Progress,Network
INC000183,SITE014,2026-04-16,UAT,P3,Room Device,Dialing Issue,7.38,Open,Provisioning
INC000184,SITE019,2026-03-01,Registration,P2,Room Device,UAT Failure,3.94,Open,QoS
INC000185,SITE009,2026-07-01,Call Quality,P3,Soft Client,UAT Failure,1.05,Open,Provisioning
INC000186,SITE016,2026-01-29,QoS,P2,Room Device,Registration Failure,4.43,Resolved,Network
INC000187,SITE008,2026-07-06,Call Quality,P3,Desk Phone,One-Way Audio,2.05,Resolved,Provisioning
INC000188,SITE014,2026-02-02,Audio,P2,Soft Client,Poor Call Quality,1.89,Open,Device Issue
INC000189,SITE031,2026-06-09,QoS,P4,Room Device,UAT Failure,4.71,Closed,User Error
INC000190,SITE010,2026-02-16,UAT,P2,Desk Phone,Device Configuration,1.11,Closed,Network
INC000191,SITE008,2026-08-26,Provisioning,P4,Desk Phone,No Audio,0.64,Resolved,Configuration
INC000192,SITE010,2026-08-25,UAT,P4,Mobile,Dialing Issue,4.14,Resolved,User Error
INC000193,SITE034,2026-07-26,Call Quality,P2,Mobile,Provisioning Failure,16.24,Resolved,Configuration
INC000194,SITE016,2026-01-25,Provisioning,P3,Mobile,Poor Call Quality,1.25,Resolved,QoS
INC000195,SITE019,2026-04-20,SIP,P4,Soft Client,Dialing Issue,3.19,Resolved,User Error
INC000196,SITE005,2026-03-21,UAT,P3,Mobile,Registration Failure,10.14,Resolved,Network
INC000197,SITE005,2026-07-01,Codec,P3,Desk Phone,Dialing Issue,2.36,Resolved,Device Issue
INC000198,SITE005,2026-07-19,Provisioning,P3,Desk Phone,Provisioning Failure,1.99,Resolved,Provisioning
INC000199,SITE002,2026-08-30,Dial Plan,P3,Soft Client,Dialing Issue,1.81,Open,User Error
INC000200,SITE003,2026-05-03,UAT,P2,Soft Client,Device Configuration,3.58,Open,Unknown
INC000201,SITE034,2026-03-03,Call Quality,P2,Room Device,Provisioning Failure,3.97,Resolved,Unknown
INC000202,SITE035,2026-08-08,Device Configuration,P3,Desk Phone,Registration Failure,2.62,In Progress,User Error
INC000203,SITE007,2026-01-10,Dial Plan,P3,Room Device,Device Configuration,4.21,Closed,Device Issue
INC000204,SITE033,2026-03-19,Device Configuration,P3,Desk Phone,No Audio,2.8,Closed,Provisioning
INC000205,SITE002,2026-06-30,Network,P3,Room Device,No Audio,4.8,Resolved,QoS
INC000206,SITE029,2026-07-18,Audio,P3,Soft Client,Dialing Issue,3.62,Closed,Device Issue
INC000207,SITE006,2026-03-10,Codec,P4,Mobile,Registration Failure,8.62,Closed,Configuration
INC000208,SITE017,2026-06-09,User Configuration,P2,Mobile,Registration Failure,1.77,Resolved,Configuration
INC000209,SITE003,2026-04-28,Device Configuration,P3,Room Device,One-Way Audio,4.12,Resolved,User Error
INC000210,SITE003,2026-08-06,Network,P3,Mobile,UAT Failure,2.35,Closed,Provisioning
INC000211,SITE026,2026-07-07,Device Configuration,P2,Mobile,UAT Failure,3.82,Open,QoS
INC000212,SITE018,2026-04-30,User Configuration,P4,Room Device,UAT Failure,1.55,Resolved,Unknown
INC000213,SITE005,2026-08-15,Network,P2,Soft Client,No Audio,3.7,In Progress,QoS
INC000214,SITE019,2026-01-10,Codec,P3,Mobile,One-Way Audio,3.08,In Progress,Provisioning
INC000215,SITE031,2026-02-02,Audio,P2,Soft Client,Device Configuration,2.02,In Progress,QoS
INC000216,SITE001,2026-06-05,Codec,P3,Desk Phone,Dialing Issue,5.36,Resolved,Network
INC000217,SITE024,2026-02-19,Call Quality,P3,Mobile,Registration Failure,2.21,Resolved,Configuration
INC000218,SITE026,2026-06-30,Registration,P3,Room Device,Dialing Issue,1.14,Open,Device Issue
INC000219,SITE018,2026-06-04,Codec,P3,Desk Phone,One-Way Audio,1.33,Open,Provisioning
INC000220,SITE015,2026-03-09,Device Configuration,P4,Mobile,Provisioning Failure,0.86,Resolved,Provisioning
INC000221,SITE026,2026-01-08,Network,P2,Desk Phone,One-Way Audio,0.41,In Progress,Unknown
INC000222,SITE015,2026-04-02,UAT,P4,Soft Client,One-Way Audio,7.24,Resolved,Network
INC000223,SITE033,2026-08-07,UAT,P3,Desk Phone,Provisioning Failure,1.49,In Progress,Provisioning
INC000224,SITE006,2026-03-22,Provisioning,P3,Mobile,Poor Call Quality,9.74,In Progress,Network
INC000225,SITE014,2026-03-12,Call Quality,P3,Soft Client,Registration Failure,5.68,Resolved,QoS
INC000226,SITE026,2026-08-23,Provisioning,P3,Room Device,One-Way Audio,2.88,Resolved,Configuration
INC000227,SITE003,2026-01-29,Registration,P4,Mobile,Dialing Issue,1.89,Closed,Unknown
INC000228,SITE010,2026-08-02,UAT,P3,Room Device,One-Way Audio,1.64,Resolved,QoS
INC000229,SITE012,2026-05-19,User Configuration,P4,Soft Client,Device Configuration,1.64,Closed,Unknown
INC000230,SITE014,2026-03-18,Provisioning,P2,Soft Client,Device Configuration,6.78,Resolved,Network
INC000231,SITE031,2026-07-03,Registration,P3,Room Device,Registration Failure,2.3,Resolved,Provisioning
INC000232,SITE006,2026-08-09,Network,P3,Desk Phone,UAT Failure,15.1,In Progress,Network
INC000233,SITE012,2026-01-10,Network,P3,Soft Client,Registration Failure,1.84,Resolved,QoS
INC000234,SITE008,2026-02-21,User Configuration,P3,Mobile,One-Way Audio,2.9,Resolved,User Error
INC000235,SITE008,2026-01-29,Registration,P3,Room Device,Dialing Issue,2.26,Resolved,Provisioning
INC000236,SITE019,2026-07-28,QoS,P2,Soft Client,Provisioning Failure,1.47,Resolved,User Error
INC000237,SITE003,2026-04-09,Network,P2,Mobile,UAT Failure,5.26,In Progress,Device Issue
INC000238,SITE007,2026-07-12,SIP,P4,Room Device,Dialing Issue,3.44,Resolved,Unknown
INC000239,SITE027,2026-08-02,Audio,P4,Desk Phone,Poor Call Quality,3.8,Closed,Provisioning
INC000240,SITE012,2026-01-24,Codec,P4,Soft Client,Device Configuration,1.61,Resolved,Provisioning
INC000241,SITE009,2026-04-07,User Configuration,P2,Desk Phone,UAT Failure,5.4,Open,Configuration
INC000242,SITE019,2026-05-07,QoS,P3,Room Device,UAT Failure,1.63,Open,Configuration
INC000243,SITE021,2026-01-11,Dial Plan,P4,Room Device,Provisioning Failure,7.4,Resolved,Provisioning
INC000244,SITE001,2026-08-14,UAT,P2,Room Device,No Audio,2.97,Open,QoS
INC000245,SITE026,2026-02-01,Provisioning,P4,Room Device,No Audio,2.81,Resolved,Provisioning
INC000246,SITE016,2026-06-27,Registration,P3,Room Device,No Audio,2.56,Resolved,Device Issue
INC000247,SITE024,2026-02-06,Provisioning,P3,Soft Client,One-Way Audio,3.36,Resolved,Unknown
INC000248,SITE023,2026-05-15,Registration,P3,Desk Phone,No Audio,5.44,In Progress,User Error
INC000249,SITE026,2026-07-15,Provisioning,P3,Room Device,Poor Call Quality,1.04,In Progress,Network
INC000250,SITE009,2026-01-30,Call Quality,P3,Soft Client,Poor Call Quality,2.09,Resolved,Network
INC000251,SITE034,2026-01-06,Device Configuration,P4,Room Device,Provisioning Failure,5.02,Resolved,QoS
INC000252,SITE015,2026-04-28,User Configuration,P3,Room Device,Provisioning Failure,1.47,In Progress,Network
INC000253,SITE021,2026-01-28,Network,P3,Soft Client,Registration Failure,3.1,Resolved,Configuration
INC000254,SITE007,2026-05-25,UAT,P2,Desk Phone,Device Configuration,1.52,Resolved,Provisioning
INC000255,SITE031,2026-03-02,User Configuration,P1,Desk Phone,Dialing Issue,5.83,Closed,Configuration
INC000256,SITE002,2026-08-05,Audio,P2,Soft Client,Device Configuration,5.81,Resolved,Unknown
INC000257,SITE016,2026-05-31,Audio,P3,Mobile,UAT Failure,1.49,Resolved,Network
INC000258,SITE017,2026-06-08,User Configuration,P3,Soft Client,Poor Call Quality,4.56,Resolved,Configuration
INC000259,SITE010,2026-08-13,UAT,P3,Mobile,No Audio,14.26,Resolved,Unknown
INC000260,SITE016,2026-08-21,Device Configuration,P4,Mobile,One-Way Audio,4.7,Closed,Provisioning
INC000261,SITE023,2026-03-22,Call Quality,P3,Desk Phone,Provisioning Failure,4.1,In Progress,Device Issue
INC000262,SITE033,2026-02-08,QoS,P3,Desk Phone,One-Way Audio,1.45,Resolved,Network
INC000263,SITE016,2026-04-27,Call Quality,P2,Room Device,One-Way Audio,4.66,Resolved,Device Issue
INC000264,SITE012,2026-06-26,UAT,P3,Room Device,UAT Failure,4.9,Resolved,Unknown
INC000265,SITE016,2026-01-25,User Configuration,P4,Desk Phone,One-Way Audio,0.77,Resolved,User Error
INC000266,SITE017,2026-01-10,Call Quality,P3,Room Device,Provisioning Failure,2.25,Closed,User Error
INC000267,SITE006,2026-05-14,User Configuration,P4,Soft Client,UAT Failure,4.48,Open,Device Issue
INC000268,SITE015,2026-05-08,Network,P4,Room Device,Dialing Issue,4.0,Open,Configuration
INC000269,SITE028,2026-03-29,UAT,P3,Mobile,One-Way Audio,17.14,Closed,Provisioning
INC000270,SITE028,2026-07-05,SIP,P3,Room Device,Dialing Issue,6.64,Closed,Unknown
INC000271,SITE009,2026-08-12,Provisioning,P4,Room Device,Registration Failure,6.77,Resolved,Device Issue
INC000272,SITE002,2026-02-18,QoS,P3,Room Device,No Audio,2.99,In Progress,Configuration
INC000273,SITE006,2026-07-13,Codec,P3,Room Device,Provisioning Failure,8.64,Open,Configuration
INC000274,SITE013,2026-01-22,User Configuration,P3,Room Device,Provisioning Failure,5.65,Resolved,Device Issue
INC000275,SITE009,2026-05-19,Dial Plan,P3,Soft Client,One-Way Audio,4.24,Resolved,QoS
INC000276,SITE035,2026-05-11,UAT,P2,Room Device,No Audio,1.67,Resolved,Provisioning
INC000277,SITE015,2026-08-28,Provisioning,P2,Mobile,One-Way Audio,6.74,Resolved,QoS
INC000278,SITE031,2026-04-10,Codec,P4,Desk Phone,Device Configuration,2.66,Closed,Provisioning
INC000279,SITE027,2026-01-09,SIP,P4,Mobile,Dialing Issue,1.49,Resolved,Device Issue
INC000280,SITE022,2026-07-29,SIP,P3,Room Device,UAT Failure,1.95,Resolved,Network
INC000281,SITE005,2026-08-30,Call Quality,P4,Room Device,Poor Call Quality,7.72,In Progress,User Error
INC000282,SITE024,2026-05-09,User Configuration,P3,Soft Client,Dialing Issue,3.68,Resolved,Unknown
INC000283,SITE032,2026-08-27,SIP,P2,Mobile,Registration Failure,4.19,Resolved,Configuration
INC000284,SITE001,2026-08-15,QoS,P4,Soft Client,No Audio,7.1,Resolved,QoS
INC000285,SITE034,2026-02-24,Device Configuration,P4,Desk Phone,Poor Call Quality,3.11,Open,Provisioning
INC000286,SITE021,2026-05-12,Device Configuration,P4,Desk Phone,No Audio,6.05,Resolved,QoS
INC000287,SITE017,2026-03-21,Provisioning,P3,Mobile,Registration Failure,1.72,Open,Unknown
INC000288,SITE004,2026-08-29,Call Quality,P3,Soft Client,Device Configuration,2.12,Resolved,User Error
INC000289,SITE028,2026-04-03,Provisioning,P3,Room Device,Registration Failure,4.56,Open,Configuration
INC000290,SITE028,2026-04-15,Network,P3,Soft Client,Device Configuration,3.96,Resolved,Configuration
INC000291,SITE012,2026-05-02,Network,P3,Soft Client,UAT Failure,16.32,Resolved,Configuration
INC000292,SITE009,2026-01-29,Network,P2,Desk Phone,Registration Failure,3.27,Resolved,Unknown
INC000293,SITE009,2026-02-19,UAT,P4,Desk Phone,Dialing Issue,7.67,Resolved,Unknown
INC000294,SITE004,2026-05-09,UAT,P3,Room Device,Device Configuration,2.87,Resolved,Network
INC000295,SITE004,2026-07-16,Network,P3,Mobile,Registration Failure,2.03,In Progress,Device Issue
INC000296,SITE019,2026-06-26,Network,P3,Desk Phone,Registration Failure,2.45,Resolved,Provisioning
INC000297,SITE008,2026-04-10,UAT,P3,Soft Client,Registration Failure,6.36,Resolved,User Error
INC000298,SITE024,2026-01-17,Device Configuration,P3,Mobile,No Audio,11.81,Resolved,User Error
INC000299,SITE025,2026-07-06,Audio,P2,Mobile,Dialing Issue,3.66,Resolved,Provisioning
INC000300,SITE022,2026-03-04,Call Quality,P3,Soft Client,Device Configuration,0.87,Resolved,Configuration
INC000301,SITE024,2026-04-06,Network,P3,Mobile,One-Way Audio,1.93,Resolved,QoS
INC000302,SITE034,2026-04-18,User Configuration,P2,Soft Client,Dialing Issue,2.16,Closed,Configuration
INC000303,SITE030,2026-03-18,Registration,P2,Soft Client,One-Way Audio,4.35,Resolved,Unknown
INC000304,SITE012,2026-04-21,User Configuration,P3,Desk Phone,Device Configuration,1.32,In Progress,Unknown
INC000305,SITE005,2026-04-14,Device Configuration,P2,Room Device,Device Configuration,5.21,Resolved,User Error
INC000306,SITE007,2026-03-02,UAT,P4,Room Device,UAT Failure,3.38,Resolved,Configuration
INC000307,SITE005,2026-06-13,Call Quality,P3,Room Device,One-Way Audio,5.41,Open,User Error
INC000308,SITE017,2026-02-14,Registration,P3,Soft Client,No Audio,0.78,Resolved,Device Issue
INC000309,SITE008,2026-01-18,Provisioning,P3,Mobile,Poor Call Quality,3.21,Resolved,Provisioning
INC000310,SITE019,2026-04-16,SIP,P4,Mobile,Poor Call Quality,2.77,Resolved,QoS
INC000311,SITE026,2026-01-22,SIP,P3,Desk Phone,One-Way Audio,3.05,Open,Provisioning
INC000312,SITE001,2026-06-04,User Configuration,P3,Soft Client,One-Way Audio,5.84,Open,Provisioning
INC000313,SITE016,2026-01-23,Dial Plan,P4,Desk Phone,Poor Call Quality,1.44,Resolved,Unknown
INC000314,SITE022,2026-05-10,Audio,P3,Mobile,Registration Failure,2.68,Resolved,QoS
INC000315,SITE019,2026-07-04,Provisioning,P3,Desk Phone,Provisioning Failure,2.9,In Progress,Network
INC000316,SITE010,2026-04-28,Audio,P3,Mobile,Provisioning Failure,1.32,Open,Device Issue
INC000317,SITE034,2026-08-15,Audio,P4,Desk Phone,Device Configuration,17.9,Resolved,User Error
INC000318,SITE007,2026-05-02,Provisioning,P3,Mobile,UAT Failure,1.77,Resolved,Device Issue
INC000319,SITE031,2026-03-08,Device Configuration,P4,Mobile,Provisioning Failure,11.19,In Progress,User Error
INC000320,SITE025,2026-07-09,QoS,P4,Mobile,One-Way Audio,4.75,In Progress,Network
INC000321,SITE003,2026-05-02,SIP,P3,Desk Phone,Registration Failure,2.23,In Progress,QoS
INC000322,SITE030,2026-01-27,Device Configuration,P4,Soft Client,UAT Failure,5.98,Open,User Error
INC000323,SITE010,2026-04-25,Network,P2,Room Device,One-Way Audio,4.85,Closed,Device Issue
INC000324,SITE005,2026-08-22,Dial Plan,P4,Room Device,Device Configuration,7.42,Resolved,Provisioning
INC000325,SITE018,2026-01-01,SIP,P1,Desk Phone,No Audio,5.1,Resolved,Configuration
INC000326,SITE035,2026-07-17,Registration,P2,Mobile,Provisioning Failure,9.56,Open,Provisioning
INC000327,SITE023,2026-04-12,Provisioning,P3,Soft Client,Device Configuration,1.78,Resolved,User Error
INC000328,SITE002,2026-03-03,Dial Plan,P4,Desk Phone,No Audio,8.8,Resolved,Device Issue
INC000329,SITE001,2026-07-06,Registration,P3,Desk Phone,One-Way Audio,7.21,Resolved,Unknown
INC000330,SITE006,2026-03-08,Device Configuration,P3,Soft Client,Poor Call Quality,2.85,Resolved,Configuration
INC000331,SITE033,2026-01-26,Network,P3,Mobile,Provisioning Failure,4.27,Open,User Error
INC000332,SITE034,2026-03-26,SIP,P3,Soft Client,Dialing Issue,7.44,Resolved,Configuration
INC000333,SITE011,2026-07-25,SIP,P4,Desk Phone,Registration Failure,4.37,Resolved,User Error
INC000334,SITE004,2026-04-06,UAT,P3,Mobile,Device Configuration,3.05,Resolved,QoS
INC000335,SITE006,2026-02-10,User Configuration,P1,Soft Client,No Audio,2.05,Closed,Configuration
INC000336,SITE031,2026-06-21,Audio,P3,Mobile,One-Way Audio,4.48,Resolved,QoS
INC000337,SITE019,2026-08-26,UAT,P3,Mobile,Registration Failure,2.58,Closed,Provisioning
INC000338,SITE010,2026-08-26,SIP,P3,Mobile,No Audio,7.9,Resolved,Configuration
INC000339,SITE001,2026-05-03,UAT,P3,Desk Phone,No Audio,1.59,Resolved,User Error
INC000340,SITE002,2026-02-02,SIP,P4,Soft Client,UAT Failure,2.37,In Progress,Provisioning
INC000341,SITE012,2026-01-23,Codec,P3,Soft Client,Dialing Issue,2.22,Closed,Device Issue
INC000342,SITE009,2026-01-26,SIP,P3,Mobile,One-Way Audio,1.65,Resolved,Network
INC000343,SITE005,2026-06-24,Registration,P2,Mobile,Provisioning Failure,1.52,Resolved,Unknown
INC000344,SITE009,2026-07-04,Device Configuration,P3,Room Device,Dialing Issue,1.64,Resolved,Provisioning
INC000345,SITE034,2026-07-25,Device Configuration,P3,Mobile,One-Way Audio,3.43,Closed,Configuration
INC000346,SITE029,2026-02-16,Codec,P3,Room Device,Dialing Issue,10.3,Closed,Unknown
INC000347,SITE019,2026-05-29,SIP,P3,Mobile,No Audio,9.04,Resolved,QoS
INC000348,SITE032,2026-03-08,Call Quality,P4,Soft Client,Provisioning Failure,1.14,Open,Device Issue
INC000349,SITE006,2026-03-02,Codec,P4,Room Device,Registration Failure,4.64,Resolved,Device Issue
INC000350,SITE026,2026-01-22,Dial Plan,P3,Desk Phone,No Audio,2.59,Resolved,Provisioning
INC000351,SITE007,2026-08-30,Call Quality,P4,Soft Client,One-Way Audio,2.93,Open,Network
INC000352,SITE013,2026-01-26,Dial Plan,P3,Soft Client,Dialing Issue,2.03,Resolved,Provisioning
INC000353,SITE005,2026-08-29,Provisioning,P4,Room Device,Poor Call Quality,1.51,Resolved,User Error
INC000354,SITE006,2026-01-24,Registration,P4,Desk Phone,Dialing Issue,3.39,Resolved,User Error
INC000355,SITE033,2026-04-06,Registration,P3,Desk Phone,Device Configuration,20.25,Open,QoS
INC000356,SITE004,2026-01-15,Device Configuration,P2,Soft Client,UAT Failure,8.84,Open,User Error
INC000357,SITE019,2026-06-22,QoS,P3,Soft Client,Poor Call Quality,2.82,In Progress,Device Issue
INC000358,SITE031,2026-01-27,Device Configuration,P4,Desk Phone,Registration Failure,0.95,Closed,Configuration
INC000359,SITE005,2026-02-05,Device Configuration,P4,Desk Phone,Poor Call Quality,1.11,Resolved,Device Issue
INC000360,SITE015,2026-02-01,Audio,P3,Desk Phone,Device Configuration,2.76,Resolved,User Error
INC000361,SITE006,2026-04-02,Dial Plan,P3,Room Device,UAT Failure,3.0,Resolved,Provisioning
INC000362,SITE008,2026-06-09,QoS,P4,Room Device,Poor Call Quality,7.66,Resolved,Provisioning
INC000363,SITE034,2026-06-21,Device Configuration,P3,Mobile,UAT Failure,4.52,In Progress,QoS
INC000364,SITE030,2026-01-09,Audio,P3,Soft Client,Device Configuration,1.84,Resolved,Provisioning
INC000365,SITE033,2026-01-09,Device Configuration,P4,Desk Phone,No Audio,6.0,In Progress,Provisioning
INC000366,SITE020,2026-04-02,Audio,P1,Desk Phone,One-Way Audio,5.56,In Progress,User Error
INC000367,SITE013,2026-05-04,Dial Plan,P3,Soft Client,Provisioning Failure,4.33,Closed,Configuration
INC000368,SITE017,2026-01-31,QoS,P3,Desk Phone,One-Way Audio,1.57,Open,Provisioning
INC000369,SITE005,2026-06-11,Network,P3,Room Device,UAT Failure,4.84,Resolved,Device Issue
INC000370,SITE034,2026-01-24,Network,P4,Room Device,Dialing Issue,4.12,Resolved,QoS
INC000371,SITE018,2026-08-11,Provisioning,P3,Room Device,No Audio,6.6,Resolved,Configuration
INC000372,SITE002,2026-08-28,Call Quality,P2,Mobile,Poor Call Quality,3.85,In Progress,Unknown
INC000373,SITE009,2026-03-27,Network,P3,Room Device,Device Configuration,4.41,Resolved,Provisioning
INC000374,SITE008,2026-04-21,SIP,P2,Desk Phone,Provisioning Failure,13.13,Open,Device Issue
INC000375,SITE011,2026-03-17,Audio,P3,Mobile,Dialing Issue,8.4,Resolved,Configuration
INC000376,SITE022,2026-05-28,User Configuration,P4,Soft Client,Poor Call Quality,3.79,Resolved,Device Issue
INC000377,SITE013,2026-04-09,Provisioning,P3,Room Device,Device Configuration,1.52,Resolved,Configuration
INC000378,SITE015,2026-02-17,Dial Plan,P3,Room Device,No Audio,6.37,Open,Provisioning
INC000379,SITE009,2026-03-12,Device Configuration,P4,Mobile,Dialing Issue,2.7,In Progress,User Error
INC000380,SITE020,2026-06-27,SIP,P4,Room Device,One-Way Audio,2.27,Resolved,Device Issue
INC000381,SITE029,2026-08-10,Registration,P3,Soft Client,Poor Call Quality,3.76,Closed,Network
INC000382,SITE005,2026-06-11,Audio,P3,Room Device,UAT Failure,2.78,Resolved,User Error
INC000383,SITE001,2026-05-28,Dial Plan,P3,Soft Client,No Audio,1.31,Closed,Configuration
INC000384,SITE004,2026-04-26,SIP,P2,Room Device,No Audio,3.29,In Progress,Device Issue
INC000385,SITE004,2026-02-23,Registration,P3,Mobile,One-Way Audio,1.7,In Progress,User Error
INC000386,SITE023,2026-08-20,Dial Plan,P4,Room Device,No Audio,10.51,Closed,Unknown
INC000387,SITE019,2026-02-20,Call Quality,P2,Desk Phone,Device Configuration,3.0,Resolved,Device Issue
INC000388,SITE020,2026-03-15,SIP,P3,Mobile,Device Configuration,1.08,Resolved,User Error
INC000389,SITE009,2026-05-09,Registration,P3,Mobile,UAT Failure,3.28,Resolved,QoS
INC000390,SITE025,2026-06-20,Audio,P3,Mobile,UAT Failure,1.15,Resolved,User Error
INC000391,SITE030,2026-06-13,SIP,P3,Soft Client,One-Way Audio,0.51,Resolved,User Error
INC000392,SITE010,2026-06-27,Codec,P3,Mobile,No Audio,12.93,Open,Network
INC000393,SITE033,2026-03-12,Network,P4,Room Device,Device Configuration,2.6,Open,User Error
INC000394,SITE028,2026-08-24,Provisioning,P1,Soft Client,Provisioning Failure,7.56,Open,Unknown
INC000395,SITE022,2026-05-04,User Configuration,P3,Desk Phone,One-Way Audio,3.83,Open,Device Issue
INC000396,SITE033,2026-04-23,UAT,P2,Mobile,Device Configuration,1.32,In Progress,QoS
INC000397,SITE015,2026-01-12,SIP,P4,Soft Client,Poor Call Quality,3.82,Resolved,Network
INC000398,SITE008,2026-01-06,Device Configuration,P4,Mobile,Device Configuration,1.86,Resolved,Provisioning
INC000399,SITE014,2026-03-19,Provisioning,P4,Soft Client,Provisioning Failure,6.84,Resolved,User Error
INC000400,SITE035,2026-08-25,Codec,P3,Soft Client,No Audio,3.87,Closed,Device Issue
INC000401,SITE027,2026-07-12,Dial Plan,P3,Soft Client,No Audio,3.12,Resolved,Provisioning
INC000402,SITE007,2026-08-31,Network,P2,Mobile,One-Way Audio,1.79,Resolved,Configuration
INC000403,SITE018,2026-05-21,Codec,P4,Soft Client,Registration Failure,4.19,Resolved,QoS
INC000404,SITE024,2026-08-22,QoS,P3,Desk Phone,UAT Failure,1.49,Resolved,Configuration
INC000405,SITE009,2026-03-18,Network,P4,Soft Client,No Audio,15.27,Resolved,Network
INC000406,SITE010,2026-03-10,UAT,P2,Room Device,UAT Failure,1.73,Closed,Unknown
INC000407,SITE007,2026-03-04,QoS,P3,Desk Phone,Device Configuration,4.78,In Progress,Device Issue
INC000408,SITE005,2026-08-12,Dial Plan,P3,Mobile,Registration Failure,5.78,In Progress,Provisioning
INC000409,SITE035,2026-05-17,Dial Plan,P2,Mobile,Dialing Issue,2.08,Resolved,Device Issue
INC000410,SITE007,2026-08-28,Device Configuration,P3,Room Device,UAT Failure,2.19,In Progress,Provisioning
INC000411,SITE019,2026-02-26,Provisioning,P4,Room Device,No Audio,2.26,Resolved,User Error
INC000412,SITE033,2026-07-21,UAT,P3,Soft Client,No Audio,3.13,Resolved,Configuration
INC000413,SITE021,2026-01-10,UAT,P4,Room Device,Dialing Issue,4.47,Resolved,User Error
INC000414,SITE005,2026-07-14,Registration,P3,Room Device,Registration Failure,1.1,Resolved,User Error
INC000415,SITE013,2026-08-05,Device Configuration,P3,Soft Client,No Audio,6.47,In Progress,Device Issue
INC000416,SITE012,2026-05-11,Registration,P4,Room Device,Registration Failure,1.7,Closed,Device Issue
INC000417,SITE004,2026-03-30,Dial Plan,P2,Desk Phone,Device Configuration,2.52,Closed,Device Issue
INC000418,SITE027,2026-08-13,Device Configuration,P4,Room Device,One-Way Audio,2.08,Resolved,Configuration
INC000419,SITE017,2026-04-22,Audio,P3,Soft Client,One-Way Audio,5.63,Resolved,Network
INC000420,SITE001,2026-04-16,SIP,P3,Desk Phone,No Audio,2.26,Resolved,Provisioning
INC000421,SITE027,2026-05-08,Registration,P4,Desk Phone,Registration Failure,1.74,Resolved,Network
INC000422,SITE002,2026-07-11,SIP,P3,Desk Phone,Device Configuration,5.95,Resolved,Unknown
INC000423,SITE025,2026-05-08,Dial Plan,P3,Room Device,Device Configuration,1.86,Resolved,QoS
INC000424,SITE002,2026-08-31,Dial Plan,P4,Desk Phone,Provisioning Failure,1.65,Resolved,Device Issue
INC000425,SITE017,2026-05-16,User Configuration,P2,Desk Phone,One-Way Audio,1.28,Closed,Provisioning
INC000426,SITE023,2026-06-19,Call Quality,P3,Room Device,Registration Failure,6.48,Resolved,Provisioning
INC000427,SITE003,2026-02-22,Dial Plan,P3,Room Device,Dialing Issue,4.55,In Progress,Provisioning
INC000428,SITE005,2026-03-03,Call Quality,P2,Mobile,UAT Failure,0.91,Closed,Configuration
INC000429,SITE025,2026-03-29,Provisioning,P1,Mobile,Dialing Issue,1.3,In Progress,Network
INC000430,SITE021,2026-04-22,Call Quality,P2,Mobile,No Audio,4.26,In Progress,Device Issue
INC000431,SITE018,2026-01-16,Registration,P3,Soft Client,One-Way Audio,1.31,Resolved,User Error
INC000432,SITE001,2026-07-23,Provisioning,P3,Desk Phone,One-Way Audio,4.9,Resolved,Provisioning
INC000433,SITE029,2026-07-18,Registration,P3,Room Device,Provisioning Failure,6.71,In Progress,QoS
INC000434,SITE015,2026-04-13,Audio,P3,Soft Client,Registration Failure,4.5,In Progress,User Error
INC000435,SITE025,2026-07-24,Provisioning,P3,Soft Client,Poor Call Quality,5.47,Resolved,Unknown
INC000436,SITE010,2026-07-27,Network,P3,Room Device,No Audio,2.52,Resolved,Unknown
INC000437,SITE024,2026-03-22,Registration,P3,Mobile,Poor Call Quality,11.5,Resolved,Unknown
INC000438,SITE020,2026-06-07,SIP,P2,Mobile,Poor Call Quality,4.02,Resolved,User Error
INC000439,SITE021,2026-04-18,UAT,P3,Soft Client,Provisioning Failure,2.52,Resolved,Configuration
INC000440,SITE008,2026-02-14,Dial Plan,P2,Room Device,Registration Failure,2.58,Resolved,Provisioning
INC000441,SITE023,2026-07-05,Call Quality,P4,Soft Client,UAT Failure,5.31,In Progress,User Error
INC000442,SITE031,2026-05-16,Provisioning,P2,Desk Phone,No Audio,2.82,Resolved,Unknown
INC000443,SITE020,2026-01-27,Network,P3,Soft Client,Device Configuration,4.25,Closed,Provisioning
INC000444,SITE001,2026-06-20,QoS,P2,Room Device,Provisioning Failure,3.19,Open,User Error
INC000445,SITE015,2026-08-11,Call Quality,P4,Soft Client,UAT Failure,7.31,In Progress,Network
INC000446,SITE034,2026-07-19,SIP,P3,Mobile,Registration Failure,1.48,Resolved,Device Issue
INC000447,SITE017,2026-02-15,Provisioning,P3,Room Device,Registration Failure,3.5,Resolved,Network
INC000448,SITE018,2026-07-29,Registration,P2,Soft Client,Provisioning Failure,5.8,Resolved,Network
INC000449,SITE029,2026-04-12,Audio,P3,Mobile,No Audio,2.93,Closed,Provisioning
INC000450,SITE023,2026-08-23,Provisioning,P4,Soft Client,No Audio,9.75,Resolved,Device Issue
INC000451,SITE029,2026-01-05,Call Quality,P2,Room Device,Device Configuration,5.08,Resolved,Device Issue
INC000452,SITE032,2026-03-26,Network,P3,Room Device,UAT Failure,5.89,Resolved,QoS
INC000453,SITE033,2026-08-11,Network,P3,Room Device,One-Way Audio,2.36,Resolved,Network
INC000454,SITE032,2026-04-04,User Configuration,P4,Soft Client,UAT Failure,3.24,Closed,Device Issue
INC000455,SITE031,2026-05-06,Registration,P2,Room Device,Registration Failure,2.87,Closed,User Error
INC000456,SITE018,2026-05-29,Device Configuration,P3,Mobile,Device Configuration,2.76,In Progress,Unknown
INC000457,SITE035,2026-04-07,User Configuration,P3,Mobile,Poor Call Quality,4.99,Closed,QoS
INC000458,SITE029,2026-03-29,Registration,P4,Room Device,One-Way Audio,9.23,Open,Device Issue
INC000459,SITE017,2026-03-28,Device Configuration,P3,Mobile,One-Way Audio,2.57,Open,Network
INC000460,SITE003,2026-08-02,Audio,P2,Mobile,Registration Failure,6.25,Resolved,Device Issue
INC000461,SITE024,2026-04-17,Codec,P2,Mobile,No Audio,1.86,Resolved,User Error
INC000462,SITE015,2026-01-22,User Configuration,P4,Room Device,Provisioning Failure,4.63,Resolved,QoS
INC000463,SITE027,2026-06-22,UAT,P3,Soft Client,One-Way Audio,1.68,Closed,Provisioning
INC000464,SITE002,2026-01-27,Call Quality,P2,Desk Phone,Device Configuration,4.18,Open,Unknown
INC000465,SITE002,2026-07-06,SIP,P4,Mobile,One-Way Audio,8.04,Resolved,Configuration
INC000466,SITE008,2026-04-28,Device Configuration,P3,Desk Phone,Device Configuration,15.44,Resolved,User Error
INC000467,SITE031,2026-04-06,Codec,P3,Soft Client,Dialing Issue,6.96,In Progress,Network
INC000468,SITE012,2026-02-15,Network,P3,Mobile,Provisioning Failure,4.95,Resolved,QoS
INC000469,SITE034,2026-08-04,Call Quality,P4,Desk Phone,UAT Failure,2.75,Resolved,QoS
INC000470,SITE027,2026-02-21,Call Quality,P2,Soft Client,Device Configuration,3.9,Open,User Error
INC000471,SITE018,2026-08-21,Device Configuration,P3,Room Device,Dialing Issue,7.48,Resolved,User Error
INC000472,SITE002,2026-07-20,Registration,P3,Mobile,No Audio,8.4,Resolved,Unknown
INC000473,SITE006,2026-04-30,UAT,P3,Desk Phone,Dialing Issue,1.22,Resolved,QoS
INC000474,SITE019,2026-07-13,User Configuration,P3,Soft Client,Registration Failure,7.32,Resolved,Network
INC000475,SITE031,2026-03-19,Call Quality,P3,Mobile,Registration Failure,2.38,Closed,Provisioning
INC000476,SITE019,2026-08-11,Registration,P2,Mobile,Provisioning Failure,5.75,Resolved,Network
INC000477,SITE013,2026-08-28,Dial Plan,P3,Soft Client,UAT Failure,6.34,Resolved,QoS
INC000478,SITE015,2026-03-29,Call Quality,P3,Desk Phone,Poor Call Quality,3.46,Resolved,Device Issue
INC000479,SITE021,2026-02-26,User Configuration,P3,Room Device,No Audio,2.44,Closed,Network
INC000480,SITE014,2026-01-08,Registration,P4,Mobile,UAT Failure,1.58,Closed,Provisioning
INC000481,SITE017,2026-01-23,QoS,P3,Room Device,UAT Failure,5.45,Resolved,Device Issue
INC000482,SITE018,2026-07-01,SIP,P3,Desk Phone,One-Way Audio,5.44,Closed,Device Issue
INC000483,SITE033,2026-08-07,Provisioning,P3,Soft Client,Provisioning Failure,1.96,Resolved,Network
INC000484,SITE017,2026-03-16,Call Quality,P3,Room Device,Poor Call Quality,4.72,Resolved,Network
INC000485,SITE034,2026-01-08,UAT,P3,Soft Client,Dialing Issue,3.41,Closed,QoS
INC000486,SITE019,2026-03-24,Network,P4,Desk Phone,Poor Call Quality,4.53,Resolved,Provisioning
INC000487,SITE007,2026-01-31,QoS,P3,Soft Client,Poor Call Quality,2.15,Resolved,Network
INC000488,SITE005,2026-05-01,UAT,P4,Room Device,Registration Failure,9.06,Resolved,Configuration
INC000489,SITE012,2026-04-15,SIP,P4,Mobile,UAT Failure,6.47,Resolved,Unknown
INC000490,SITE025,2026-08-13,Device Configuration,P3,Desk Phone,Provisioning Failure,4.76,Resolved,Device Issue
INC000491,SITE005,2026-08-30,Registration,P4,Desk Phone,Poor Call Quality,3.49,Resolved,Device Issue
INC000492,SITE030,2026-02-22,Codec,P3,Desk Phone,No Audio,1.76,Resolved,User Error
INC000493,SITE023,2026-04-11,Audio,P2,Room Device,Provisioning Failure,7.95,Closed,Device Issue
INC000494,SITE010,2026-04-16,Dial Plan,P3,Mobile,Registration Failure,0.58,Resolved,Network
INC000495,SITE025,2026-05-13,User Configuration,P3,Desk Phone,UAT Failure,2.8,Resolved,Network
INC000496,SITE015,2026-04-09,SIP,P3,Soft Client,Provisioning Failure,3.0,Closed,Unknown
INC000497,SITE031,2026-01-08,Codec,P3,Desk Phone,UAT Failure,1.59,Closed,Configuration
INC000498,SITE005,2026-04-08,QoS,P3,Desk Phone,Dialing Issue,5.2,Resolved,Configuration
INC000499,SITE007,2026-04-11,Device Configuration,P3,Soft Client,Dialing Issue,2.36,Resolved,Configuration
INC000500,SITE028,2026-02-07,Registration,P3,Soft Client,Dialing Issue,11.9,Resolved,Network
INC000501,SITE016,2026-08-30,Device Configuration,P3,Soft Client,Device Configuration,0.95,In Progress,Unknown
INC000502,SITE009,2026-08-21,User Configuration,P2,Mobile,Poor Call Quality,5.93,Resolved,Network
INC000503,SITE017,2026-01-21,Codec,P3,Room Device,Poor Call Quality,1.22,Resolved,Network
INC000504,SITE017,2026-02-01,Device Configuration,P3,Soft Client,Poor Call Quality,2.58,In Progress,User Error
INC000505,SITE030,2026-06-16,Call Quality,P3,Soft Client,Registration Failure,4.14,Resolved,Device Issue
INC000506,SITE026,2026-05-01,Network,P1,Soft Client,UAT Failure,3.42,In Progress,Provisioning
INC000507,SITE019,2026-07-18,Codec,P3,Desk Phone,No Audio,2.72,Resolved,QoS
INC000508,SITE008,2026-08-21,Registration,P2,Room Device,Device Configuration,5.01,Resolved,QoS
INC000509,SITE035,2026-07-09,Codec,P3,Desk Phone,Dialing Issue,4.98,In Progress,Configuration
INC000510,SITE003,2026-04-04,Network,P3,Soft Client,One-Way Audio,5.13,Resolved,Device Issue
INC000511,SITE032,2026-08-09,Dial Plan,P3,Desk Phone,One-Way Audio,6.58,Resolved,QoS
INC000512,SITE020,2026-05-25,Registration,P4,Room Device,UAT Failure,1.31,Resolved,Unknown
INC000513,SITE027,2026-04-23,QoS,P3,Soft Client,UAT Failure,2.17,Resolved,Network
INC000514,SITE014,2026-01-16,Audio,P2,Room Device,One-Way Audio,6.75,Open,Device Issue
INC000515,SITE020,2026-01-14,Provisioning,P3,Desk Phone,Registration Failure,8.29,In Progress,User Error
INC000516,SITE033,2026-07-16,Device Configuration,P3,Mobile,Poor Call Quality,0.95,Closed,QoS
INC000517,SITE016,2026-02-02,Audio,P4,Room Device,UAT Failure,7.34,Resolved,Unknown
INC000518,SITE010,2026-05-08,Registration,P3,Mobile,One-Way Audio,4.91,Resolved,QoS
INC000519,SITE023,2026-08-22,SIP,P3,Soft Client,Registration Failure,6.93,Resolved,Unknown
INC000520,SITE032,2026-01-11,QoS,P3,Mobile,One-Way Audio,9.67,Open,Device Issue
INC000521,SITE022,2026-04-21,Call Quality,P2,Mobile,UAT Failure,4.02,Resolved,Configuration
INC000522,SITE019,2026-01-14,SIP,P2,Soft Client,Provisioning Failure,6.87,Resolved,Network
INC000523,SITE034,2026-01-26,Provisioning,P4,Room Device,Provisioning Failure,1.68,Closed,Device Issue
INC000524,SITE032,2026-08-19,Provisioning,P3,Soft Client,UAT Failure,2.98,In Progress,User Error
INC000525,SITE016,2026-07-27,Device Configuration,P4,Desk Phone,UAT Failure,4.65,Resolved,User Error
INC000526,SITE035,2026-06-26,Call Quality,P4,Desk Phone,One-Way Audio,6.79,Resolved,Provisioning
INC000527,SITE027,2026-06-09,Audio,P4,Desk Phone,One-Way Audio,3.41,Resolved,Provisioning
INC000528,SITE015,2026-08-04,Network,P3,Soft Client,Registration Failure,0.83,In Progress,Provisioning
INC000529,SITE018,2026-06-09,Registration,P3,Room Device,Device Configuration,5.95,Resolved,User Error
INC000530,SITE027,2026-07-08,User Configuration,P3,Soft Client,Poor Call Quality,0.54,Resolved,Unknown
INC000531,SITE011,2026-07-18,Audio,P2,Soft Client,UAT Failure,6.97,Closed,QoS
INC000532,SITE011,2026-06-04,SIP,P3,Desk Phone,Dialing Issue,4.25,In Progress,Unknown
INC000533,SITE007,2026-02-11,User Configuration,P1,Soft Client,One-Way Audio,8.44,Resolved,Configuration
INC000534,SITE013,2026-06-03,SIP,P2,Desk Phone,One-Way Audio,7.93,Resolved,Configuration
INC000535,SITE034,2026-07-10,QoS,P4,Mobile,No Audio,1.77,Resolved,Configuration
INC000536,SITE024,2026-08-09,Registration,P3,Soft Client,Device Configuration,5.12,Open,Network
INC000537,SITE030,2026-01-13,Dial Plan,P3,Room Device,Registration Failure,4.46,Resolved,QoS
INC000538,SITE024,2026-08-16,Device Configuration,P2,Room Device,Poor Call Quality,4.84,Resolved,Configuration
INC000539,SITE013,2026-03-16,Device Configuration,P3,Desk Phone,Registration Failure,2.85,Closed,Device Issue
INC000540,SITE015,2026-01-23,User Configuration,P3,Soft Client,Provisioning Failure,3.28,In Progress,Device Issue
INC000541,SITE011,2026-07-02,Codec,P3,Mobile,No Audio,3.39,Closed,Configuration
INC000542,SITE010,2026-02-12,Codec,P2,Desk Phone,Registration Failure,4.78,Resolved,Network
INC000543,SITE006,2026-03-05,Audio,P3,Desk Phone,Poor Call Quality,2.72,Resolved,Provisioning
INC000544,SITE011,2026-06-20,UAT,P1,Soft Client,Provisioning Failure,16.73,Resolved,Device Issue
INC000545,SITE020,2026-05-31,Audio,P3,Mobile,Dialing Issue,3.78,Resolved,Network
INC000546,SITE021,2026-01-10,Device Configuration,P4,Desk Phone,Device Configuration,7.03,Resolved,Provisioning
INC000547,SITE001,2026-04-30,QoS,P3,Room Device,One-Way Audio,4.03,Resolved,Device Issue
INC000548,SITE014,2026-04-04,SIP,P3,Soft Client,No Audio,1.35,Resolved,User Error
INC000549,SITE006,2026-07-10,Codec,P4,Desk Phone,Registration Failure,6.0,Resolved,Unknown
INC000550,SITE033,2026-06-29,Audio,P2,Mobile,Dialing Issue,3.34,In Progress,Unknown
INC000551,SITE004,2026-01-02,Codec,P3,Mobile,Provisioning Failure,6.26,In Progress,Network
INC000552,SITE019,2026-04-20,User Configuration,P4,Room Device,UAT Failure,2.72,Resolved,Device Issue
INC000553,SITE015,2026-05-06,Device Configuration,P2,Desk Phone,Poor Call Quality,5.94,Closed,Configuration
INC000554,SITE034,2026-03-21,SIP,P3,Desk Phone,No Audio,4.65,Resolved,Configuration
INC000555,SITE003,2026-08-24,SIP,P3,Desk Phone,No Audio,12.53,Resolved,QoS
INC000556,SITE032,2026-02-19,Audio,P3,Room Device,Poor Call Quality,2.44,Resolved,Configuration
INC000557,SITE009,2026-07-28,Call Quality,P2,Mobile,One-Way Audio,2.74,Open,Network
INC000558,SITE011,2026-03-22,Network,P4,Mobile,Registration Failure,6.46,Resolved,User Error
INC000559,SITE032,2026-04-21,Provisioning,P3,Desk Phone,One-Way Audio,2.15,Resolved,Configuration
INC000560,SITE016,2026-07-04,Call Quality,P3,Room Device,No Audio,7.11,Resolved,Provisioning
INC000561,SITE027,2026-01-01,Codec,P3,Room Device,No Audio,3.56,In Progress,Network
INC000562,SITE035,2026-08-08,Dial Plan,P4,Soft Client,Poor Call Quality,2.61,Resolved,Unknown
INC000563,SITE007,2026-06-21,Network,P3,Mobile,Dialing Issue,4.19,In Progress,Device Issue
INC000564,SITE012,2026-08-23,Device Configuration,P4,Desk Phone,Registration Failure,7.56,Resolved,User Error
INC000565,SITE015,2026-07-25,Device Configuration,P3,Mobile,No Audio,3.23,Resolved,Device Issue
INC000566,SITE006,2026-02-07,Device Configuration,P3,Mobile,Dialing Issue,10.2,Resolved,Provisioning
INC000567,SITE011,2026-03-14,QoS,P3,Room Device,Device Configuration,4.15,Resolved,Device Issue
INC000568,SITE001,2026-05-19,Device Configuration,P4,Mobile,UAT Failure,3.94,Closed,Unknown
INC000569,SITE006,2026-02-01,QoS,P3,Mobile,One-Way Audio,4.33,Resolved,Provisioning
INC000570,SITE007,2026-06-28,Dial Plan,P3,Soft Client,Dialing Issue,2.04,Resolved,Configuration
INC000571,SITE035,2026-02-12,Dial Plan,P2,Soft Client,No Audio,22.92,Resolved,Unknown
INC000572,SITE021,2026-05-13,Registration,P4,Soft Client,No Audio,4.67,Open,Configuration
INC000573,SITE032,2026-02-16,Audio,P3,Soft Client,Provisioning Failure,0.76,Closed,Provisioning
INC000574,SITE006,2026-03-12,Call Quality,P3,Soft Client,Dialing Issue,4.23,In Progress,User Error
INC000575,SITE001,2026-02-27,User Configuration,P4,Mobile,Poor Call Quality,3.76,Resolved,User Error
INC000576,SITE031,2026-05-05,Call Quality,P1,Room Device,No Audio,5.47,Resolved,Unknown
INC000577,SITE014,2026-05-23,Provisioning,P3,Room Device,UAT Failure,5.58,Resolved,Network
INC000578,SITE027,2026-03-27,Device Configuration,P3,Mobile,UAT Failure,0.94,In Progress,Unknown
INC000579,SITE002,2026-06-25,Dial Plan,P3,Mobile,Device Configuration,2.59,Resolved,Device Issue
INC000580,SITE007,2026-03-09,Audio,P3,Mobile,Provisioning Failure,11.31,Resolved,Configuration
INC000581,SITE019,2026-05-02,Call Quality,P3,Desk Phone,No Audio,3.9,Closed,Provisioning
INC000582,SITE026,2026-08-25,Audio,P4,Mobile,Provisioning Failure,19.68,Resolved,Provisioning
INC000583,SITE004,2026-07-05,User Configuration,P3,Soft Client,Provisioning Failure,3.36,Closed,Device Issue
INC000584,SITE030,2026-07-08,Audio,P3,Desk Phone,Registration Failure,4.44,Open,User Error
INC000585,SITE025,2026-06-02,Audio,P3,Room Device,Dialing Issue,1.54,Resolved,Provisioning
INC000586,SITE031,2026-07-11,Device Configuration,P2,Room Device,Registration Failure,7.61,Open,QoS
INC000587,SITE016,2026-06-24,UAT,P3,Soft Client,No Audio,1.4,In Progress,User Error
INC000588,SITE003,2026-08-19,Dial Plan,P3,Mobile,One-Way Audio,7.93,Resolved,Device Issue
INC000589,SITE002,2026-02-10,QoS,P4,Soft Client,Registration Failure,2.17,Resolved,User Error
INC000590,SITE022,2026-08-21,Audio,P4,Room Device,No Audio,1.21,Resolved,Configuration
INC000591,SITE006,2026-03-02,Network,P4,Mobile,Registration Failure,5.13,In Progress,Network
INC000592,SITE015,2026-04-22,Device Configuration,P3,Mobile,Device Configuration,2.8,Resolved,Provisioning
INC000593,SITE003,2026-08-21,Provisioning,P2,Room Device,Registration Failure,2.96,Resolved,QoS
INC000594,SITE004,2026-05-29,Provisioning,P3,Desk Phone,No Audio,5.52,Closed,Device Issue
INC000595,SITE007,2026-06-26,Provisioning,P2,Room Device,UAT Failure,5.97,Closed,Provisioning
INC000596,SITE012,2026-04-22,Codec,P3,Mobile,Poor Call Quality,4.06,Open,User Error
INC000597,SITE018,2026-07-30,Provisioning,P3,Soft Client,UAT Failure,0.95,Resolved,QoS
INC000598,SITE031,2026-07-31,User Configuration,P3,Desk Phone,Provisioning Failure,5.53,Closed,Provisioning
INC000599,SITE002,2026-05-29,UAT,P4,Mobile,Device Configuration,3.25,Closed,Unknown
INC000600,SITE033,2026-05-29,Registration,P2,Mobile,Dialing Issue,1.61,Resolved,Provisioning
INC000601,SITE020,2026-07-28,Call Quality,P2,Soft Client,UAT Failure,3.58,Resolved,Unknown
INC000602,SITE030,2026-08-11,Audio,P4,Room Device,Registration Failure,4.67,Resolved,Network
INC000603,SITE004,2026-07-28,Dial Plan,P3,Desk Phone,Poor Call Quality,7.41,Closed,Unknown
INC000604,SITE015,2026-08-22,Call Quality,P3,Mobile,Provisioning Failure,4.01,In Progress,User Error
INC000605,SITE029,2026-02-13,Dial Plan,P4,Soft Client,Dialing Issue,4.78,Resolved,Unknown
INC000606,SITE006,2026-07-01,SIP,P4,Desk Phone,Poor Call Quality,1.65,Resolved,Network
INC000607,SITE003,2026-07-27,UAT,P3,Room Device,Provisioning Failure,8.79,Closed,Network
INC000608,SITE034,2026-06-28,Audio,P4,Mobile,UAT Failure,9.41,Resolved,QoS
INC000609,SITE035,2026-07-12,QoS,P3,Desk Phone,Registration Failure,4.48,Open,Unknown
INC000610,SITE031,2026-04-10,Codec,P3,Mobile,Poor Call Quality,8.26,Resolved,Network
INC000611,SITE014,2026-02-02,SIP,P4,Room Device,Poor Call Quality,3.5,Resolved,Device Issue
INC000612,SITE015,2026-02-06,Codec,P3,Desk Phone,Registration Failure,5.86,In Progress,QoS
INC000613,SITE014,2026-07-11,UAT,P3,Desk Phone,No Audio,4.06,Resolved,Configuration
INC000614,SITE034,2026-01-23,Device Configuration,P4,Soft Client,UAT Failure,1.03,Closed,Network
INC000615,SITE012,2026-08-26,Audio,P4,Soft Client,One-Way Audio,1.55,Open,QoS
INC000616,SITE022,2026-06-08,Device Configuration,P2,Soft Client,Dialing Issue,6.06,Resolved,Network
INC000617,SITE031,2026-01-17,SIP,P3,Desk Phone,One-Way Audio,3.72,Resolved,Unknown
INC000618,SITE034,2026-06-14,User Configuration,P4,Mobile,Device Configuration,3.92,Open,QoS
INC000619,SITE016,2026-01-26,Provisioning,P3,Mobile,Registration Failure,3.92,Resolved,Network
INC000620,SITE002,2026-04-03,User Configuration,P2,Soft Client,Registration Failure,3.43,Resolved,Configuration
INC000621,SITE028,2026-03-19,Device Configuration,P3,Room Device,Poor Call Quality,2.48,Resolved,User Error
INC000622,SITE002,2026-03-06,Network,P3,Room Device,Provisioning Failure,3.73,Resolved,Provisioning
INC000623,SITE017,2026-01-27,Codec,P3,Mobile,No Audio,1.54,Resolved,QoS
INC000624,SITE022,2026-07-09,Provisioning,P3,Desk Phone,One-Way Audio,7.84,In Progress,Device Issue
INC000625,SITE020,2026-03-07,QoS,P3,Mobile,Registration Failure,7.86,Open,Unknown
INC000626,SITE008,2026-04-02,QoS,P3,Mobile,Registration Failure,6.46,Closed,Device Issue
INC000627,SITE027,2026-05-15,Call Quality,P3,Room Device,One-Way Audio,1.91,Closed,User Error
INC000628,SITE033,2026-07-12,Dial Plan,P4,Mobile,One-Way Audio,9.67,In Progress,Device Issue
INC000629,SITE026,2026-03-16,UAT,P4,Mobile,Device Configuration,1.93,Open,Device Issue
INC000630,SITE005,2026-07-04,Registration,P2,Desk Phone,Poor Call Quality,4.63,Resolved,User Error
INC000631,SITE023,2026-07-08,Audio,P4,Desk Phone,Device Configuration,4.41,Closed,Configuration
INC000632,SITE010,2026-05-24,Registration,P3,Mobile,Dialing Issue,12.47,In Progress,QoS
INC000633,SITE009,2026-08-01,Codec,P3,Room Device,UAT Failure,6.31,Open,QoS
INC000634,SITE011,2026-04-16,UAT,P4,Room Device,UAT Failure,3.55,Resolved,Network
INC000635,SITE033,2026-04-26,Registration,P3,Room Device,No Audio,8.57,Resolved,Provisioning
INC000636,SITE029,2026-03-05,SIP,P4,Mobile,Device Configuration,5.09,Resolved,Device Issue
INC000637,SITE002,2026-03-08,Device Configuration,P3,Desk Phone,Dialing Issue,3.86,Closed,Configuration
INC000638,SITE018,2026-01-30,SIP,P3,Desk Phone,One-Way Audio,5.36,Open,Network
INC000639,SITE019,2026-01-24,Audio,P2,Soft Client,One-Way Audio,3.11,Resolved,Configuration
INC000640,SITE010,2026-06-19,SIP,P3,Mobile,UAT Failure,2.65,Resolved,Configuration
INC000641,SITE022,2026-03-04,Codec,P3,Mobile,Provisioning Failure,1.97,Resolved,Provisioning
INC000642,SITE021,2026-07-31,Codec,P3,Room Device,Device Configuration,4.29,Resolved,Configuration
INC000643,SITE017,2026-07-09,Call Quality,P3,Soft Client,Registration Failure,0.9,In Progress,Configuration
INC000644,SITE005,2026-01-30,Dial Plan,P3,Soft Client,Registration Failure,1.49,In Progress,QoS
INC000645,SITE026,2026-03-08,SIP,P3,Soft Client,Device Configuration,4.66,Resolved,Network
INC000646,SITE003,2026-02-26,Network,P3,Soft Client,Registration Failure,2.42,Resolved,Network
INC000647,SITE003,2026-05-08,UAT,P4,Soft Client,Poor Call Quality,2.0,In Progress,Configuration
INC000648,SITE028,2026-02-16,Device Configuration,P3,Soft Client,Dialing Issue,3.29,Resolved,QoS
INC000649,SITE002,2026-02-16,User Configuration,P4,Room Device,Device Configuration,1.21,Resolved,Unknown
INC000650,SITE006,2026-05-24,Registration,P3,Desk Phone,Provisioning Failure,1.45,Resolved,QoS
INC000651,SITE015,2026-03-25,Network,P4,Room Device,UAT Failure,4.07,Closed,Configuration
INC000652,SITE026,2026-08-04,Call Quality,P3,Room Device,One-Way Audio,2.31,Resolved,User Error
INC000653,SITE034,2026-02-08,Codec,P3,Soft Client,Provisioning Failure,2.07,Resolved,QoS
INC000654,SITE032,2026-03-13,Provisioning,P4,Room Device,Registration Failure,5.59,Resolved,Unknown
INC000655,SITE031,2026-01-15,Provisioning,P3,Mobile,No Audio,8.49,Closed,Provisioning
INC000656,SITE029,2026-04-20,Device Configuration,P3,Room Device,UAT Failure,15.29,Resolved,Configuration
INC000657,SITE021,2026-02-18,Network,P3,Room Device,One-Way Audio,5.29,Resolved,Unknown
INC000658,SITE011,2026-01-20,Device Configuration,P3,Desk Phone,No Audio,1.37,Open,QoS
INC000659,SITE010,2026-07-05,Call Quality,P3,Desk Phone,Dialing Issue,4.29,Resolved,Device Issue
INC000660,SITE026,2026-03-02,Provisioning,P2,Mobile,Provisioning Failure,5.22,Resolved,User Error
INC000661,SITE014,2026-01-08,Dial Plan,P4,Soft Client,No Audio,1.68,Closed,Unknown
INC000662,SITE031,2026-01-03,Provisioning,P4,Mobile,Poor Call Quality,2.87,Resolved,Provisioning
INC000663,SITE015,2026-04-02,Registration,P3,Mobile,Dialing Issue,9.89,In Progress,Configuration
INC000664,SITE020,2026-06-24,Call Quality,P2,Soft Client,Poor Call Quality,3.49,In Progress,Network
INC000665,SITE022,2026-05-14,Network,P4,Desk Phone,Device Configuration,1.21,Resolved,Network
INC000666,SITE006,2026-04-03,Provisioning,P3,Desk Phone,Dialing Issue,8.17,Resolved,Unknown
INC000667,SITE015,2026-06-24,QoS,P4,Soft Client,Provisioning Failure,2.44,Resolved,Configuration
INC000668,SITE029,2026-04-21,UAT,P2,Desk Phone,UAT Failure,4.02,Resolved,Configuration
INC000669,SITE024,2026-02-10,Codec,P3,Desk Phone,Provisioning Failure,4.48,Resolved,Configuration
INC000670,SITE006,2026-04-11,Registration,P1,Mobile,Provisioning Failure,2.87,Closed,Network
INC000671,SITE008,2026-02-11,Registration,P4,Mobile,Provisioning Failure,4.24,Resolved,QoS
INC000672,SITE025,2026-06-07,Call Quality,P4,Desk Phone,Poor Call Quality,1.57,Closed,Configuration
INC000673,SITE008,2026-05-23,Registration,P3,Soft Client,UAT Failure,8.67,In Progress,QoS
INC000674,SITE031,2026-06-27,UAT,P3,Desk Phone,Registration Failure,1.24,Closed,Configuration
INC000675,SITE007,2026-07-23,Audio,P4,Room Device,Provisioning Failure,2.0,Resolved,Provisioning
INC000676,SITE024,2026-02-14,QoS,P4,Desk Phone,One-Way Audio,1.11,Resolved,Device Issue
INC000677,SITE006,2026-07-07,Network,P4,Room Device,UAT Failure,14.53,Resolved,QoS
INC000678,SITE029,2026-01-28,Audio,P3,Mobile,Device Configuration,3.46,Resolved,Provisioning
INC000679,SITE004,2026-05-07,SIP,P3,Mobile,No Audio,1.83,Resolved,Network
INC000680,SITE035,2026-05-03,QoS,P3,Room Device,No Audio,0.78,Closed,Provisioning
INC000681,SITE004,2026-06-22,QoS,P3,Room Device,No Audio,11.33,Resolved,QoS
INC000682,SITE019,2026-07-05,SIP,P3,Room Device,Poor Call Quality,3.78,Resolved,Provisioning
INC000683,SITE029,2026-07-30,SIP,P4,Soft Client,UAT Failure,7.13,Resolved,Unknown
INC000684,SITE027,2026-03-26,Registration,P3,Room Device,Dialing Issue,5.54,In Progress,Unknown
INC000685,SITE013,2026-07-27,User Configuration,P4,Desk Phone,One-Way Audio,2.22,Closed,Configuration
INC000686,SITE025,2026-08-27,Device Configuration,P3,Room Device,Registration Failure,5.56,Resolved,Network
INC000687,SITE011,2026-08-20,User Configuration,P4,Soft Client,One-Way Audio,2.08,Resolved,Network
INC000688,SITE001,2026-04-23,User Configuration,P4,Mobile,Registration Failure,5.23,Resolved,Provisioning
INC000689,SITE011,2026-05-07,Codec,P3,Soft Client,Device Configuration,5.3,In Progress,Network
INC000690,SITE025,2026-03-16,Provisioning,P3,Room Device,Dialing Issue,3.47,Closed,Network
INC000691,SITE015,2026-01-13,Audio,P3,Mobile,Device Configuration,2.27,Resolved,User Error
INC000692,SITE001,2026-08-01,UAT,P3,Soft Client,Device Configuration,2.63,Closed,QoS
INC000693,SITE004,2026-07-13,Network,P4,Room Device,One-Way Audio,2.91,Closed,Network
INC000694,SITE029,2026-07-02,Audio,P2,Room Device,Registration Failure,3.43,Resolved,Configuration
INC000695,SITE013,2026-06-14,Call Quality,P1,Desk Phone,UAT Failure,5.94,In Progress,Device Issue
INC000696,SITE014,2026-05-02,Registration,P2,Mobile,UAT Failure,2.14,Resolved,Network
INC000697,SITE012,2026-05-12,Codec,P3,Room Device,No Audio,4.01,Resolved,Unknown
INC000698,SITE008,2026-05-07,Registration,P3,Desk Phone,Device Configuration,5.82,Resolved,User Error
INC000699,SITE025,2026-04-06,Registration,P3,Soft Client,Dialing Issue,3.2,Resolved,Configuration
INC000700,SITE009,2026-06-19,Codec,P4,Room Device,One-Way Audio,4.04,In Progress,Provisioning
INC000701,SITE033,2026-01-10,Device Configuration,P3,Mobile,Dialing Issue,11.23,In Progress,Unknown
INC000702,SITE026,2026-05-20,Registration,P1,Mobile,No Audio,2.67,Resolved,Provisioning
INC000703,SITE003,2026-07-06,Codec,P4,Mobile,UAT Failure,3.12,Resolved,Network
INC000704,SITE011,2026-03-23,Network,P3,Desk Phone,Device Configuration,0.99,Resolved,Network
INC000705,SITE017,2026-07-21,Call Quality,P3,Soft Client,UAT Failure,5.91,Resolved,Network
INC000706,SITE031,2026-08-19,Device Configuration,P3,Soft Client,Device Configuration,2.63,In Progress,Device Issue
INC000707,SITE003,2026-05-25,Codec,P2,Mobile,Poor Call Quality,7.29,In Progress,QoS
INC000708,SITE034,2026-04-19,UAT,P3,Desk Phone,Provisioning Failure,2.83,Resolved,Configuration
INC000709,SITE019,2026-05-29,SIP,P4,Soft Client,Device Configuration,2.61,Resolved,Unknown
INC000710,SITE032,2026-02-27,SIP,P3,Mobile,UAT Failure,5.57,Resolved,Provisioning
INC000711,SITE019,2026-02-09,Provisioning,P3,Room Device,Registration Failure,10.14,Resolved,Provisioning
INC000712,SITE033,2026-04-16,User Configuration,P4,Mobile,One-Way Audio,2.93,Resolved,User Error
INC000713,SITE020,2026-05-14,Registration,P3,Room Device,Poor Call Quality,2.52,In Progress,Configuration
INC000714,SITE007,2026-01-05,Registration,P3,Desk Phone,Device Configuration,1.98,Resolved,Device Issue
INC000715,SITE020,2026-05-25,Codec,P3,Soft Client,Registration Failure,2.34,Resolved,Provisioning
INC000716,SITE035,2026-05-02,Network,P3,Mobile,Registration Failure,4.3,Closed,QoS
INC000717,SITE015,2026-06-25,Call Quality,P2,Room Device,Registration Failure,3.05,Closed,User Error
INC000718,SITE015,2026-07-16,Audio,P3,Soft Client,Poor Call Quality,2.91,Closed,QoS
INC000719,SITE018,2026-08-27,UAT,P3,Room Device,Device Configuration,7.4,Open,Network
INC000720,SITE024,2026-07-16,UAT,P2,Mobile,One-Way Audio,2.85,Resolved,Configuration
INC000721,SITE029,2026-06-14,Dial Plan,P3,Room Device,Provisioning Failure,1.03,In Progress,Provisioning
INC000722,SITE009,2026-03-15,Device Configuration,P3,Mobile,One-Way Audio,5.72,Resolved,Network
INC000723,SITE002,2026-07-13,Network,P2,Room Device,Device Configuration,0.78,Resolved,Unknown
INC000724,SITE012,2026-06-13,User Configuration,P3,Room Device,Dialing Issue,1.15,Resolved,Unknown
INC000725,SITE021,2026-06-27,UAT,P3,Soft Client,No Audio,1.01,Resolved,Configuration
INC000726,SITE025,2026-05-03,Registration,P3,Room Device,Provisioning Failure,1.32,In Progress,Configuration
INC000727,SITE029,2026-05-02,SIP,P3,Desk Phone,No Audio,1.29,Resolved,Device Issue
INC000728,SITE024,2026-05-11,Dial Plan,P4,Soft Client,No Audio,2.31,Resolved,QoS
INC000729,SITE018,2026-01-15,Dial Plan,P3,Soft Client,Dialing Issue,5.55,Resolved,Provisioning
INC000730,SITE026,2026-08-02,Device Configuration,P2,Room Device,Registration Failure,7.97,Resolved,Device Issue
INC000731,SITE014,2026-03-08,QoS,P3,Mobile,Registration Failure,5.11,In Progress,Configuration
INC000732,SITE024,2026-03-24,SIP,P4,Mobile,Device Configuration,1.9,In Progress,User Error
INC000733,SITE020,2026-02-17,Dial Plan,P2,Soft Client,Device Configuration,1.16,Resolved,Unknown
INC000734,SITE009,2026-02-07,SIP,P2,Desk Phone,No Audio,4.47,Open,Unknown
INC000735,SITE019,2026-04-07,Provisioning,P4,Mobile,Registration Failure,2.84,Closed,Provisioning
INC000736,SITE035,2026-05-18,Audio,P3,Desk Phone,Poor Call Quality,2.35,In Progress,QoS
INC000737,SITE020,2026-03-03,Registration,P3,Room Device,Device Configuration,6.41,Resolved,QoS
INC000738,SITE009,2026-07-22,Registration,P3,Desk Phone,Poor Call Quality,6.42,Resolved,Network
INC000739,SITE033,2026-06-18,Device Configuration,P4,Desk Phone,Provisioning Failure,1.24,In Progress,QoS
INC000740,SITE020,2026-06-17,Registration,P2,Room Device,Dialing Issue,1.15,Open,Device Issue
INC000741,SITE006,2026-01-19,Device Configuration,P3,Desk Phone,Registration Failure,5.55,Resolved,Provisioning
INC000742,SITE029,2026-07-26,Audio,P3,Room Device,No Audio,0.73,Open,Provisioning
INC000743,SITE005,2026-08-28,Registration,P2,Mobile,Dialing Issue,2.33,Closed,Unknown
INC000744,SITE024,2026-08-27,Call Quality,P4,Desk Phone,Provisioning Failure,3.54,Open,Device Issue
INC000745,SITE003,2026-06-23,Registration,P3,Mobile,Device Configuration,3.2,Resolved,QoS
INC000746,SITE010,2026-04-05,SIP,P3,Mobile,No Audio,11.84,Resolved,User Error
INC000747,SITE033,2026-05-01,Provisioning,P3,Desk Phone,No Audio,15.25,Resolved,Provisioning
INC000748,SITE024,2026-05-03,Registration,P3,Desk Phone,UAT Failure,1.39,Open,QoS
INC000749,SITE006,2026-01-16,SIP,P2,Soft Client,No Audio,4.89,Open,QoS
INC000750,SITE010,2026-06-20,User Configuration,P3,Soft Client,One-Way Audio,5.34,Resolved,Configuration
INC000751,SITE004,2026-06-06,Device Configuration,P4,Desk Phone,Device Configuration,6.02,Resolved,Device Issue
INC000752,SITE019,2026-02-06,QoS,P3,Mobile,Registration Failure,1.48,Resolved,Unknown
INC000753,SITE012,2026-04-28,Dial Plan,P3,Room Device,Dialing Issue,5.92,Resolved,User Error
INC000754,SITE003,2026-03-22,Codec,P1,Soft Client,Registration Failure,5.47,Resolved,Unknown
INC000755,SITE015,2026-08-20,Dial Plan,P3,Desk Phone,Device Configuration,3.61,Open,Device Issue
INC000756,SITE003,2026-01-24,Dial Plan,P3,Soft Client,One-Way Audio,9.64,Resolved,Unknown
INC000757,SITE013,2026-02-10,Registration,P3,Room Device,Device Configuration,6.93,In Progress,Configuration
INC000758,SITE015,2026-08-02,QoS,P3,Mobile,Poor Call Quality,4.82,Resolved,Device Issue
INC000759,SITE013,2026-05-09,User Configuration,P4,Desk Phone,No Audio,2.38,Resolved,Configuration
INC000760,SITE009,2026-01-07,Dial Plan,P2,Soft Client,One-Way Audio,5.11,Resolved,Unknown
INC000761,SITE004,2026-05-22,Codec,P3,Mobile,UAT Failure,2.14,Resolved,Provisioning
INC000762,SITE027,2026-02-16,Device Configuration,P4,Mobile,No Audio,0.9,Resolved,Provisioning
INC000763,SITE035,2026-04-09,Network,P3,Soft Client,No Audio,2.9,In Progress,Unknown
INC000764,SITE025,2026-03-14,UAT,P4,Mobile,Provisioning Failure,6.83,Closed,Network
INC000765,SITE019,2026-01-08,Call Quality,P4,Soft Client,Poor Call Quality,4.4,In Progress,Provisioning
INC000766,SITE010,2026-05-14,Call Quality,P3,Mobile,UAT Failure,2.72,Resolved,Unknown
INC000767,SITE035,2026-01-21,QoS,P2,Soft Client,No Audio,1.92,Closed,User Error
INC000768,SITE010,2026-02-18,SIP,P4,Soft Client,Dialing Issue,0.75,Resolved,Configuration
INC000769,SITE017,2026-08-15,Codec,P2,Room Device,One-Way Audio,6.28,Closed,Provisioning
INC000770,SITE022,2026-01-09,Audio,P3,Room Device,UAT Failure,5.56,Resolved,User Error
INC000771,SITE001,2026-05-02,Codec,P3,Room Device,UAT Failure,3.16,Resolved,QoS
INC000772,SITE015,2026-01-24,Audio,P2,Room Device,No Audio,10.46,Resolved,Network
INC000773,SITE009,2026-04-20,Dial Plan,P4,Soft Client,Device Configuration,8.49,Open,Network
INC000774,SITE024,2026-01-20,Dial Plan,P2,Soft Client,Poor Call Quality,7.7,Resolved,Configuration
INC000775,SITE023,2026-02-02,QoS,P3,Soft Client,Registration Failure,0.86,Resolved,Network
INC000776,SITE027,2026-04-07,UAT,P4,Desk Phone,Provisioning Failure,3.85,Resolved,Network
INC000777,SITE015,2026-04-17,UAT,P3,Room Device,Dialing Issue,3.42,Resolved,User Error
INC000778,SITE030,2026-04-02,Audio,P3,Room Device,UAT Failure,9.29,Resolved,Provisioning
INC000779,SITE029,2026-05-04,User Configuration,P3,Soft Client,Device Configuration,0.94,Resolved,Provisioning
INC000780,SITE005,2026-02-07,Call Quality,P3,Soft Client,Dialing Issue,5.73,Open,Network
INC000781,SITE029,2026-01-06,Network,P2,Mobile,One-Way Audio,3.13,In Progress,Unknown
INC000782,SITE023,2026-05-22,QoS,P4,Desk Phone,Dialing Issue,2.06,In Progress,Provisioning
INC000783,SITE009,2026-03-03,Call Quality,P3,Mobile,One-Way Audio,2.24,Resolved,Network
INC000784,SITE009,2026-05-14,Audio,P3,Mobile,Provisioning Failure,3.38,Resolved,User Error
INC000785,SITE009,2026-04-13,SIP,P3,Room Device,Registration Failure,4.07,Resolved,Provisioning
INC000786,SITE011,2026-08-07,Provisioning,P4,Mobile,Poor Call Quality,12.08,Resolved,User Error
INC000787,SITE022,2026-01-23,Registration,P2,Mobile,UAT Failure,4.24,Resolved,Device Issue
INC000788,SITE033,2026-05-12,SIP,P3,Room Device,Provisioning Failure,0.78,Resolved,Device Issue
INC000789,SITE004,2026-02-27,Codec,P4,Soft Client,Registration Failure,0.73,Open,Device Issue
INC000790,SITE020,2026-01-31,QoS,P3,Room Device,Dialing Issue,2.04,Closed,Configuration
INC000791,SITE001,2026-01-18,QoS,P4,Soft Client,One-Way Audio,3.52,Resolved,User Error
INC000792,SITE028,2026-02-21,UAT,P2,Room Device,Device Configuration,7.45,Resolved,Network
INC000793,SITE013,2026-04-05,QoS,P4,Desk Phone,Poor Call Quality,0.94,Resolved,User Error
INC000794,SITE009,2026-04-28,SIP,P2,Desk Phone,One-Way Audio,2.75,Resolved,QoS
INC000795,SITE022,2026-08-15,User Configuration,P3,Mobile,UAT Failure,4.48,Resolved,QoS
INC000796,SITE035,2026-04-18,Codec,P1,Desk Phone,No Audio,0.57,Resolved,Network
INC000797,SITE001,2026-07-17,QoS,P3,Desk Phone,Dialing Issue,3.24,Open,QoS
INC000798,SITE029,2026-01-23,QoS,P4,Desk Phone,Dialing Issue,4.74,Resolved,Device Issue
INC000799,SITE032,2026-08-29,Network,P4,Room Device,Provisioning Failure,7.81,Resolved,Provisioning
INC000800,SITE021,2026-06-28,Device Configuration,P3,Mobile,Dialing Issue,6.38,Closed,QoS
INC000801,SITE033,2026-06-25,UAT,P4,Soft Client,UAT Failure,1.76,Closed,Network
INC000802,SITE026,2026-03-21,QoS,P3,Desk Phone,One-Way Audio,3.5,In Progress,QoS
INC000803,SITE033,2026-03-03,Codec,P3,Room Device,Poor Call Quality,1.4,In Progress,Configuration
INC000804,SITE024,2026-06-24,Network,P2,Room Device,One-Way Audio,8.12,Resolved,Provisioning
INC000805,SITE016,2026-08-17,Dial Plan,P4,Desk Phone,Dialing Issue,4.24,Resolved,User Error
INC000806,SITE004,2026-05-03,User Configuration,P3,Soft Client,Provisioning Failure,10.64,Closed,Unknown
INC000807,SITE030,2026-02-10,Codec,P2,Room Device,One-Way Audio,3.97,Resolved,Network
INC000808,SITE034,2026-04-25,Dial Plan,P3,Room Device,No Audio,3.39,Resolved,Provisioning
INC000809,SITE015,2026-01-01,Network,P3,Room Device,Device Configuration,1.42,Resolved,User Error
INC000810,SITE007,2026-08-22,SIP,P3,Room Device,Device Configuration,1.86,Resolved,Unknown
INC000811,SITE030,2026-06-30,Network,P4,Desk Phone,UAT Failure,7.35,Resolved,User Error
INC000812,SITE003,2026-01-12,Network,P3,Mobile,No Audio,1.93,Resolved,Network
INC000813,SITE035,2026-03-26,Device Configuration,P4,Soft Client,Provisioning Failure,2.02,Resolved,Network
INC000814,SITE024,2026-03-07,User Configuration,P3,Desk Phone,One-Way Audio,2.98,Resolved,Device Issue
INC000815,SITE005,2026-02-05,User Configuration,P4,Desk Phone,Device Configuration,2.33,In Progress,Configuration
INC000816,SITE026,2026-06-08,Call Quality,P3,Desk Phone,Device Configuration,2.89,Closed,Provisioning
INC000817,SITE034,2026-03-03,Dial Plan,P3,Mobile,Dialing Issue,31.09,In Progress,Provisioning
INC000818,SITE029,2026-06-02,Codec,P2,Mobile,Provisioning Failure,5.15,Closed,Network
INC000819,SITE021,2026-02-21,Device Configuration,P3,Room Device,Device Configuration,3.39,Closed,Device Issue
INC000820,SITE018,2026-05-03,Audio,P3,Room Device,UAT Failure,13.18,Closed,Network
INC000821,SITE035,2026-06-23,Dial Plan,P3,Soft Client,One-Way Audio,5.6,Closed,QoS
INC000822,SITE032,2026-08-05,User Configuration,P1,Desk Phone,Dialing Issue,1.75,In Progress,Device Issue
INC000823,SITE017,2026-07-28,Call Quality,P2,Soft Client,Device Configuration,2.23,Resolved,Configuration
INC000824,SITE017,2026-03-23,Call Quality,P3,Room Device,Device Configuration,3.67,Resolved,Unknown
INC000825,SITE014,2026-05-29,SIP,P3,Room Device,Provisioning Failure,2.71,In Progress,Device Issue
INC000826,SITE004,2026-01-02,Audio,P3,Desk Phone,Device Configuration,3.33,In Progress,QoS
INC000827,SITE028,2026-06-09,User Configuration,P2,Room Device,Provisioning Failure,19.3,In Progress,Network
INC000828,SITE031,2026-06-10,User Configuration,P3,Soft Client,One-Way Audio,5.3,Closed,Configuration
INC000829,SITE021,2026-06-19,Device Configuration,P3,Mobile,Poor Call Quality,2.55,Open,Provisioning
INC000830,SITE012,2026-01-02,Audio,P3,Desk Phone,UAT Failure,2.04,In Progress,Device Issue
INC000831,SITE001,2026-08-01,Device Configuration,P2,Desk Phone,Provisioning Failure,5.15,Open,Configuration
INC000832,SITE007,2026-08-10,User Configuration,P3,Mobile,Provisioning Failure,6.68,Resolved,QoS
INC000833,SITE003,2026-08-06,Device Configuration,P3,Soft Client,No Audio,1.85,Open,Device Issue
INC000834,SITE002,2026-05-04,Registration,P1,Mobile,One-Way Audio,3.71,Resolved,Provisioning
INC000835,SITE028,2026-08-24,Registration,P4,Room Device,Poor Call Quality,2.34,In Progress,Configuration
INC000836,SITE009,2026-02-21,Provisioning,P3,Desk Phone,One-Way Audio,2.23,Resolved,Configuration
INC000837,SITE028,2026-01-08,Call Quality,P3,Mobile,UAT Failure,2.34,In Progress,Provisioning
INC000838,SITE026,2026-06-27,Registration,P3,Mobile,No Audio,4.51,Closed,Configuration
INC000839,SITE015,2026-06-05,Dial Plan,P3,Room Device,Device Configuration,5.6,Open,Provisioning
INC000840,SITE008,2026-08-01,Call Quality,P3,Room Device,UAT Failure,3.3,In Progress,Configuration
INC000841,SITE002,2026-04-28,Audio,P2,Mobile,Device Configuration,2.0,Closed,Network
INC000842,SITE016,2026-02-19,User Configuration,P3,Soft Client,Registration Failure,7.09,Resolved,Configuration
INC000843,SITE031,2026-05-09,Registration,P1,Room Device,Provisioning Failure,3.82,Resolved,Network
INC000844,SITE012,2026-01-02,QoS,P2,Mobile,Device Configuration,1.14,Resolved,Provisioning
INC000845,SITE012,2026-08-28,User Configuration,P4,Mobile,Registration Failure,3.29,In Progress,Provisioning
INC000846,SITE016,2026-07-19,Audio,P3,Desk Phone,Provisioning Failure,5.55,Resolved,User Error
INC000847,SITE016,2026-06-07,Provisioning,P2,Room Device,No Audio,1.27,Closed,Unknown
INC000848,SITE031,2026-03-23,Call Quality,P2,Room Device,No Audio,1.21,Resolved,Device Issue
INC000849,SITE022,2026-04-30,SIP,P3,Mobile,Registration Failure,5.21,Closed,QoS
INC000850,SITE015,2026-03-29,QoS,P2,Mobile,Provisioning Failure,1.58,Resolved,Provisioning
INC000851,SITE010,2026-07-08,Network,P3,Desk Phone,UAT Failure,5.27,Resolved,Network
INC000852,SITE030,2026-02-26,Device Configuration,P4,Soft Client,Device Configuration,3.71,Resolved,Network
INC000853,SITE003,2026-07-02,Device Configuration,P3,Room Device,Dialing Issue,4.91,Resolved,Network
INC000854,SITE030,2026-05-05,UAT,P4,Room Device,Dialing Issue,1.8,Resolved,QoS
INC000855,SITE002,2026-05-06,Codec,P2,Room Device,Dialing Issue,10.77,Open,Device Issue
INC000856,SITE005,2026-08-25,QoS,P2,Mobile,Registration Failure,4.36,Resolved,Device Issue
INC000857,SITE004,2026-03-17,Registration,P2,Mobile,Registration Failure,4.02,Resolved,Provisioning
INC000858,SITE029,2026-03-11,Registration,P4,Room Device,UAT Failure,5.1,Closed,Network
INC000859,SITE026,2026-06-22,QoS,P4,Desk Phone,Dialing Issue,10.5,Resolved,Device Issue
INC000860,SITE006,2026-05-20,Device Configuration,P1,Room Device,Poor Call Quality,18.79,Closed,Configuration
INC000861,SITE024,2026-01-02,Dial Plan,P2,Room Device,No Audio,4.73,Resolved,Unknown
INC000862,SITE024,2026-03-10,Call Quality,P3,Room Device,One-Way Audio,15.91,Resolved,QoS
INC000863,SITE033,2026-05-13,Call Quality,P3,Mobile,Device Configuration,2.1,Resolved,Device Issue
INC000864,SITE023,2026-01-07,Dial Plan,P3,Soft Client,One-Way Audio,17.1,Closed,User Error
INC000865,SITE002,2026-07-20,Registration,P3,Room Device,Poor Call Quality,0.5,Resolved,Provisioning
INC000866,SITE017,2026-07-14,Codec,P2,Room Device,No Audio,4.51,Resolved,Configuration
INC000867,SITE003,2026-08-13,UAT,P3,Room Device,Poor Call Quality,2.78,Resolved,Provisioning
INC000868,SITE019,2026-03-21,Network,P3,Room Device,No Audio,5.47,Resolved,QoS
INC000869,SITE002,2026-03-01,Device Configuration,P3,Mobile,UAT Failure,1.9,Resolved,Configuration
INC000870,SITE023,2026-08-27,Call Quality,P4,Desk Phone,Device Configuration,1.85,Resolved,Unknown
INC000871,SITE032,2026-08-20,User Configuration,P2,Room Device,Provisioning Failure,4.02,Resolved,Device Issue
INC000872,SITE017,2026-02-25,Provisioning,P4,Room Device,UAT Failure,2.44,Resolved,Provisioning
INC000873,SITE004,2026-07-28,UAT,P3,Soft Client,Poor Call Quality,4.9,In Progress,Unknown
INC000874,SITE019,2026-03-16,UAT,P3,Room Device,One-Way Audio,1.39,Resolved,Configuration
INC000875,SITE035,2026-02-08,Audio,P4,Soft Client,Device Configuration,4.1,Resolved,Provisioning
INC000876,SITE029,2026-03-29,Codec,P3,Desk Phone,Registration Failure,1.78,Resolved,Provisioning
INC000877,SITE002,2026-04-05,Codec,P4,Room Device,Device Configuration,1.54,Closed,Unknown
INC000878,SITE011,2026-07-02,User Configuration,P3,Desk Phone,Device Configuration,11.09,Open,Provisioning
INC000879,SITE020,2026-06-17,Codec,P3,Room Device,No Audio,1.6,Resolved,User Error
INC000880,SITE020,2026-08-03,Audio,P2,Desk Phone,UAT Failure,5.76,In Progress,Unknown
INC000881,SITE013,2026-01-22,User Configuration,P3,Room Device,Poor Call Quality,3.55,Open,Network
INC000882,SITE001,2026-08-05,Audio,P3,Mobile,One-Way Audio,3.49,In Progress,Configuration
INC000883,SITE010,2026-05-21,Registration,P4,Soft Client,No Audio,1.32,Resolved,Network
INC000884,SITE016,2026-07-05,Call Quality,P3,Room Device,Device Configuration,3.74,Resolved,Configuration
INC000885,SITE012,2026-02-05,Provisioning,P4,Soft Client,Poor Call Quality,1.85,In Progress,Configuration
INC000886,SITE005,2026-03-25,Dial Plan,P4,Room Device,Registration Failure,6.45,In Progress,Network
INC000887,SITE009,2026-07-02,Registration,P1,Soft Client,Poor Call Quality,1.52,Resolved,QoS
INC000888,SITE031,2026-04-28,SIP,P3,Desk Phone,UAT Failure,1.41,Resolved,Provisioning
INC000889,SITE027,2026-02-11,SIP,P4,Soft Client,Poor Call Quality,1.61,Open,Configuration
INC000890,SITE026,2026-01-03,Call Quality,P4,Desk Phone,Device Configuration,3.83,Closed,QoS
INC000891,SITE013,2026-05-26,Registration,P3,Soft Client,Device Configuration,3.55,Resolved,Configuration
INC000892,SITE020,2026-02-25,Call Quality,P3,Mobile,Device Configuration,3.29,In Progress,Provisioning
INC000893,SITE010,2026-05-17,Codec,P4,Mobile,Device Configuration,8.2,Resolved,Provisioning
INC000894,SITE002,2026-01-11,QoS,P3,Room Device,Dialing Issue,1.26,Resolved,QoS
INC000895,SITE008,2026-01-24,UAT,P3,Soft Client,Provisioning Failure,2.55,Resolved,QoS
INC000896,SITE008,2026-03-03,Network,P4,Desk Phone,Dialing Issue,0.94,Resolved,QoS
INC000897,SITE018,2026-03-15,Device Configuration,P4,Room Device,Registration Failure,2.81,Resolved,Device Issue
INC000898,SITE011,2026-05-27,Network,P3,Room Device,Provisioning Failure,2.45,In Progress,Unknown
INC000899,SITE012,2026-04-29,Network,P3,Room Device,Dialing Issue,5.96,Closed,Provisioning
INC000900,SITE033,2026-07-25,User Configuration,P2,Desk Phone,Provisioning Failure,9.4,Resolved,Configuration
INC000901,SITE001,2026-08-06,SIP,P2,Mobile,Poor Call Quality,3.98,Resolved,Device Issue
INC000902,SITE021,2026-03-07,SIP,P3,Room Device,UAT Failure,12.56,Resolved,QoS
INC000903,SITE031,2026-05-28,QoS,P4,Soft Client,Registration Failure,4.57,Closed,User Error
INC000904,SITE004,2026-06-10,Provisioning,P4,Room Device,No Audio,8.02,Open,QoS
INC000905,SITE011,2026-01-19,User Configuration,P4,Room Device,Device Configuration,5.52,Resolved,Unknown
INC000906,SITE002,2026-05-21,Dial Plan,P3,Desk Phone,UAT Failure,1.73,In Progress,QoS
INC000907,SITE019,2026-02-23,User Configuration,P4,Room Device,Device Configuration,2.99,Resolved,Configuration
INC000908,SITE028,2026-08-05,User Configuration,P4,Soft Client,Registration Failure,2.66,Resolved,Network
INC000909,SITE022,2026-06-08,Provisioning,P3,Soft Client,Registration Failure,5.03,Resolved,Unknown
INC000910,SITE025,2026-06-10,SIP,P3,Room Device,UAT Failure,3.2,In Progress,Network
INC000911,SITE029,2026-07-03,QoS,P3,Room Device,Poor Call Quality,4.93,Resolved,Network
INC000912,SITE001,2026-01-14,Call Quality,P2,Soft Client,No Audio,2.64,Resolved,Network
INC000913,SITE012,2026-07-26,Dial Plan,P2,Desk Phone,One-Way Audio,4.3,Open,QoS
INC000914,SITE019,2026-08-06,Dial Plan,P3,Mobile,No Audio,7.45,Closed,Unknown
INC000915,SITE031,2026-06-18,UAT,P2,Soft Client,Poor Call Quality,2.18,Resolved,Unknown
INC000916,SITE015,2026-01-27,Audio,P4,Room Device,Registration Failure,5.34,Resolved,Configuration
INC000917,SITE008,2026-01-27,Provisioning,P2,Soft Client,One-Way Audio,4.52,Resolved,User Error
INC000918,SITE020,2026-01-28,Dial Plan,P3,Room Device,Poor Call Quality,3.51,Resolved,Configuration
INC000919,SITE011,2026-02-11,Registration,P4,Room Device,Dialing Issue,15.09,Resolved,Unknown
INC000920,SITE028,2026-04-19,Codec,P3,Mobile,Dialing Issue,1.08,Closed,Network
INC000921,SITE029,2026-04-27,Call Quality,P2,Mobile,No Audio,8.84,Resolved,Network
INC000922,SITE006,2026-01-17,Call Quality,P3,Desk Phone,Dialing Issue,6.73,Resolved,Provisioning
INC000923,SITE004,2026-07-27,Dial Plan,P3,Desk Phone,Dialing Issue,1.55,In Progress,Provisioning
INC000924,SITE007,2026-07-28,UAT,P3,Desk Phone,UAT Failure,6.38,Resolved,QoS
INC000925,SITE007,2026-04-28,Device Configuration,P3,Room Device,One-Way Audio,4.64,Resolved,QoS
INC000926,SITE034,2026-03-31,Audio,P4,Desk Phone,Provisioning Failure,1.17,In Progress,Unknown
INC000927,SITE010,2026-08-30,Audio,P3,Desk Phone,UAT Failure,7.01,Resolved,User Error
INC000928,SITE011,2026-05-05,SIP,P3,Mobile,Registration Failure,0.8,Open,QoS
INC000929,SITE003,2026-08-21,Codec,P2,Mobile,Registration Failure,7.89,Resolved,QoS
INC000930,SITE005,2026-01-20,SIP,P3,Soft Client,One-Way Audio,3.57,Resolved,Unknown
INC000931,SITE022,2026-08-25,Device Configuration,P4,Room Device,Poor Call Quality,4.0,Resolved,Unknown
INC000932,SITE026,2026-06-16,Call Quality,P4,Soft Client,No Audio,3.24,In Progress,QoS
INC000933,SITE001,2026-08-28,Dial Plan,P4,Soft Client,Dialing Issue,5.31,Resolved,User Error
INC000934,SITE003,2026-05-27,Device Configuration,P1,Mobile,Device Configuration,8.46,Resolved,Configuration
INC000935,SITE009,2026-03-27,Network,P2,Room Device,Registration Failure,1.74,Resolved,QoS
INC000936,SITE030,2026-08-03,Registration,P2,Mobile,Device Configuration,2.69,Resolved,QoS
INC000937,SITE035,2026-07-23,Network,P4,Soft Client,Registration Failure,2.0,Closed,QoS
INC000938,SITE019,2026-04-16,Provisioning,P4,Desk Phone,Registration Failure,5.07,Resolved,Network
INC000939,SITE033,2026-02-10,Network,P3,Soft Client,Device Configuration,4.15,Resolved,QoS
INC000940,SITE019,2026-06-24,Dial Plan,P3,Room Device,Registration Failure,3.29,Resolved,QoS
INC000941,SITE007,2026-05-12,QoS,P2,Soft Client,UAT Failure,4.28,Closed,Unknown
INC000942,SITE025,2026-03-04,UAT,P4,Soft Client,No Audio,8.79,Resolved,Provisioning
INC000943,SITE006,2026-05-11,Call Quality,P3,Soft Client,No Audio,3.07,Resolved,Unknown
INC000944,SITE027,2026-07-24,User Configuration,P3,Mobile,Provisioning Failure,18.41,Resolved,Provisioning
INC000945,SITE012,2026-08-17,Network,P3,Mobile,One-Way Audio,5.76,Open,Unknown
INC000946,SITE019,2026-05-04,Provisioning,P3,Mobile,Dialing Issue,2.58,Resolved,Unknown
INC000947,SITE003,2026-01-30,Registration,P3,Mobile,No Audio,4.74,Resolved,Device Issue
INC000948,SITE007,2026-06-03,Audio,P3,Desk Phone,UAT Failure,1.76,In Progress,Device Issue
INC000949,SITE025,2026-05-27,Audio,P4,Desk Phone,Poor Call Quality,1.21,Resolved,Configuration
INC000950,SITE019,2026-05-16,Call Quality,P3,Mobile,Provisioning Failure,1.48,Open,Unknown
INC000951,SITE019,2026-05-06,Network,P3,Desk Phone,Registration Failure,4.09,Resolved,Unknown
INC000952,SITE028,2026-03-08,Provisioning,P4,Desk Phone,Device Configuration,6.34,Open,Unknown
INC000953,SITE017,2026-04-13,QoS,P3,Desk Phone,UAT Failure,2.62,Resolved,Unknown
INC000954,SITE018,2026-08-06,QoS,P3,Mobile,Poor Call Quality,11.28,Open,Device Issue
INC000955,SITE014,2026-05-24,Provisioning,P2,Desk Phone,No Audio,8.09,Resolved,Unknown
INC000956,SITE025,2026-07-04,UAT,P3,Soft Client,Provisioning Failure,3.01,Resolved,Unknown
INC000957,SITE029,2026-07-05,Provisioning,P4,Soft Client,No Audio,4.66,Closed,User Error
INC000958,SITE030,2026-05-06,QoS,P4,Room Device,Dialing Issue,3.37,In Progress,Provisioning
INC000959,SITE007,2026-04-06,QoS,P3,Mobile,Poor Call Quality,3.48,Resolved,Unknown
INC000960,SITE021,2026-05-05,Network,P3,Room Device,Provisioning Failure,6.09,Open,Device Issue
INC000961,SITE032,2026-05-13,Codec,P2,Mobile,Provisioning Failure,2.96,Resolved,Configuration
INC000962,SITE023,2026-08-09,Call Quality,P4,Room Device,One-Way Audio,2.71,Closed,Unknown
INC000963,SITE007,2026-02-28,UAT,P4,Mobile,Dialing Issue,3.38,Resolved,Provisioning
INC000964,SITE024,2026-08-04,Device Configuration,P3,Desk Phone,Poor Call Quality,1.43,Resolved,Device Issue
INC000965,SITE001,2026-06-29,UAT,P3,Desk Phone,Registration Failure,23.45,In Progress,Unknown
INC000966,SITE029,2026-07-30,Provisioning,P3,Desk Phone,Registration Failure,4.37,In Progress,Device Issue
INC000967,SITE020,2026-04-21,Device Configuration,P3,Mobile,One-Way Audio,3.77,Resolved,QoS
INC000968,SITE006,2026-01-16,Audio,P3,Soft Client,Registration Failure,6.76,In Progress,Unknown
INC000969,SITE011,2026-02-15,Provisioning,P4,Mobile,One-Way Audio,2.52,Resolved,Configuration
INC000970,SITE004,2026-07-17,Codec,P3,Desk Phone,Registration Failure,3.09,Resolved,Network
INC000971,SITE001,2026-05-31,Registration,P3,Soft Client,UAT Failure,1.8,In Progress,Device Issue
INC000972,SITE031,2026-08-15,Audio,P2,Desk Phone,No Audio,13.79,Open,QoS
INC000973,SITE031,2026-02-01,Audio,P3,Soft Client,Device Configuration,4.13,Resolved,Device Issue
INC000974,SITE019,2026-05-08,Network,P3,Desk Phone,Registration Failure,1.62,Resolved,Network
INC000975,SITE035,2026-07-26,Network,P2,Soft Client,Registration Failure,2.15,Resolved,Device Issue
INC000976,SITE031,2026-08-19,SIP,P4,Soft Client,Poor Call Quality,1.17,Closed,QoS
INC000977,SITE021,2026-01-22,SIP,P3,Mobile,One-Way Audio,3.85,In Progress,User Error
INC000978,SITE021,2026-08-03,User Configuration,P3,Mobile,Poor Call Quality,1.6,Open,Provisioning
INC000979,SITE014,2026-04-25,Provisioning,P3,Desk Phone,Provisioning Failure,3.41,Resolved,Unknown
INC000980,SITE011,2026-05-21,User Configuration,P1,Desk Phone,One-Way Audio,1.62,Resolved,QoS
INC000981,SITE018,2026-03-11,Audio,P4,Soft Client,No Audio,2.07,Open,Device Issue
INC000982,SITE012,2026-07-16,Audio,P3,Room Device,Provisioning Failure,3.44,In Progress,Device Issue
INC000983,SITE029,2026-02-09,Call Quality,P1,Soft Client,One-Way Audio,3.2,Resolved,Unknown
INC000984,SITE012,2026-02-05,Device Configuration,P3,Mobile,No Audio,6.45,Closed,Device Issue
INC000985,SITE011,2026-03-13,User Configuration,P3,Desk Phone,Device Configuration,0.48,Resolved,User Error
INC000986,SITE032,2026-08-27,Registration,P2,Mobile,UAT Failure,3.32,Resolved,Network
INC000987,SITE022,2026-02-18,Network,P2,Mobile,Dialing Issue,6.71,In Progress,Provisioning
INC000988,SITE031,2026-08-01,UAT,P2,Soft Client,UAT Failure,7.33,Resolved,Network
INC000989,SITE023,2026-05-29,QoS,P3,Mobile,Registration Failure,3.84,Closed,Device Issue
INC000990,SITE026,2026-01-28,User Configuration,P3,Room Device,Registration Failure,3.97,Closed,Device Issue
INC000991,SITE019,2026-05-03,SIP,P3,Soft Client,Registration Failure,4.96,Resolved,Configuration
INC000992,SITE002,2026-02-11,Dial Plan,P4,Mobile,One-Way Audio,1.51,Resolved,Configuration
INC000993,SITE019,2026-08-22,Codec,P4,Mobile,One-Way Audio,5.68,Resolved,Device Issue
INC000994,SITE009,2026-07-23,Call Quality,P4,Soft Client,Device Configuration,10.75,Open,User Error
INC000995,SITE005,2026-05-30,SIP,P2,Soft Client,Device Configuration,3.17,Resolved,Network
INC000996,SITE026,2026-05-04,Dial Plan,P2,Room Device,One-Way Audio,7.64,Resolved,Network
INC000997,SITE005,2026-03-28,SIP,P4,Desk Phone,Dialing Issue,4.42,Resolved,Device Issue
INC000998,SITE022,2026-07-04,User Configuration,P3,Mobile,Poor Call Quality,6.96,Resolved,User Error
INC000999,SITE028,2026-05-20,Audio,P3,Soft Client,Registration Failure,3.24,Resolved,Provisioning
INC001000,SITE029,2026-03-11,Call Quality,P3,Mobile,Provisioning Failure,5.59,Resolved,Unknown
INC001001,SITE013,2026-01-03,Codec,P3,Mobile,No Audio,2.26,Resolved,Device Issue
INC001002,SITE008,2026-01-05,Codec,P3,Desk Phone,Dialing Issue,10.2,Resolved,Configuration
INC001003,SITE001,2026-05-10,Provisioning,P4,Mobile,One-Way Audio,2.48,In Progress,Device Issue
INC001004,SITE015,2026-08-21,Network,P4,Soft Client,UAT Failure,1.44,Closed,Configuration
INC001005,SITE031,2026-02-02,Network,P3,Desk Phone,Registration Failure,7.58,Closed,Unknown
INC001006,SITE016,2026-06-11,QoS,P3,Mobile,Registration Failure,15.28,Resolved,Configuration
INC001007,SITE002,2026-01-28,Codec,P4,Soft Client,One-Way Audio,1.6,Resolved,Device Issue
INC001008,SITE016,2026-07-05,Codec,P4,Mobile,Registration Failure,3.41,Resolved,Unknown
INC001009,SITE007,2026-08-27,Provisioning,P3,Desk Phone,No Audio,4.51,Closed,User Error
INC001010,SITE029,2026-06-11,Audio,P3,Mobile,Provisioning Failure,3.01,Resolved,Device Issue
INC001011,SITE004,2026-08-24,Registration,P4,Room Device,No Audio,1.65,Resolved,User Error
INC001012,SITE006,2026-06-05,Registration,P3,Desk Phone,Dialing Issue,1.14,In Progress,Unknown
INC001013,SITE033,2026-08-23,Device Configuration,P1,Soft Client,UAT Failure,7.13,Resolved,User Error
INC001014,SITE018,2026-04-10,UAT,P3,Desk Phone,No Audio,1.08,Resolved,Device Issue
INC001015,SITE012,2026-08-13,Call Quality,P3,Soft Client,Registration Failure,2.56,Resolved,Unknown
INC001016,SITE007,2026-03-23,Device Configuration,P3,Mobile,Registration Failure,4.96,Resolved,QoS
INC001017,SITE019,2026-04-12,UAT,P3,Room Device,Poor Call Quality,1.03,Resolved,User Error
INC001018,SITE011,2026-07-20,Network,P3,Room Device,Dialing Issue,3.35,Resolved,User Error
INC001019,SITE030,2026-08-28,Codec,P3,Soft Client,Device Configuration,4.35,Closed,Unknown
INC001020,SITE023,2026-01-12,Provisioning,P3,Room Device,One-Way Audio,3.56,Open,Device Issue
INC001021,SITE028,2026-08-06,Device Configuration,P3,Desk Phone,Dialing Issue,2.54,In Progress,Provisioning
INC001022,SITE025,2026-07-29,UAT,P2,Room Device,UAT Failure,3.82,Resolved,Configuration
INC001023,SITE015,2026-03-06,Device Configuration,P3,Room Device,No Audio,2.46,Resolved,Device Issue
INC001024,SITE031,2026-04-06,Dial Plan,P3,Desk Phone,Dialing Issue,2.66,Resolved,User Error
INC001025,SITE020,2026-03-16,Provisioning,P3,Mobile,Provisioning Failure,0.45,Resolved,Network
INC001026,SITE002,2026-07-09,Network,P4,Mobile,Device Configuration,2.96,Resolved,Configuration
INC001027,SITE033,2026-08-15,Codec,P4,Soft Client,One-Way Audio,1.42,Resolved,Configuration
INC001028,SITE005,2026-01-17,User Configuration,P2,Mobile,UAT Failure,4.25,Resolved,Provisioning
INC001029,SITE032,2026-01-09,User Configuration,P3,Desk Phone,UAT Failure,11.62,Closed,QoS
INC001030,SITE012,2026-02-28,Call Quality,P2,Soft Client,Device Configuration,3.72,Resolved,Device Issue
INC001031,SITE017,2026-02-24,Provisioning,P3,Room Device,Poor Call Quality,2.94,Resolved,QoS
INC001032,SITE010,2026-04-10,Codec,P3,Room Device,UAT Failure,4.18,Closed,Network
INC001033,SITE031,2026-01-17,Device Configuration,P3,Desk Phone,No Audio,1.78,Resolved,Network
INC001034,SITE012,2026-07-05,Codec,P3,Room Device,UAT Failure,17.43,Resolved,Provisioning
INC001035,SITE005,2026-01-29,Codec,P4,Mobile,Provisioning Failure,0.99,Resolved,User Error
INC001036,SITE025,2026-03-22,Call Quality,P3,Desk Phone,Provisioning Failure,0.83,Resolved,Provisioning
INC001037,SITE006,2026-05-05,Codec,P2,Soft Client,Device Configuration,4.81,Resolved,Device Issue
INC001038,SITE004,2026-04-15,Network,P3,Mobile,Registration Failure,4.99,Resolved,QoS
INC001039,SITE031,2026-07-21,Codec,P2,Desk Phone,No Audio,0.8,Resolved,Device Issue
INC001040,SITE003,2026-08-16,UAT,P3,Room Device,UAT Failure,3.14,Closed,Configuration
INC001041,SITE018,2026-06-06,Network,P4,Room Device,Registration Failure,6.92,Open,Configuration
INC001042,SITE019,2026-02-06,User Configuration,P4,Room Device,Provisioning Failure,1.98,Resolved,Network
INC001043,SITE023,2026-03-23,User Configuration,P3,Desk Phone,Device Configuration,0.96,Open,Unknown
INC001044,SITE002,2026-08-10,QoS,P2,Soft Client,Poor Call Quality,2.5,Resolved,QoS
INC001045,SITE004,2026-04-09,Call Quality,P3,Mobile,Dialing Issue,1.0,Resolved,User Error
INC001046,SITE014,2026-05-01,Registration,P3,Mobile,Dialing Issue,2.27,Closed,Network
INC001047,SITE027,2026-04-17,Codec,P4,Desk Phone,Device Configuration,4.25,Closed,Unknown
INC001048,SITE009,2026-02-25,User Configuration,P4,Mobile,No Audio,3.79,Resolved,Network
INC001049,SITE019,2026-01-02,Codec,P3,Mobile,Registration Failure,1.09,Resolved,Unknown
INC001050,SITE019,2026-07-24,QoS,P3,Mobile,Poor Call Quality,1.91,In Progress,User Error
INC001051,SITE001,2026-07-17,QoS,P3,Desk Phone,UAT Failure,1.27,Resolved,QoS
INC001052,SITE027,2026-08-15,Dial Plan,P4,Mobile,No Audio,4.24,Resolved,Device Issue
INC001053,SITE026,2026-06-17,Device Configuration,P3,Desk Phone,Device Configuration,6.44,Resolved,Provisioning
INC001054,SITE007,2026-01-14,Device Configuration,P3,Mobile,No Audio,6.18,Resolved,User Error
INC001055,SITE013,2026-04-08,UAT,P3,Room Device,UAT Failure,1.74,Resolved,Unknown
INC001056,SITE006,2026-05-04,QoS,P2,Desk Phone,Dialing Issue,1.63,Resolved,QoS
INC001057,SITE002,2026-02-15,Codec,P3,Room Device,Device Configuration,9.23,In Progress,QoS
INC001058,SITE019,2026-05-18,QoS,P2,Room Device,Dialing Issue,0.78,Open,Configuration
INC001059,SITE013,2026-05-23,SIP,P4,Desk Phone,UAT Failure,2.37,Resolved,Configuration
INC001060,SITE035,2026-08-06,Network,P3,Room Device,Provisioning Failure,6.03,Resolved,Device Issue
INC001061,SITE012,2026-06-04,Call Quality,P3,Mobile,Registration Failure,2.02,In Progress,Network
INC001062,SITE030,2026-03-24,Call Quality,P2,Desk Phone,One-Way Audio,8.26,Closed,Network
INC001063,SITE001,2026-02-16,Provisioning,P4,Mobile,One-Way Audio,1.95,Resolved,Configuration
INC001064,SITE013,2026-04-29,Provisioning,P4,Room Device,No Audio,7.97,Resolved,Configuration
INC001065,SITE012,2026-06-07,Dial Plan,P1,Soft Client,Registration Failure,10.24,Resolved,Provisioning
INC001066,SITE022,2026-07-27,Call Quality,P3,Desk Phone,Registration Failure,4.24,Resolved,Network
INC001067,SITE001,2026-05-21,Call Quality,P3,Soft Client,Poor Call Quality,1.34,Closed,Configuration
INC001068,SITE021,2026-03-24,Audio,P2,Mobile,Poor Call Quality,1.37,Closed,Device Issue
INC001069,SITE025,2026-05-05,Registration,P4,Desk Phone,One-Way Audio,2.8,Resolved,Unknown
INC001070,SITE017,2026-02-12,UAT,P2,Soft Client,UAT Failure,2.92,In Progress,QoS
INC001071,SITE008,2026-06-26,Device Configuration,P3,Desk Phone,Poor Call Quality,1.47,In Progress,User Error
INC001072,SITE031,2026-05-20,QoS,P3,Mobile,One-Way Audio,8.07,Resolved,Configuration
INC001073,SITE016,2026-05-06,Dial Plan,P3,Room Device,One-Way Audio,3.74,In Progress,Provisioning
INC001074,SITE001,2026-02-20,Codec,P3,Mobile,One-Way Audio,3.82,Resolved,Unknown
INC001075,SITE015,2026-04-12,Device Configuration,P3,Desk Phone,Device Configuration,2.94,In Progress,Network
INC001076,SITE009,2026-04-23,Dial Plan,P4,Mobile,One-Way Audio,5.71,Closed,Device Issue
INC001077,SITE003,2026-07-19,User Configuration,P4,Soft Client,Provisioning Failure,1.8,Resolved,User Error
INC001078,SITE012,2026-02-12,User Configuration,P3,Soft Client,UAT Failure,14.63,In Progress,Provisioning
INC001079,SITE007,2026-04-29,Provisioning,P3,Desk Phone,One-Way Audio,1.38,Resolved,Unknown
INC001080,SITE033,2026-08-11,Dial Plan,P4,Room Device,Provisioning Failure,3.76,Resolved,Device Issue
INC001081,SITE026,2026-03-26,Provisioning,P4,Room Device,No Audio,5.88,In Progress,Device Issue
INC001082,SITE028,2026-02-14,Call Quality,P4,Desk Phone,Device Configuration,5.7,Open,Configuration
INC001083,SITE024,2026-04-16,Network,P3,Desk Phone,One-Way Audio,8.53,Resolved,QoS
INC001084,SITE032,2026-05-10,Provisioning,P3,Room Device,Provisioning Failure,3.59,Resolved,Device Issue
INC001085,SITE016,2026-06-17,QoS,P3,Mobile,Poor Call Quality,5.72,In Progress,QoS
INC001086,SITE005,2026-05-23,Dial Plan,P3,Soft Client,Dialing Issue,6.98,Resolved,Device Issue
INC001087,SITE033,2026-01-27,Dial Plan,P3,Soft Client,Registration Failure,5.17,Resolved,Network
INC001088,SITE019,2026-03-04,Device Configuration,P1,Desk Phone,Device Configuration,1.56,Resolved,QoS
INC001089,SITE025,2026-03-23,Codec,P3,Room Device,One-Way Audio,2.91,Resolved,Provisioning
INC001090,SITE014,2026-01-29,Network,P3,Soft Client,Provisioning Failure,11.34,Resolved,Provisioning
INC001091,SITE002,2026-06-30,Call Quality,P4,Desk Phone,Provisioning Failure,4.94,Resolved,Configuration
INC001092,SITE020,2026-06-03,QoS,P3,Soft Client,Device Configuration,1.27,Resolved,Unknown
INC001093,SITE014,2026-03-10,Registration,P3,Soft Client,Registration Failure,4.53,Open,Device Issue
INC001094,SITE003,2026-07-02,Audio,P3,Desk Phone,No Audio,5.97,Resolved,Device Issue
INC001095,SITE020,2026-05-08,QoS,P3,Room Device,UAT Failure,4.69,Closed,Provisioning
INC001096,SITE031,2026-07-22,SIP,P2,Mobile,UAT Failure,6.85,Resolved,Configuration
INC001097,SITE015,2026-08-14,Dial Plan,P3,Desk Phone,Provisioning Failure,2.19,Resolved,Device Issue
INC001098,SITE019,2026-02-04,Network,P4,Soft Client,Dialing Issue,1.4,Resolved,Network
INC001099,SITE023,2026-03-21,Provisioning,P3,Room Device,Provisioning Failure,2.16,Closed,Network
INC001100,SITE021,2026-03-09,Registration,P4,Soft Client,Device Configuration,3.63,Open,Unknown
INC001101,SITE008,2026-06-26,Registration,P4,Mobile,Dialing Issue,3.64,Closed,Configuration
INC001102,SITE003,2026-03-04,Registration,P4,Soft Client,Poor Call Quality,3.06,Resolved,Network
INC001103,SITE003,2026-02-18,Call Quality,P4,Room Device,UAT Failure,23.28,Resolved,Configuration
INC001104,SITE019,2026-03-14,Dial Plan,P4,Mobile,UAT Failure,1.26,In Progress,Unknown
INC001105,SITE021,2026-05-20,Codec,P3,Desk Phone,Poor Call Quality,7.25,In Progress,Configuration
INC001106,SITE018,2026-04-02,Provisioning,P3,Soft Client,Poor Call Quality,3.6,Resolved,Device Issue
INC001107,SITE018,2026-07-08,Call Quality,P3,Mobile,UAT Failure,3.78,Open,Network
INC001108,SITE014,2026-02-16,Audio,P4,Mobile,No Audio,5.08,Resolved,Unknown
INC001109,SITE016,2026-04-25,UAT,P4,Mobile,No Audio,5.11,Resolved,Device Issue
INC001110,SITE020,2026-03-03,User Configuration,P3,Desk Phone,UAT Failure,3.83,Resolved,Unknown
INC001111,SITE023,2026-04-18,Audio,P4,Soft Client,Device Configuration,7.91,Open,Unknown
INC001112,SITE020,2026-07-06,Registration,P3,Soft Client,Poor Call Quality,1.63,Closed,Unknown
INC001113,SITE021,2026-06-05,Registration,P3,Desk Phone,Device Configuration,1.27,In Progress,User Error
INC001114,SITE024,2026-06-30,Call Quality,P2,Mobile,Device Configuration,9.03,Resolved,Device Issue
INC001115,SITE006,2026-05-02,Audio,P3,Mobile,UAT Failure,2.4,In Progress,QoS
INC001116,SITE004,2026-02-22,Registration,P3,Room Device,Dialing Issue,6.36,In Progress,Configuration
INC001117,SITE032,2026-03-15,Registration,P3,Desk Phone,Poor Call Quality,3.01,Resolved,User Error
INC001118,SITE022,2026-05-22,Device Configuration,P3,Soft Client,Provisioning Failure,5.43,Open,Provisioning
INC001119,SITE029,2026-06-24,SIP,P2,Desk Phone,Registration Failure,3.96,Resolved,Provisioning
INC001120,SITE012,2026-04-03,Dial Plan,P3,Soft Client,Device Configuration,6.92,Resolved,User Error
INC001121,SITE013,2026-07-06,QoS,P3,Soft Client,One-Way Audio,2.39,Resolved,Device Issue
INC001122,SITE013,2026-03-08,QoS,P4,Soft Client,Registration Failure,2.41,Resolved,Device Issue
INC001123,SITE006,2026-08-17,Codec,P4,Room Device,Registration Failure,0.35,Open,User Error
INC001124,SITE003,2026-01-25,Call Quality,P3,Soft Client,Registration Failure,1.9,In Progress,Device Issue
INC001125,SITE010,2026-05-14,Provisioning,P2,Room Device,Registration Failure,8.54,In Progress,User Error
INC001126,SITE010,2026-03-25,UAT,P4,Desk Phone,Dialing Issue,0.41,Closed,Configuration
INC001127,SITE016,2026-08-31,Network,P2,Mobile,One-Way Audio,1.03,Resolved,Provisioning
INC001128,SITE014,2026-07-25,QoS,P2,Room Device,Registration Failure,9.1,Resolved,Configuration
INC001129,SITE027,2026-06-22,Network,P4,Soft Client,Dialing Issue,11.62,Open,QoS
INC001130,SITE012,2026-07-20,Audio,P3,Desk Phone,UAT Failure,2.6,Resolved,Provisioning
INC001131,SITE008,2026-06-20,User Configuration,P2,Room Device,No Audio,2.27,Resolved,QoS
INC001132,SITE005,2026-01-26,Network,P3,Room Device,Registration Failure,5.59,In Progress,QoS
INC001133,SITE028,2026-02-28,Codec,P3,Room Device,Dialing Issue,8.41,Closed,Provisioning
INC001134,SITE003,2026-07-23,Network,P2,Room Device,Provisioning Failure,2.81,Resolved,Provisioning
INC001135,SITE023,2026-06-02,Network,P2,Room Device,Device Configuration,1.02,Resolved,Unknown
INC001136,SITE018,2026-03-28,SIP,P3,Mobile,No Audio,3.84,Resolved,Provisioning
INC001137,SITE030,2026-08-01,QoS,P3,Room Device,Poor Call Quality,2.47,Closed,Provisioning
INC001138,SITE029,2026-07-22,SIP,P3,Room Device,One-Way Audio,15.53,Resolved,Configuration
INC001139,SITE019,2026-01-02,Codec,P4,Mobile,No Audio,2.21,Open,Provisioning
INC001140,SITE030,2026-04-05,Registration,P2,Soft Client,No Audio,1.6,Resolved,Unknown
INC001141,SITE032,2026-08-20,Call Quality,P3,Room Device,No Audio,4.62,Resolved,Configuration
INC001142,SITE025,2026-08-29,SIP,P3,Soft Client,Provisioning Failure,2.19,Resolved,Provisioning
INC001143,SITE033,2026-01-29,Provisioning,P2,Desk Phone,Provisioning Failure,6.28,Resolved,Configuration
INC001144,SITE015,2026-07-06,UAT,P3,Room Device,UAT Failure,5.21,In Progress,Provisioning
INC001145,SITE032,2026-02-09,User Configuration,P3,Desk Phone,Poor Call Quality,2.44,Resolved,QoS
INC001146,SITE034,2026-05-28,Device Configuration,P3,Room Device,Provisioning Failure,5.39,Resolved,Provisioning
INC001147,SITE009,2026-07-23,Network,P4,Soft Client,No Audio,7.93,Resolved,Configuration
INC001148,SITE018,2026-02-21,User Configuration,P3,Room Device,Dialing Issue,5.05,Resolved,Provisioning
INC001149,SITE028,2026-04-25,Call Quality,P3,Soft Client,Device Configuration,5.51,Resolved,Provisioning
INC001150,SITE024,2026-03-21,Call Quality,P3,Room Device,Provisioning Failure,3.99,In Progress,QoS
INC001151,SITE035,2026-06-11,Device Configuration,P2,Desk Phone,UAT Failure,1.83,Resolved,Network
INC001152,SITE027,2026-08-16,Call Quality,P3,Desk Phone,Provisioning Failure,5.53,Resolved,Device Issue
INC001153,SITE024,2026-08-22,Codec,P4,Mobile,Device Configuration,7.75,Resolved,Unknown
INC001154,SITE033,2026-05-22,Registration,P2,Mobile,Dialing Issue,2.86,Closed,QoS
INC001155,SITE024,2026-05-03,Call Quality,P3,Desk Phone,Device Configuration,1.97,Resolved,Unknown
INC001156,SITE027,2026-04-16,Registration,P3,Desk Phone,Dialing Issue,3.74,In Progress,Network
INC001157,SITE033,2026-02-20,SIP,P4,Soft Client,Poor Call Quality,6.82,Resolved,User Error
INC001158,SITE002,2026-05-03,UAT,P3,Room Device,Registration Failure,5.62,In Progress,Network
INC001159,SITE029,2026-05-14,SIP,P3,Soft Client,Poor Call Quality,3.32,In Progress,Provisioning
INC001160,SITE019,2026-08-31,QoS,P3,Mobile,UAT Failure,5.49,In Progress,Provisioning
INC001161,SITE029,2026-07-11,Device Configuration,P4,Soft Client,Poor Call Quality,2.46,Open,User Error
INC001162,SITE025,2026-06-08,Provisioning,P4,Room Device,One-Way Audio,2.35,Closed,Configuration
INC001163,SITE015,2026-07-11,User Configuration,P3,Soft Client,Device Configuration,6.25,Open,Unknown
INC001164,SITE021,2026-03-04,Audio,P3,Room Device,No Audio,2.28,In Progress,Device Issue
INC001165,SITE004,2026-05-15,Call Quality,P3,Desk Phone,Registration Failure,1.03,Resolved,Device Issue
INC001166,SITE007,2026-03-18,Call Quality,P3,Soft Client,UAT Failure,2.74,Resolved,QoS
INC001167,SITE009,2026-08-11,Dial Plan,P3,Room Device,Registration Failure,1.51,Closed,Unknown
INC001168,SITE014,2026-04-26,UAT,P4,Soft Client,Dialing Issue,23.09,Resolved,User Error
INC001169,SITE032,2026-07-27,SIP,P3,Mobile,Device Configuration,1.36,In Progress,User Error
INC001170,SITE027,2026-08-11,Dial Plan,P4,Desk Phone,Provisioning Failure,1.99,Closed,Device Issue
INC001171,SITE024,2026-05-11,SIP,P3,Mobile,UAT Failure,3.26,Resolved,QoS
INC001172,SITE030,2026-04-10,Network,P3,Desk Phone,No Audio,6.99,Open,Provisioning
INC001173,SITE020,2026-04-09,Network,P4,Soft Client,Device Configuration,12.69,Resolved,User Error
INC001174,SITE023,2026-06-03,Call Quality,P2,Mobile,No Audio,1.24,In Progress,User Error
INC001175,SITE010,2026-06-28,User Configuration,P2,Desk Phone,No Audio,4.85,Resolved,User Error
INC001176,SITE020,2026-07-20,QoS,P3,Desk Phone,No Audio,3.9,Resolved,Unknown
INC001177,SITE008,2026-04-29,Provisioning,P3,Desk Phone,UAT Failure,1.51,Resolved,Provisioning
INC001178,SITE002,2026-03-12,Audio,P3,Room Device,UAT Failure,3.26,Resolved,User Error
INC001179,SITE017,2026-04-01,Audio,P3,Soft Client,One-Way Audio,2.01,Resolved,Device Issue
INC001180,SITE019,2026-06-30,Network,P3,Soft Client,Dialing Issue,7.59,In Progress,QoS
INC001181,SITE031,2026-05-13,Dial Plan,P3,Soft Client,Dialing Issue,6.41,Resolved,Device Issue
INC001182,SITE008,2026-05-12,SIP,P1,Desk Phone,UAT Failure,3.9,Open,Network
INC001183,SITE008,2026-07-01,Dial Plan,P3,Desk Phone,UAT Failure,1.4,Resolved,Network
INC001184,SITE021,2026-06-24,SIP,P4,Soft Client,Device Configuration,5.54,Closed,Unknown
INC001185,SITE002,2026-04-06,Dial Plan,P3,Room Device,UAT Failure,1.24,Resolved,User Error
INC001186,SITE001,2026-01-02,Provisioning,P3,Room Device,One-Way Audio,1.67,Closed,Configuration
INC001187,SITE035,2026-08-02,Device Configuration,P3,Soft Client,One-Way Audio,6.59,In Progress,Network
INC001188,SITE035,2026-03-02,Codec,P3,Mobile,No Audio,12.41,Resolved,Provisioning
INC001189,SITE020,2026-02-09,UAT,P3,Soft Client,Device Configuration,3.38,Resolved,Provisioning
INC001190,SITE025,2026-03-27,User Configuration,P4,Desk Phone,Dialing Issue,9.65,In Progress,Configuration
INC001191,SITE027,2026-06-22,User Configuration,P3,Soft Client,Dialing Issue,10.33,Resolved,Provisioning
INC001192,SITE031,2026-08-27,Registration,P3,Soft Client,Dialing Issue,14.39,Resolved,Configuration
INC001193,SITE035,2026-08-05,User Configuration,P4,Desk Phone,Device Configuration,3.77,Resolved,QoS
INC001194,SITE015,2026-06-05,Audio,P2,Room Device,No Audio,4.58,Closed,User Error
INC001195,SITE015,2026-06-21,Codec,P3,Desk Phone,No Audio,3.67,Resolved,Unknown
INC001196,SITE012,2026-01-17,Network,P3,Room Device,One-Way Audio,4.43,Resolved,Configuration
INC001197,SITE032,2026-03-16,UAT,P3,Mobile,UAT Failure,4.94,Resolved,Network
INC001198,SITE014,2026-03-14,Network,P3,Soft Client,Provisioning Failure,6.33,Closed,QoS
INC001199,SITE021,2026-01-17,Registration,P4,Soft Client,Registration Failure,1.95,In Progress,Provisioning
INC001200,SITE008,2026-01-10,SIP,P3,Room Device,Provisioning Failure,7.84,Resolved,QoS
INC001201,SITE029,2026-08-03,Device Configuration,P4,Soft Client,Poor Call Quality,4.43,In Progress,Device Issue
INC001202,SITE023,2026-03-28,Provisioning,P3,Mobile,Device Configuration,1.5,Closed,Unknown
INC001203,SITE023,2026-01-05,Audio,P3,Soft Client,Poor Call Quality,2.63,Closed,Device Issue
INC001204,SITE022,2026-06-14,Call Quality,P3,Soft Client,No Audio,1.01,Closed,Provisioning
INC001205,SITE016,2026-02-16,Audio,P3,Mobile,No Audio,2.48,Resolved,QoS
INC001206,SITE001,2026-03-20,Codec,P2,Desk Phone,Dialing Issue,2.35,Resolved,QoS
INC001207,SITE029,2026-02-24,Dial Plan,P3,Soft Client,One-Way Audio,8.2,Resolved,Configuration
INC001208,SITE024,2026-01-28,QoS,P2,Mobile,One-Way Audio,3.32,Resolved,Configuration
INC001209,SITE009,2026-07-10,Provisioning,P2,Soft Client,Registration Failure,2.22,Closed,Network
INC001210,SITE025,2026-03-08,Codec,P4,Desk Phone,UAT Failure,2.95,Resolved,Unknown
INC001211,SITE024,2026-03-10,Call Quality,P3,Room Device,Dialing Issue,7.67,Resolved,Unknown
INC001212,SITE033,2026-05-28,Call Quality,P3,Room Device,One-Way Audio,1.19,Resolved,Network
INC001213,SITE030,2026-04-01,Call Quality,P4,Soft Client,Provisioning Failure,1.69,Resolved,Unknown
INC001214,SITE029,2026-08-09,QoS,P3,Desk Phone,No Audio,2.03,Resolved,User Error
INC001215,SITE025,2026-01-19,Network,P4,Desk Phone,Device Configuration,2.83,In Progress,Network
INC001216,SITE031,2026-08-21,UAT,P1,Mobile,Registration Failure,8.65,Resolved,User Error
INC001217,SITE001,2026-05-09,Provisioning,P2,Soft Client,Dialing Issue,5.7,Resolved,User Error
INC001218,SITE024,2026-08-06,Device Configuration,P3,Desk Phone,Poor Call Quality,3.6,Closed,User Error
INC001219,SITE031,2026-03-19,User Configuration,P3,Soft Client,One-Way Audio,1.2,In Progress,Provisioning
INC001220,SITE019,2026-07-15,Dial Plan,P4,Mobile,UAT Failure,5.42,In Progress,QoS
INC001221,SITE018,2026-06-05,Dial Plan,P2,Soft Client,Provisioning Failure,10.48,In Progress,Configuration
INC001222,SITE025,2026-04-18,Audio,P3,Mobile,UAT Failure,9.81,In Progress,Configuration
INC001223,SITE022,2026-01-22,Provisioning,P3,Desk Phone,UAT Failure,5.1,Resolved,Provisioning
INC001224,SITE001,2026-05-30,User Configuration,P3,Desk Phone,Registration Failure,4.17,In Progress,QoS
INC001225,SITE034,2026-08-07,Provisioning,P3,Desk Phone,Device Configuration,2.86,Resolved,QoS
INC001226,SITE012,2026-06-10,Dial Plan,P4,Room Device,No Audio,1.35,In Progress,Provisioning
INC001227,SITE012,2026-02-23,Device Configuration,P3,Soft Client,Device Configuration,3.16,Resolved,Device Issue
INC001228,SITE009,2026-03-08,QoS,P3,Room Device,Dialing Issue,2.12,Resolved,QoS
INC001229,SITE016,2026-02-19,Call Quality,P2,Mobile,Registration Failure,1.99,Resolved,User Error
INC001230,SITE023,2026-07-07,Audio,P2,Mobile,Poor Call Quality,3.87,Closed,QoS
INC001231,SITE025,2026-04-11,QoS,P2,Mobile,Provisioning Failure,4.47,In Progress,Configuration
INC001232,SITE034,2026-04-26,SIP,P4,Room Device,Device Configuration,4.61,In Progress,Configuration
INC001233,SITE030,2026-07-12,Codec,P3,Room Device,Dialing Issue,3.72,Open,Provisioning
INC001234,SITE028,2026-07-03,UAT,P3,Mobile,Device Configuration,6.67,Resolved,User Error
INC001235,SITE027,2026-08-11,UAT,P2,Desk Phone,Provisioning Failure,1.8,Resolved,Provisioning
INC001236,SITE010,2026-04-09,User Configuration,P3,Room Device,No Audio,2.03,Resolved,Configuration
INC001237,SITE022,2026-03-14,Provisioning,P4,Mobile,No Audio,1.12,In Progress,Device Issue
INC001238,SITE001,2026-06-09,User Configuration,P4,Soft Client,Dialing Issue,5.36,Resolved,Configuration
INC001239,SITE004,2026-07-08,Registration,P2,Room Device,UAT Failure,4.36,Open,Device Issue
INC001240,SITE005,2026-05-26,Dial Plan,P4,Desk Phone,Dialing Issue,3.71,Resolved,Device Issue
INC001241,SITE022,2026-05-23,Provisioning,P1,Desk Phone,Poor Call Quality,1.84,In Progress,Network
INC001242,SITE003,2026-03-05,Dial Plan,P4,Room Device,Dialing Issue,6.82,Closed,Configuration
INC001243,SITE028,2026-02-11,Codec,P2,Desk Phone,One-Way Audio,1.83,Resolved,Network
INC001244,SITE010,2026-02-21,Network,P2,Mobile,One-Way Audio,2.7,Closed,Device Issue
INC001245,SITE029,2026-05-04,Call Quality,P3,Room Device,Provisioning Failure,2.5,In Progress,Network
INC001246,SITE013,2026-08-22,Codec,P3,Soft Client,Dialing Issue,2.8,Resolved,Configuration
INC001247,SITE033,2026-05-23,SIP,P2,Mobile,Device Configuration,1.42,Closed,User Error
INC001248,SITE021,2026-07-23,Network,P3,Mobile,Provisioning Failure,16.78,Resolved,Network
INC001249,SITE018,2026-02-21,Dial Plan,P3,Mobile,Registration Failure,6.34,Open,Configuration
INC001250,SITE020,2026-04-19,Network,P4,Mobile,Device Configuration,4.12,Closed,Network
INC001251,SITE012,2026-04-24,Device Configuration,P4,Desk Phone,One-Way Audio,4.18,Resolved,QoS
INC001252,SITE003,2026-03-21,Network,P2,Soft Client,One-Way Audio,3.18,Resolved,Provisioning
INC001253,SITE006,2026-01-21,UAT,P3,Soft Client,Provisioning Failure,4.53,In Progress,Provisioning
INC001254,SITE021,2026-04-30,Network,P4,Room Device,Poor Call Quality,1.45,Resolved,Provisioning
INC001255,SITE011,2026-08-08,Audio,P4,Mobile,Registration Failure,3.95,In Progress,Provisioning
INC001256,SITE021,2026-04-05,Registration,P4,Desk Phone,No Audio,1.44,In Progress,User Error
INC001257,SITE004,2026-07-09,Registration,P4,Mobile,One-Way Audio,1.23,In Progress,QoS
INC001258,SITE005,2026-04-29,SIP,P3,Room Device,UAT Failure,1.71,In Progress,QoS
INC001259,SITE001,2026-05-13,QoS,P3,Soft Client,Poor Call Quality,1.24,Closed,QoS
INC001260,SITE006,2026-03-07,QoS,P3,Desk Phone,One-Way Audio,1.75,Resolved,Device Issue
INC001261,SITE032,2026-06-07,Provisioning,P3,Room Device,Device Configuration,3.14,Closed,Configuration
INC001262,SITE005,2026-07-22,UAT,P3,Room Device,UAT Failure,2.27,Open,Unknown
INC001263,SITE032,2026-06-24,SIP,P2,Room Device,No Audio,3.58,In Progress,User Error
INC001264,SITE025,2026-06-01,User Configuration,P3,Soft Client,No Audio,2.78,Resolved,Network
INC001265,SITE032,2026-04-21,QoS,P3,Mobile,Poor Call Quality,28.77,Resolved,Configuration
INC001266,SITE025,2026-05-28,User Configuration,P4,Soft Client,Dialing Issue,0.46,Resolved,User Error
INC001267,SITE017,2026-02-17,Registration,P1,Soft Client,Device Configuration,0.85,In Progress,Provisioning
INC001268,SITE021,2026-06-03,Audio,P3,Room Device,One-Way Audio,9.64,Resolved,Unknown
INC001269,SITE001,2026-02-19,SIP,P3,Room Device,One-Way Audio,2.77,Resolved,Configuration
INC001270,SITE007,2026-03-04,Device Configuration,P3,Room Device,Device Configuration,1.74,Open,Device Issue
INC001271,SITE022,2026-04-30,Provisioning,P2,Desk Phone,Device Configuration,7.06,Resolved,Unknown
INC001272,SITE002,2026-05-17,SIP,P4,Soft Client,Poor Call Quality,2.14,Open,Device Issue
INC001273,SITE035,2026-05-15,Codec,P2,Mobile,One-Way Audio,2.37,Open,QoS
INC001274,SITE030,2026-06-08,QoS,P3,Desk Phone,Device Configuration,1.6,Closed,Device Issue
INC001275,SITE010,2026-06-15,QoS,P4,Mobile,No Audio,2.53,Resolved,Configuration
INC001276,SITE032,2026-05-10,Device Configuration,P2,Desk Phone,Device Configuration,3.25,Open,Configuration
INC001277,SITE034,2026-01-21,User Configuration,P2,Desk Phone,Dialing Issue,15.58,Open,User Error
INC001278,SITE007,2026-07-30,Codec,P4,Soft Client,Poor Call Quality,6.96,In Progress,Network
INC001279,SITE023,2026-07-09,Network,P3,Room Device,Dialing Issue,5.13,Open,Network
INC001280,SITE028,2026-04-01,Registration,P4,Soft Client,Registration Failure,3.76,Resolved,Configuration
INC001281,SITE025,2026-05-13,SIP,P1,Room Device,Dialing Issue,1.5,Open,User Error
INC001282,SITE021,2026-08-22,Dial Plan,P4,Desk Phone,UAT Failure,2.65,Resolved,Provisioning
INC001283,SITE023,2026-08-07,Call Quality,P3,Desk Phone,Provisioning Failure,4.19,Resolved,Configuration
INC001284,SITE006,2026-07-25,Network,P4,Soft Client,One-Way Audio,8.73,Closed,Configuration
INC001285,SITE005,2026-05-02,UAT,P3,Room Device,Provisioning Failure,1.94,Closed,Device Issue
INC001286,SITE030,2026-03-11,Device Configuration,P3,Mobile,Dialing Issue,20.62,Resolved,User Error
INC001287,SITE002,2026-01-16,User Configuration,P3,Mobile,Registration Failure,2.58,Resolved,User Error
INC001288,SITE020,2026-07-02,Dial Plan,P2,Room Device,Provisioning Failure,1.54,Resolved,QoS
INC001289,SITE028,2026-08-26,Codec,P3,Mobile,Device Configuration,1.26,Open,Configuration
INC001290,SITE005,2026-05-28,Device Configuration,P3,Soft Client,Registration Failure,8.0,Closed,User Error
INC001291,SITE005,2026-04-22,Audio,P4,Desk Phone,No Audio,1.07,Closed,Network
INC001292,SITE032,2026-03-19,QoS,P3,Mobile,Provisioning Failure,6.22,In Progress,User Error
INC001293,SITE017,2026-07-04,Audio,P3,Mobile,No Audio,10.93,Open,Provisioning
INC001294,SITE015,2026-07-12,Device Configuration,P3,Mobile,Device Configuration,1.95,Closed,Unknown
INC001295,SITE011,2026-08-06,QoS,P3,Mobile,No Audio,10.39,Resolved,Configuration
INC001296,SITE028,2026-02-16,QoS,P3,Mobile,Poor Call Quality,2.0,Resolved,Device Issue
INC001297,SITE024,2026-04-21,Network,P2,Soft Client,Dialing Issue,1.03,Resolved,Network
INC001298,SITE020,2026-05-19,UAT,P2,Mobile,One-Way Audio,5.15,Resolved,Network
INC001299,SITE010,2026-07-12,SIP,P4,Room Device,No Audio,2.31,Resolved,Provisioning
INC001300,SITE005,2026-01-17,Dial Plan,P3,Room Device,Device Configuration,2.18,In Progress,User Error
INC001301,SITE004,2026-08-13,Registration,P3,Soft Client,No Audio,2.24,Resolved,QoS
INC001302,SITE005,2026-07-17,UAT,P3,Soft Client,UAT Failure,2.83,Resolved,Configuration
INC001303,SITE021,2026-06-14,SIP,P2,Soft Client,No Audio,5.65,Resolved,Configuration
INC001304,SITE001,2026-03-09,Dial Plan,P3,Room Device,Poor Call Quality,14.05,Resolved,Network
INC001305,SITE029,2026-06-27,SIP,P3,Desk Phone,Registration Failure,2.95,Resolved,Provisioning
INC001306,SITE031,2026-08-06,Device Configuration,P3,Soft Client,One-Way Audio,3.61,Closed,Network
INC001307,SITE026,2026-01-30,User Configuration,P3,Room Device,Poor Call Quality,1.11,Open,QoS
INC001308,SITE016,2026-06-22,Network,P2,Soft Client,Provisioning Failure,2.95,Resolved,Network
INC001309,SITE031,2026-05-09,Audio,P2,Soft Client,Device Configuration,1.88,Open,QoS
INC001310,SITE033,2026-06-30,User Configuration,P2,Desk Phone,Provisioning Failure,1.99,Resolved,Provisioning
INC001311,SITE006,2026-07-31,SIP,P2,Desk Phone,One-Way Audio,1.34,Resolved,Provisioning
INC001312,SITE017,2026-06-22,Call Quality,P3,Soft Client,Poor Call Quality,4.31,Resolved,Unknown
INC001313,SITE031,2026-04-19,QoS,P2,Desk Phone,Device Configuration,6.21,Resolved,User Error
INC001314,SITE033,2026-05-03,Call Quality,P2,Mobile,UAT Failure,3.54,Resolved,Device Issue
INC001315,SITE015,2026-06-18,Network,P2,Mobile,Provisioning Failure,3.0,Resolved,Configuration
INC001316,SITE011,2026-03-15,Call Quality,P4,Desk Phone,No Audio,2.32,Resolved,Network
INC001317,SITE005,2026-07-09,Dial Plan,P3,Mobile,UAT Failure,27.72,Resolved,Provisioning
INC001318,SITE012,2026-04-28,Dial Plan,P2,Mobile,Registration Failure,3.48,Closed,Provisioning
INC001319,SITE024,2026-05-03,UAT,P2,Soft Client,One-Way Audio,3.02,In Progress,Configuration
INC001320,SITE004,2026-08-13,Network,P4,Soft Client,Poor Call Quality,4.52,In Progress,User Error
INC001321,SITE031,2026-06-07,SIP,P2,Mobile,One-Way Audio,2.43,Closed,User Error
INC001322,SITE021,2026-07-24,Device Configuration,P3,Desk Phone,Poor Call Quality,0.89,Resolved,User Error
INC001323,SITE033,2026-01-04,QoS,P3,Mobile,Device Configuration,1.95,In Progress,Device Issue
INC001324,SITE015,2026-08-02,Registration,P3,Room Device,One-Way Audio,2.88,Resolved,User Error
INC001325,SITE010,2026-01-07,Provisioning,P3,Soft Client,Provisioning Failure,2.61,Closed,Provisioning
INC001326,SITE009,2026-08-31,UAT,P4,Desk Phone,Dialing Issue,2.58,Resolved,Configuration
INC001327,SITE002,2026-03-27,QoS,P3,Mobile,Device Configuration,2.16,Resolved,Provisioning
INC001328,SITE025,2026-01-14,QoS,P3,Soft Client,One-Way Audio,3.04,Closed,QoS
INC001329,SITE016,2026-04-18,Audio,P2,Room Device,No Audio,1.34,Closed,Device Issue
INC001330,SITE007,2026-08-25,Network,P1,Desk Phone,UAT Failure,1.74,Closed,User Error
INC001331,SITE004,2026-06-20,Provisioning,P3,Desk Phone,Registration Failure,6.29,In Progress,User Error
INC001332,SITE002,2026-07-16,UAT,P3,Room Device,Registration Failure,1.51,In Progress,Device Issue
INC001333,SITE002,2026-07-28,Provisioning,P2,Room Device,No Audio,0.88,Resolved,QoS
INC001334,SITE002,2026-01-20,Provisioning,P1,Desk Phone,Device Configuration,5.38,Resolved,Provisioning
INC001335,SITE017,2026-04-02,Audio,P2,Mobile,No Audio,5.26,Open,QoS
INC001336,SITE027,2026-01-08,Audio,P4,Mobile,Registration Failure,11.16,In Progress,QoS
INC001337,SITE028,2026-05-21,QoS,P3,Mobile,Device Configuration,3.51,Open,QoS
INC001338,SITE001,2026-07-15,Dial Plan,P2,Desk Phone,No Audio,3.88,Open,QoS
INC001339,SITE010,2026-04-29,Device Configuration,P3,Mobile,One-Way Audio,3.46,Open,Unknown
INC001340,SITE011,2026-02-10,Network,P4,Room Device,Dialing Issue,2.77,Resolved,Device Issue
INC001341,SITE008,2026-01-20,Dial Plan,P4,Room Device,Dialing Issue,3.14,Open,User Error
INC001342,SITE005,2026-04-20,QoS,P3,Mobile,One-Way Audio,6.07,Open,Configuration
INC001343,SITE004,2026-02-17,User Configuration,P4,Room Device,Provisioning Failure,3.75,Resolved,Provisioning
INC001344,SITE020,2026-02-06,Call Quality,P3,Room Device,Poor Call Quality,7.88,Open,Network
INC001345,SITE018,2026-03-23,Registration,P3,Desk Phone,Provisioning Failure,2.21,Resolved,QoS
INC001346,SITE017,2026-04-16,UAT,P2,Desk Phone,Poor Call Quality,2.26,In Progress,User Error
INC001347,SITE017,2026-05-02,User Configuration,P3,Soft Client,Dialing Issue,4.03,Open,Configuration
INC001348,SITE006,2026-02-16,Registration,P3,Soft Client,Device Configuration,0.71,In Progress,Network
INC001349,SITE005,2026-04-21,Audio,P3,Soft Client,Device Configuration,7.57,Resolved,Provisioning
INC001350,SITE032,2026-08-10,Call Quality,P3,Desk Phone,Provisioning Failure,10.0,Resolved,QoS
INC001351,SITE010,2026-07-21,UAT,P4,Mobile,Poor Call Quality,6.58,Resolved,Device Issue
INC001352,SITE025,2026-04-13,SIP,P2,Soft Client,Poor Call Quality,1.92,Resolved,Configuration
INC001353,SITE001,2026-06-14,UAT,P4,Soft Client,Provisioning Failure,5.61,Resolved,User Error
INC001354,SITE005,2026-06-17,Audio,P3,Soft Client,Dialing Issue,5.62,Resolved,Provisioning
INC001355,SITE034,2026-01-16,QoS,P2,Mobile,Provisioning Failure,4.84,Resolved,Unknown
INC001356,SITE004,2026-08-15,UAT,P4,Mobile,No Audio,1.52,Open,Network
INC001357,SITE027,2026-03-26,Network,P2,Desk Phone,Poor Call Quality,2.97,Resolved,Network
INC001358,SITE009,2026-08-08,UAT,P3,Soft Client,Poor Call Quality,0.47,Resolved,User Error
INC001359,SITE022,2026-08-28,Call Quality,P1,Desk Phone,Dialing Issue,2.12,Resolved,Provisioning
INC001360,SITE029,2026-04-22,Dial Plan,P3,Soft Client,Provisioning Failure,1.82,Open,Unknown
INC001361,SITE034,2026-06-26,Provisioning,P4,Soft Client,Dialing Issue,1.78,Closed,Configuration
INC001362,SITE021,2026-02-01,Call Quality,P3,Soft Client,UAT Failure,4.22,Resolved,Configuration
INC001363,SITE015,2026-05-13,User Configuration,P3,Soft Client,One-Way Audio,4.0,Resolved,Provisioning
INC001364,SITE033,2026-02-13,User Configuration,P3,Room Device,Poor Call Quality,2.95,Closed,Configuration
INC001365,SITE008,2026-01-13,Audio,P4,Soft Client,Dialing Issue,3.55,Resolved,Unknown
INC001366,SITE032,2026-07-20,SIP,P2,Soft Client,UAT Failure,2.33,Open,User Error
INC001367,SITE020,2026-03-25,Dial Plan,P3,Soft Client,One-Way Audio,2.42,Open,Unknown
INC001368,SITE015,2026-04-11,Device Configuration,P3,Mobile,Poor Call Quality,2.51,Open,Network
INC001369,SITE035,2026-07-29,Dial Plan,P2,Room Device,One-Way Audio,8.43,Open,Unknown
INC001370,SITE025,2026-08-24,Device Configuration,P2,Desk Phone,No Audio,2.36,Resolved,Network
INC001371,SITE034,2026-01-03,UAT,P3,Mobile,Provisioning Failure,4.56,Resolved,User Error
INC001372,SITE014,2026-07-20,Dial Plan,P4,Desk Phone,Provisioning Failure,7.07,Resolved,Network
INC001373,SITE027,2026-08-02,UAT,P2,Soft Client,One-Way Audio,9.01,Resolved,Unknown
INC001374,SITE028,2026-04-04,Dial Plan,P4,Soft Client,No Audio,0.96,In Progress,Provisioning
INC001375,SITE007,2026-06-29,Dial Plan,P2,Room Device,No Audio,6.39,Resolved,QoS
INC001376,SITE002,2026-01-22,Network,P4,Mobile,One-Way Audio,3.99,Resolved,QoS
INC001377,SITE004,2026-04-02,UAT,P4,Mobile,Device Configuration,4.48,Resolved,Device Issue
INC001378,SITE024,2026-07-19,SIP,P1,Room Device,Poor Call Quality,3.76,In Progress,Provisioning
INC001379,SITE001,2026-02-02,Device Configuration,P3,Desk Phone,Provisioning Failure,4.58,Open,Network
INC001380,SITE004,2026-06-19,Dial Plan,P2,Mobile,Device Configuration,6.72,Resolved,Configuration
INC001381,SITE009,2026-03-19,Registration,P2,Mobile,No Audio,2.08,Resolved,QoS
INC001382,SITE001,2026-07-30,Call Quality,P3,Room Device,UAT Failure,2.27,In Progress,Unknown
INC001383,SITE032,2026-08-30,Device Configuration,P4,Desk Phone,Dialing Issue,10.12,Resolved,User Error
INC001384,SITE022,2026-05-09,Network,P3,Room Device,One-Way Audio,14.13,Resolved,User Error
INC001385,SITE029,2026-04-06,Registration,P3,Desk Phone,UAT Failure,8.2,Resolved,QoS
INC001386,SITE024,2026-03-31,UAT,P3,Desk Phone,Provisioning Failure,2.21,Resolved,Network
INC001387,SITE021,2026-01-20,Network,P3,Mobile,Provisioning Failure,6.16,In Progress,Provisioning
INC001388,SITE017,2026-04-22,Registration,P2,Mobile,Device Configuration,11.55,Resolved,Network
INC001389,SITE030,2026-08-02,Audio,P3,Room Device,No Audio,9.31,Resolved,Device Issue
INC001390,SITE021,2026-03-16,SIP,P1,Mobile,UAT Failure,2.9,In Progress,User Error
INC001391,SITE026,2026-06-30,QoS,P4,Room Device,Registration Failure,1.68,Resolved,User Error
INC001392,SITE022,2026-03-15,User Configuration,P3,Soft Client,Poor Call Quality,15.67,Resolved,Provisioning
INC001393,SITE022,2026-07-21,SIP,P2,Desk Phone,One-Way Audio,6.73,Resolved,Provisioning
INC001394,SITE004,2026-02-05,QoS,P3,Desk Phone,Poor Call Quality,1.2,In Progress,QoS
INC001395,SITE001,2026-02-18,User Configuration,P2,Soft Client,UAT Failure,11.84,Resolved,User Error
INC001396,SITE023,2026-01-25,Audio,P2,Desk Phone,No Audio,6.0,Open,QoS
INC001397,SITE020,2026-07-01,UAT,P4,Desk Phone,Device Configuration,4.0,Resolved,Unknown
INC001398,SITE010,2026-05-13,SIP,P3,Desk Phone,Dialing Issue,2.19,Open,QoS
INC001399,SITE013,2026-08-30,Dial Plan,P3,Desk Phone,Provisioning Failure,7.79,Resolved,User Error
INC001400,SITE020,2026-07-09,UAT,P3,Desk Phone,No Audio,1.4,Resolved,Unknown
INC001401,SITE008,2026-01-15,User Configuration,P3,Room Device,Dialing Issue,1.17,Resolved,User Error
INC001402,SITE022,2026-04-20,Audio,P3,Mobile,One-Way Audio,4.1,Resolved,Unknown
INC001403,SITE013,2026-08-20,Network,P3,Desk Phone,Provisioning Failure,6.16,Closed,User Error
INC001404,SITE028,2026-04-19,Provisioning,P2,Soft Client,No Audio,4.59,Resolved,Network
INC001405,SITE034,2026-04-14,Audio,P2,Desk Phone,Poor Call Quality,2.81,Resolved,Unknown
INC001406,SITE025,2026-08-04,Codec,P4,Soft Client,No Audio,2.7,Resolved,QoS
INC001407,SITE016,2026-06-29,User Configuration,P2,Room Device,Registration Failure,5.63,Open,Provisioning
INC001408,SITE001,2026-02-02,Dial Plan,P3,Soft Client,Provisioning Failure,2.5,Open,User Error
INC001409,SITE025,2026-08-22,UAT,P4,Mobile,Registration Failure,3.67,In Progress,Provisioning
INC001410,SITE004,2026-04-23,Provisioning,P3,Desk Phone,Poor Call Quality,1.61,Resolved,Unknown
INC001411,SITE020,2026-03-20,UAT,P3,Soft Client,Provisioning Failure,5.34,Resolved,Network
INC001412,SITE020,2026-06-23,Dial Plan,P2,Room Device,Device Configuration,2.17,Resolved,User Error
INC001413,SITE009,2026-04-27,Codec,P3,Desk Phone,Dialing Issue,3.26,Open,Provisioning
INC001414,SITE009,2026-05-22,User Configuration,P4,Room Device,Poor Call Quality,12.58,Closed,Network
INC001415,SITE026,2026-03-17,Provisioning,P3,Soft Client,Poor Call Quality,2.56,Resolved,Device Issue
INC001416,SITE014,2026-07-27,Audio,P3,Room Device,Registration Failure,15.85,Closed,Provisioning
INC001417,SITE008,2026-07-23,Device Configuration,P3,Mobile,Device Configuration,1.54,Resolved,Device Issue
INC001418,SITE012,2026-06-06,Registration,P2,Room Device,Registration Failure,1.93,Resolved,Unknown
INC001419,SITE021,2026-04-20,Network,P4,Mobile,Dialing Issue,2.45,Resolved,Configuration
INC001420,SITE001,2026-03-11,SIP,P2,Room Device,No Audio,6.52,In Progress,Device Issue
INC001421,SITE019,2026-01-22,UAT,P3,Mobile,Device Configuration,4.9,Resolved,Provisioning
INC001422,SITE021,2026-06-14,User Configuration,P2,Room Device,Registration Failure,8.48,Resolved,Device Issue
INC001423,SITE013,2026-01-03,Provisioning,P4,Soft Client,Provisioning Failure,9.26,Open,Unknown
INC001424,SITE001,2026-02-09,Codec,P1,Soft Client,One-Way Audio,1.33,Closed,Unknown
INC001425,SITE015,2026-02-12,Codec,P2,Desk Phone,Dialing Issue,0.84,Closed,User Error
INC001426,SITE002,2026-06-06,Network,P3,Soft Client,Poor Call Quality,2.66,In Progress,QoS
INC001427,SITE035,2026-04-01,Network,P2,Room Device,Poor Call Quality,2.96,Resolved,Network
INC001428,SITE033,2026-01-25,UAT,P2,Mobile,No Audio,2.18,Resolved,Provisioning
INC001429,SITE030,2026-07-15,Registration,P3,Desk Phone,One-Way Audio,4.75,Resolved,Provisioning
INC001430,SITE020,2026-01-21,Network,P3,Desk Phone,UAT Failure,7.26,In Progress,Device Issue
INC001431,SITE027,2026-01-07,SIP,P2,Desk Phone,Dialing Issue,1.58,Resolved,Configuration
INC001432,SITE003,2026-02-18,Audio,P3,Desk Phone,Poor Call Quality,2.62,Resolved,Network
INC001433,SITE004,2026-05-29,Registration,P4,Soft Client,UAT Failure,9.17,In Progress,Device Issue
INC001434,SITE023,2026-08-20,Codec,P2,Mobile,No Audio,3.31,Resolved,Device Issue
INC001435,SITE028,2026-01-05,Call Quality,P3,Room Device,Poor Call Quality,2.0,Resolved,Unknown
INC001436,SITE031,2026-02-10,QoS,P2,Mobile,Registration Failure,3.51,Resolved,Device Issue
INC001437,SITE020,2026-04-30,SIP,P2,Soft Client,Device Configuration,2.47,Resolved,QoS
INC001438,SITE013,2026-07-12,Provisioning,P3,Desk Phone,Provisioning Failure,10.66,Closed,User Error
INC001439,SITE020,2026-04-15,UAT,P3,Soft Client,Dialing Issue,3.49,Closed,Device Issue
INC001440,SITE032,2026-01-02,Registration,P4,Soft Client,Provisioning Failure,2.66,Resolved,Network
INC001441,SITE009,2026-01-14,Registration,P3,Mobile,UAT Failure,3.85,Resolved,Configuration
INC001442,SITE033,2026-03-02,Network,P3,Soft Client,One-Way Audio,2.89,Closed,Device Issue
INC001443,SITE014,2026-04-11,Registration,P3,Desk Phone,Dialing Issue,2.69,Resolved,Device Issue
INC001444,SITE033,2026-02-22,Registration,P4,Room Device,Device Configuration,2.56,Open,Configuration
INC001445,SITE001,2026-03-05,Registration,P3,Desk Phone,Poor Call Quality,7.91,Resolved,Provisioning
INC001446,SITE004,2026-08-28,Dial Plan,P3,Soft Client,One-Way Audio,2.78,In Progress,Device Issue
INC001447,SITE005,2026-03-28,Registration,P3,Mobile,Provisioning Failure,4.17,Resolved,Provisioning
INC001448,SITE019,2026-04-16,Registration,P3,Mobile,Registration Failure,2.27,Resolved,QoS
INC001449,SITE032,2026-01-31,UAT,P4,Mobile,Poor Call Quality,6.62,In Progress,Configuration
INC001450,SITE030,2026-04-02,Network,P1,Room Device,Poor Call Quality,5.38,Closed,Unknown
INC001451,SITE007,2026-02-08,Call Quality,P3,Mobile,One-Way Audio,1.69,Resolved,QoS
INC001452,SITE017,2026-05-11,Codec,P2,Room Device,Dialing Issue,2.4,Resolved,Device Issue
INC001453,SITE020,2026-05-14,SIP,P3,Desk Phone,Provisioning Failure,7.46,In Progress,Device Issue
INC001454,SITE008,2026-07-31,Call Quality,P2,Soft Client,Dialing Issue,3.36,Resolved,Configuration
INC001455,SITE033,2026-08-29,Dial Plan,P3,Room Device,Provisioning Failure,9.84,Resolved,Network
INC001456,SITE022,2026-05-12,Dial Plan,P3,Desk Phone,Dialing Issue,1.31,Resolved,Unknown
INC001457,SITE021,2026-07-28,SIP,P3,Soft Client,Device Configuration,4.07,Resolved,Unknown
INC001458,SITE030,2026-08-15,Registration,P3,Soft Client,Registration Failure,1.45,Resolved,Network
INC001459,SITE029,2026-01-03,UAT,P4,Desk Phone,Provisioning Failure,5.11,Resolved,Configuration
INC001460,SITE010,2026-03-26,Call Quality,P3,Desk Phone,Registration Failure,5.38,Resolved,QoS
INC001461,SITE005,2026-05-30,Device Configuration,P4,Desk Phone,One-Way Audio,3.98,Resolved,Unknown
INC001462,SITE005,2026-05-28,Device Configuration,P4,Soft Client,UAT Failure,3.88,Resolved,Configuration
INC001463,SITE002,2026-07-11,Codec,P4,Soft Client,Poor Call Quality,4.82,Open,QoS
INC001464,SITE032,2026-07-05,Network,P3,Desk Phone,No Audio,3.33,Open,Provisioning
INC001465,SITE017,2026-03-21,Codec,P2,Desk Phone,Registration Failure,3.98,Resolved,Provisioning
INC001466,SITE023,2026-08-30,Audio,P4,Mobile,One-Way Audio,1.34,Resolved,QoS
INC001467,SITE006,2026-05-09,Network,P4,Soft Client,One-Way Audio,1.23,Resolved,Provisioning
INC001468,SITE004,2026-02-23,QoS,P3,Mobile,UAT Failure,1.71,Resolved,Configuration
INC001469,SITE022,2026-04-26,Provisioning,P3,Soft Client,Provisioning Failure,8.33,Resolved,User Error
INC001470,SITE021,2026-08-19,Audio,P3,Mobile,Dialing Issue,10.45,Resolved,QoS
INC001471,SITE027,2026-07-19,User Configuration,P4,Desk Phone,Device Configuration,4.56,Resolved,QoS
INC001472,SITE024,2026-01-04,Network,P2,Mobile,Poor Call Quality,3.48,Resolved,Configuration
INC001473,SITE009,2026-03-30,Audio,P4,Desk Phone,Registration Failure,3.0,Closed,Provisioning
INC001474,SITE024,2026-08-01,Network,P2,Desk Phone,Poor Call Quality,0.9,Resolved,QoS
INC001475,SITE031,2026-04-17,Provisioning,P3,Desk Phone,Poor Call Quality,0.99,In Progress,Network
INC001476,SITE018,2026-03-06,Registration,P3,Room Device,One-Way Audio,2.95,Resolved,Device Issue
INC001477,SITE001,2026-07-28,Call Quality,P2,Desk Phone,Registration Failure,5.43,Resolved,QoS
INC001478,SITE022,2026-03-09,User Configuration,P4,Room Device,One-Way Audio,1.84,Resolved,Provisioning
INC001479,SITE021,2026-03-09,Provisioning,P3,Desk Phone,UAT Failure,2.99,In Progress,Network
INC001480,SITE017,2026-08-18,SIP,P3,Soft Client,One-Way Audio,2.99,Closed,Configuration
INC001481,SITE035,2026-01-13,UAT,P3,Room Device,Registration Failure,3.64,Open,Provisioning
INC001482,SITE034,2026-08-31,Network,P4,Soft Client,Device Configuration,0.83,Resolved,Unknown
INC001483,SITE021,2026-07-05,QoS,P3,Desk Phone,No Audio,0.97,Resolved,User Error
INC001484,SITE005,2026-07-28,Provisioning,P4,Soft Client,Provisioning Failure,7.25,Resolved,Device Issue
INC001485,SITE016,2026-04-13,Audio,P3,Mobile,No Audio,6.52,Closed,Device Issue
INC001486,SITE024,2026-01-22,QoS,P2,Soft Client,Registration Failure,7.11,Resolved,User Error
INC001487,SITE013,2026-07-15,Device Configuration,P3,Mobile,UAT Failure,6.88,Resolved,Network
INC001488,SITE022,2026-04-24,Codec,P3,Desk Phone,Device Configuration,6.04,Resolved,Device Issue
INC001489,SITE002,2026-02-17,Network,P2,Mobile,Poor Call Quality,2.86,Open,Device Issue
INC001490,SITE032,2026-05-28,Registration,P2,Soft Client,Provisioning Failure,3.44,Resolved,Network
INC001491,SITE013,2026-03-24,QoS,P3,Soft Client,One-Way Audio,1.4,Resolved,Provisioning
INC001492,SITE030,2026-05-21,Codec,P3,Mobile,Registration Failure,0.49,Open,Configuration
INC001493,SITE005,2026-04-25,SIP,P2,Soft Client,Registration Failure,6.19,Open,User Error
INC001494,SITE013,2026-05-01,Dial Plan,P3,Room Device,Poor Call Quality,11.68,Open,Device Issue
INC001495,SITE028,2026-02-11,Codec,P2,Room Device,Dialing Issue,2.33,Resolved,Unknown
INC001496,SITE017,2026-02-12,Codec,P3,Mobile,Registration Failure,2.12,Closed,Unknown
INC001497,SITE019,2026-06-04,Audio,P4,Room Device,Provisioning Failure,7.94,Closed,Configuration
INC001498,SITE026,2026-01-04,Codec,P4,Mobile,UAT Failure,1.92,Resolved,Provisioning
INC001499,SITE005,2026-04-10,Network,P2,Room Device,Dialing Issue,5.44,Resolved,Configuration
INC001500,SITE008,2026-06-21,QoS,P3,Soft Client,Registration Failure,11.01,Resolved,Unknown
INC001501,SITE002,2026-01-27,Dial Plan,P3,Mobile,One-Way Audio,6.24,Open,Unknown
INC001502,SITE020,2026-02-01,Codec,P3,Desk Phone,One-Way Audio,1.86,Resolved,QoS
INC001503,SITE023,2026-03-19,SIP,P3,Room Device,UAT Failure,0.7,Closed,Configuration
INC001504,SITE025,2026-05-29,Dial Plan,P2,Mobile,Device Configuration,1.4,In Progress,Provisioning
INC001505,SITE024,2026-06-21,Call Quality,P3,Desk Phone,Registration Failure,0.6,Resolved,Network
INC001506,SITE011,2026-05-18,Audio,P3,Soft Client,No Audio,4.16,Resolved,Unknown
INC001507,SITE032,2026-01-31,Provisioning,P3,Desk Phone,UAT Failure,3.92,Resolved,Unknown
INC001508,SITE015,2026-03-24,UAT,P3,Desk Phone,Poor Call Quality,3.49,Resolved,Unknown
INC001509,SITE010,2026-08-26,Dial Plan,P2,Desk Phone,UAT Failure,0.82,Resolved,User Error
INC001510,SITE007,2026-08-24,Dial Plan,P4,Mobile,No Audio,4.13,Open,Configuration
INC001511,SITE031,2026-06-04,User Configuration,P2,Soft Client,Device Configuration,4.75,In Progress,Device Issue
INC001512,SITE032,2026-08-28,User Configuration,P3,Desk Phone,UAT Failure,3.24,Resolved,Configuration
INC001513,SITE021,2026-01-30,Dial Plan,P3,Soft Client,Dialing Issue,3.61,Resolved,Provisioning
INC001514,SITE017,2026-06-02,Codec,P2,Soft Client,One-Way Audio,6.14,Open,Provisioning
INC001515,SITE002,2026-07-30,Codec,P4,Desk Phone,Poor Call Quality,6.71,Closed,QoS
INC001516,SITE007,2026-08-25,Call Quality,P4,Room Device,Provisioning Failure,4.22,Resolved,Device Issue
INC001517,SITE009,2026-07-22,Call Quality,P3,Desk Phone,No Audio,13.4,Closed,Configuration
INC001518,SITE025,2026-01-13,Provisioning,P2,Soft Client,Registration Failure,3.59,In Progress,QoS
INC001519,SITE035,2026-07-19,Audio,P2,Mobile,Dialing Issue,3.12,Resolved,QoS
INC001520,SITE002,2026-07-10,Codec,P2,Room Device,No Audio,1.61,Resolved,User Error
INC001521,SITE024,2026-07-05,Dial Plan,P3,Soft Client,Registration Failure,3.7,Open,Network
INC001522,SITE002,2026-03-14,Provisioning,P3,Desk Phone,Registration Failure,9.02,Resolved,Configuration
INC001523,SITE031,2026-02-07,Audio,P2,Mobile,Poor Call Quality,2.53,Resolved,Device Issue
INC001524,SITE016,2026-07-09,Device Configuration,P2,Mobile,Poor Call Quality,3.02,Open,Configuration
INC001525,SITE012,2026-07-18,Provisioning,P3,Mobile,Device Configuration,1.61,In Progress,QoS
INC001526,SITE016,2026-06-29,Network,P4,Soft Client,One-Way Audio,5.91,Resolved,Network
INC001527,SITE022,2026-06-13,Dial Plan,P4,Mobile,Registration Failure,5.62,Resolved,Device Issue
INC001528,SITE018,2026-01-13,Codec,P3,Mobile,No Audio,17.22,Closed,Provisioning
INC001529,SITE012,2026-04-11,SIP,P3,Room Device,One-Way Audio,4.3,In Progress,User Error
INC001530,SITE016,2026-01-11,Codec,P3,Room Device,One-Way Audio,6.08,Open,QoS
INC001531,SITE010,2026-03-31,Registration,P3,Soft Client,Dialing Issue,1.78,Closed,Network
INC001532,SITE002,2026-02-24,Registration,P3,Mobile,No Audio,3.64,Resolved,QoS
INC001533,SITE031,2026-06-05,Network,P3,Soft Client,Device Configuration,2.91,In Progress,Network
INC001534,SITE035,2026-02-14,Registration,P3,Mobile,Dialing Issue,1.18,Resolved,Network
INC001535,SITE029,2026-05-10,Provisioning,P1,Soft Client,One-Way Audio,1.45,Closed,Unknown
INC001536,SITE001,2026-02-05,QoS,P3,Soft Client,Provisioning Failure,7.84,Resolved,User Error
INC001537,SITE027,2026-05-24,Audio,P3,Desk Phone,UAT Failure,2.27,Resolved,QoS
INC001538,SITE012,2026-07-11,UAT,P3,Soft Client,UAT Failure,3.88,Resolved,Unknown
INC001539,SITE009,2026-05-03,User Configuration,P3,Desk Phone,Device Configuration,4.83,Resolved,Unknown
INC001540,SITE027,2026-06-19,QoS,P4,Desk Phone,Dialing Issue,1.96,In Progress,Network
INC001541,SITE017,2026-01-06,Device Configuration,P1,Desk Phone,Poor Call Quality,13.8,Resolved,Device Issue
INC001542,SITE030,2026-03-09,Codec,P2,Mobile,Dialing Issue,6.01,Resolved,Network
INC001543,SITE019,2026-05-04,Provisioning,P3,Soft Client,UAT Failure,17.29,Closed,User Error
INC001544,SITE028,2026-05-23,SIP,P2,Soft Client,One-Way Audio,7.19,Open,Network
INC001545,SITE022,2026-07-09,Dial Plan,P4,Room Device,One-Way Audio,0.86,Resolved,QoS
INC001546,SITE007,2026-01-26,User Configuration,P4,Mobile,Device Configuration,3.81,Resolved,Network
INC001547,SITE018,2026-06-15,Codec,P4,Soft Client,Poor Call Quality,4.02,In Progress,Device Issue
INC001548,SITE022,2026-02-16,Provisioning,P3,Desk Phone,Provisioning Failure,0.92,Resolved,Configuration
INC001549,SITE032,2026-07-28,QoS,P4,Room Device,No Audio,12.42,Closed,QoS
INC001550,SITE024,2026-03-16,Audio,P3,Mobile,UAT Failure,2.41,Resolved,Configuration
INC001551,SITE003,2026-07-10,UAT,P3,Room Device,No Audio,1.54,Resolved,QoS
INC001552,SITE029,2026-04-24,UAT,P3,Room Device,Poor Call Quality,1.3,Closed,Provisioning
INC001553,SITE001,2026-06-20,Dial Plan,P3,Desk Phone,Registration Failure,6.53,Closed,Network
INC001554,SITE034,2026-01-12,Audio,P3,Soft Client,Poor Call Quality,9.13,Resolved,Unknown
INC001555,SITE029,2026-07-11,UAT,P3,Room Device,Poor Call Quality,3.27,In Progress,Unknown
INC001556,SITE010,2026-06-24,UAT,P2,Soft Client,Poor Call Quality,4.37,Resolved,Network
INC001557,SITE033,2026-07-27,Network,P2,Desk Phone,Poor Call Quality,1.71,Resolved,Configuration
INC001558,SITE006,2026-04-07,SIP,P2,Desk Phone,Provisioning Failure,1.72,Resolved,QoS
INC001559,SITE010,2026-01-06,Audio,P4,Room Device,Dialing Issue,5.23,Closed,Unknown
INC001560,SITE013,2026-04-17,Call Quality,P4,Desk Phone,Poor Call Quality,10.43,Resolved,Device Issue
INC001561,SITE014,2026-05-13,Codec,P3,Mobile,Dialing Issue,2.47,Closed,Provisioning
INC001562,SITE017,2026-04-11,Call Quality,P4,Mobile,UAT Failure,1.78,Resolved,Unknown
INC001563,SITE034,2026-01-04,User Configuration,P4,Desk Phone,Provisioning Failure,2.67,Resolved,Configuration
INC001564,SITE012,2026-03-08,User Configuration,P3,Mobile,Poor Call Quality,12.64,In Progress,Device Issue
INC001565,SITE005,2026-03-23,Network,P3,Desk Phone,Device Configuration,4.86,Resolved,Device Issue
INC001566,SITE022,2026-07-04,Network,P3,Mobile,Dialing Issue,5.23,Resolved,Configuration
INC001567,SITE024,2026-07-15,Audio,P3,Soft Client,UAT Failure,1.47,Resolved,Device Issue
INC001568,SITE017,2026-03-09,Network,P3,Desk Phone,Poor Call Quality,4.59,In Progress,Network
INC001569,SITE003,2026-06-12,QoS,P4,Mobile,No Audio,5.76,Closed,Configuration
INC001570,SITE016,2026-02-08,Audio,P2,Mobile,Provisioning Failure,3.26,Resolved,QoS
INC001571,SITE026,2026-02-25,Device Configuration,P3,Soft Client,No Audio,7.8,Resolved,Network
INC001572,SITE029,2026-03-19,Call Quality,P3,Desk Phone,Poor Call Quality,13.81,Closed,Device Issue
INC001573,SITE017,2026-03-16,Provisioning,P3,Soft Client,UAT Failure,12.8,Resolved,QoS
INC001574,SITE009,2026-08-12,SIP,P2,Soft Client,Registration Failure,2.06,Resolved,User Error
INC001575,SITE012,2026-06-22,Dial Plan,P2,Soft Client,Registration Failure,17.66,Resolved,User Error
INC001576,SITE014,2026-05-30,QoS,P2,Soft Client,No Audio,7.77,Resolved,QoS
INC001577,SITE008,2026-08-31,User Configuration,P2,Soft Client,Registration Failure,4.45,Resolved,Configuration
INC001578,SITE032,2026-08-31,Registration,P3,Desk Phone,Provisioning Failure,2.1,In Progress,Network
INC001579,SITE002,2026-08-21,Dial Plan,P3,Mobile,Dialing Issue,1.33,Resolved,Network
INC001580,SITE012,2026-05-22,Codec,P3,Soft Client,No Audio,1.99,Resolved,Unknown
INC001581,SITE006,2026-06-11,Device Configuration,P3,Desk Phone,No Audio,3.57,Resolved,Network
INC001582,SITE009,2026-02-02,Codec,P3,Desk Phone,Device Configuration,13.37,Resolved,Provisioning
INC001583,SITE007,2026-07-30,UAT,P4,Mobile,Registration Failure,4.03,Resolved,QoS
INC001584,SITE027,2026-06-28,QoS,P2,Soft Client,Poor Call Quality,2.92,Resolved,Configuration
INC001585,SITE004,2026-03-07,Network,P2,Desk Phone,No Audio,1.17,In Progress,User Error
INC001586,SITE024,2026-01-27,Dial Plan,P3,Soft Client,Poor Call Quality,3.08,Resolved,QoS
INC001587,SITE005,2026-07-22,Dial Plan,P2,Room Device,UAT Failure,2.87,In Progress,Device Issue
INC001588,SITE035,2026-03-08,Provisioning,P3,Mobile,Provisioning Failure,1.43,Closed,Unknown
INC001589,SITE005,2026-03-22,Dial Plan,P3,Mobile,No Audio,1.66,Resolved,Network
INC001590,SITE033,2026-06-03,Dial Plan,P4,Mobile,UAT Failure,3.72,In Progress,Provisioning
INC001591,SITE018,2026-04-30,Registration,P4,Room Device,No Audio,6.48,Closed,Provisioning
INC001592,SITE016,2026-01-06,Provisioning,P3,Desk Phone,Provisioning Failure,1.34,Resolved,QoS
INC001593,SITE032,2026-06-09,Call Quality,P4,Desk Phone,Poor Call Quality,7.39,Closed,User Error
INC001594,SITE006,2026-04-23,QoS,P3,Mobile,One-Way Audio,3.85,Resolved,Unknown
INC001595,SITE018,2026-03-01,Network,P2,Room Device,Registration Failure,3.2,Open,User Error
INC001596,SITE032,2026-03-13,SIP,P3,Soft Client,UAT Failure,1.11,Resolved,User Error
INC001597,SITE003,2026-01-01,Registration,P1,Mobile,Device Configuration,3.33,Resolved,Unknown
INC001598,SITE004,2026-03-08,Network,P3,Soft Client,Device Configuration,7.77,Resolved,QoS
INC001599,SITE006,2026-02-08,Provisioning,P3,Room Device,Dialing Issue,5.98,Closed,Provisioning
INC001600,SITE022,2026-06-20,SIP,P3,Room Device,Poor Call Quality,3.06,In Progress,Provisioning
INC001601,SITE007,2026-04-16,SIP,P2,Soft Client,Provisioning Failure,2.43,Open,Configuration
INC001602,SITE001,2026-03-09,Codec,P3,Mobile,Provisioning Failure,8.44,Resolved,QoS
INC001603,SITE008,2026-05-26,Call Quality,P2,Mobile,Provisioning Failure,7.87,Resolved,Device Issue
INC001604,SITE027,2026-05-31,Device Configuration,P4,Room Device,One-Way Audio,10.34,Open,Unknown
INC001605,SITE011,2026-01-14,Network,P3,Room Device,Registration Failure,8.23,Resolved,User Error
INC001606,SITE035,2026-04-05,UAT,P3,Mobile,Registration Failure,2.16,Resolved,User Error
INC001607,SITE021,2026-06-27,Audio,P4,Desk Phone,Provisioning Failure,4.44,Resolved,QoS
INC001608,SITE024,2026-07-08,Call Quality,P3,Desk Phone,Device Configuration,2.04,Resolved,Configuration
INC001609,SITE034,2026-05-22,Device Configuration,P3,Mobile,No Audio,2.56,Resolved,Network
INC001610,SITE009,2026-07-22,Registration,P2,Room Device,UAT Failure,1.37,In Progress,Network
INC001611,SITE017,2026-07-07,Registration,P4,Room Device,Dialing Issue,3.91,Closed,Provisioning
INC001612,SITE025,2026-04-26,SIP,P4,Desk Phone,Poor Call Quality,3.1,Resolved,Unknown
INC001613,SITE004,2026-08-02,UAT,P4,Room Device,Registration Failure,2.63,Resolved,Network
INC001614,SITE034,2026-02-15,UAT,P3,Desk Phone,Poor Call Quality,2.72,Resolved,Network
INC001615,SITE026,2026-08-23,User Configuration,P3,Soft Client,Registration Failure,2.75,In Progress,Device Issue
INC001616,SITE013,2026-08-13,Device Configuration,P3,Mobile,One-Way Audio,1.66,Resolved,User Error
INC001617,SITE006,2026-05-30,Device Configuration,P3,Desk Phone,Dialing Issue,2.37,Resolved,Device Issue
INC001618,SITE011,2026-05-12,Codec,P2,Soft Client,Registration Failure,4.43,Closed,User Error
INC001619,SITE021,2026-06-24,Codec,P4,Room Device,One-Way Audio,4.43,Resolved,Configuration
INC001620,SITE034,2026-06-28,Network,P3,Desk Phone,Provisioning Failure,1.43,Resolved,Unknown
INC001621,SITE018,2026-03-08,Provisioning,P4,Desk Phone,One-Way Audio,12.85,Resolved,Network
INC001622,SITE018,2026-07-24,SIP,P2,Desk Phone,Device Configuration,2.33,In Progress,Configuration
INC001623,SITE002,2026-04-07,Provisioning,P2,Desk Phone,Registration Failure,1.9,Resolved,Unknown
INC001624,SITE020,2026-08-12,Audio,P3,Desk Phone,One-Way Audio,4.72,Resolved,Device Issue
INC001625,SITE010,2026-03-09,Dial Plan,P3,Mobile,No Audio,8.46,Closed,Provisioning
INC001626,SITE013,2026-03-03,UAT,P2,Room Device,Device Configuration,2.49,Open,QoS
INC001627,SITE016,2026-02-13,SIP,P3,Mobile,Registration Failure,0.83,In Progress,Network
INC001628,SITE016,2026-08-11,Call Quality,P3,Soft Client,Registration Failure,2.75,Resolved,Unknown
INC001629,SITE003,2026-04-29,User Configuration,P3,Room Device,UAT Failure,5.7,Resolved,Configuration
INC001630,SITE008,2026-01-08,UAT,P3,Desk Phone,Dialing Issue,2.8,Closed,QoS
INC001631,SITE023,2026-05-27,SIP,P3,Soft Client,Provisioning Failure,6.45,Closed,Provisioning
INC001632,SITE034,2026-08-02,Dial Plan,P4,Mobile,Device Configuration,1.67,In Progress,Device Issue
INC001633,SITE003,2026-04-07,Device Configuration,P2,Desk Phone,Dialing Issue,6.29,In Progress,QoS
INC001634,SITE014,2026-01-07,Codec,P3,Room Device,One-Way Audio,5.6,Resolved,Device Issue
INC001635,SITE020,2026-02-16,User Configuration,P3,Room Device,Provisioning Failure,0.84,Resolved,Unknown
INC001636,SITE032,2026-01-22,Codec,P4,Mobile,UAT Failure,1.65,Open,User Error
INC001637,SITE029,2026-08-16,UAT,P4,Room Device,UAT Failure,2.59,In Progress,Configuration
INC001638,SITE016,2026-08-30,Audio,P3,Room Device,Poor Call Quality,5.94,Resolved,QoS
INC001639,SITE009,2026-07-03,Audio,P3,Soft Client,Device Configuration,4.93,Resolved,QoS
INC001640,SITE005,2026-06-15,Dial Plan,P2,Soft Client,Device Configuration,4.28,Resolved,Unknown
INC001641,SITE010,2026-07-17,Audio,P3,Soft Client,Dialing Issue,4.1,Resolved,QoS
INC001642,SITE023,2026-08-28,Call Quality,P1,Mobile,UAT Failure,10.09,Resolved,Device Issue
INC001643,SITE007,2026-08-12,Network,P3,Mobile,Provisioning Failure,2.72,Resolved,Configuration
INC001644,SITE025,2026-01-08,SIP,P3,Soft Client,Dialing Issue,1.19,Resolved,Network
INC001645,SITE027,2026-02-01,Audio,P3,Soft Client,No Audio,8.55,In Progress,QoS
INC001646,SITE024,2026-02-12,Registration,P4,Mobile,Registration Failure,4.63,In Progress,User Error
INC001647,SITE010,2026-01-06,Network,P2,Desk Phone,Provisioning Failure,13.25,Resolved,User Error
INC001648,SITE023,2026-06-17,Audio,P3,Soft Client,Registration Failure,2.92,Resolved,Configuration
INC001649,SITE001,2026-03-31,Audio,P4,Mobile,Dialing Issue,6.4,Open,Network
INC001650,SITE008,2026-02-15,Dial Plan,P3,Mobile,Provisioning Failure,4.47,Resolved,Network
INC001651,SITE029,2026-05-16,User Configuration,P2,Desk Phone,No Audio,2.09,Resolved,Unknown
INC001652,SITE004,2026-05-21,Device Configuration,P3,Soft Client,One-Way Audio,5.22,In Progress,Configuration
INC001653,SITE001,2026-01-27,SIP,P1,Mobile,Poor Call Quality,5.93,Open,QoS
INC001654,SITE013,2026-04-03,Codec,P3,Desk Phone,Device Configuration,5.23,Resolved,Device Issue
INC001655,SITE009,2026-03-25,Device Configuration,P4,Desk Phone,One-Way Audio,4.22,Resolved,Network
INC001656,SITE032,2026-06-13,Provisioning,P3,Soft Client,Dialing Issue,4.47,Resolved,QoS
INC001657,SITE017,2026-01-08,Registration,P3,Room Device,No Audio,3.54,Resolved,User Error
INC001658,SITE025,2026-03-29,Network,P3,Desk Phone,Device Configuration,1.99,Resolved,Configuration
INC001659,SITE016,2026-04-02,Network,P3,Room Device,One-Way Audio,9.68,Resolved,Unknown
INC001660,SITE007,2026-05-17,Provisioning,P2,Soft Client,No Audio,1.93,Resolved,Network
INC001661,SITE016,2026-04-24,SIP,P3,Mobile,Poor Call Quality,5.33,Closed,User Error
INC001662,SITE004,2026-01-15,QoS,P3,Mobile,Dialing Issue,1.47,Resolved,Unknown
INC001663,SITE006,2026-02-03,Network,P2,Soft Client,Registration Failure,3.8,Resolved,Provisioning
INC001664,SITE031,2026-03-10,UAT,P3,Room Device,UAT Failure,5.39,Closed,QoS
INC001665,SITE009,2026-05-03,Codec,P3,Mobile,UAT Failure,1.07,Resolved,Network
INC001666,SITE027,2026-08-28,Audio,P3,Room Device,UAT Failure,3.01,Resolved,QoS
INC001667,SITE021,2026-03-04,Device Configuration,P3,Desk Phone,UAT Failure,0.82,Resolved,Device Issue
INC001668,SITE030,2026-08-29,Network,P3,Room Device,Poor Call Quality,1.2,Resolved,Network
INC001669,SITE021,2026-05-17,SIP,P3,Room Device,Provisioning Failure,12.32,Resolved,Network
INC001670,SITE033,2026-08-22,Provisioning,P2,Mobile,Poor Call Quality,3.67,In Progress,QoS
INC001671,SITE007,2026-06-24,QoS,P2,Room Device,Registration Failure,1.88,Open,Network
INC001672,SITE027,2026-05-07,Audio,P3,Room Device,No Audio,5.81,Resolved,Configuration
INC001673,SITE013,2026-02-01,Network,P4,Soft Client,Device Configuration,3.01,In Progress,User Error
INC001674,SITE032,2026-04-05,Registration,P3,Mobile,Device Configuration,4.43,Resolved,User Error
INC001675,SITE007,2026-06-01,QoS,P3,Mobile,One-Way Audio,2.52,Resolved,Device Issue
INC001676,SITE027,2026-08-17,Call Quality,P3,Mobile,UAT Failure,3.06,Resolved,Provisioning
INC001677,SITE001,2026-01-07,Network,P4,Soft Client,Poor Call Quality,11.02,Resolved,Provisioning
INC001678,SITE022,2026-04-23,Network,P3,Desk Phone,Registration Failure,0.8,In Progress,Device Issue
INC001679,SITE032,2026-04-11,Provisioning,P3,Room Device,Dialing Issue,3.75,In Progress,Network
INC001680,SITE027,2026-03-15,Audio,P3,Mobile,Poor Call Quality,3.12,Resolved,Unknown
INC001681,SITE021,2026-05-04,QoS,P3,Mobile,UAT Failure,7.99,Resolved,Unknown
INC001682,SITE020,2026-07-20,Audio,P4,Desk Phone,Poor Call Quality,3.09,Resolved,Device Issue
INC001683,SITE008,2026-02-18,Network,P2,Desk Phone,Poor Call Quality,1.35,Closed,QoS
INC001684,SITE011,2026-03-26,SIP,P3,Mobile,Registration Failure,2.69,Resolved,Configuration
INC001685,SITE023,2026-06-30,Provisioning,P2,Desk Phone,Device Configuration,2.17,Resolved,QoS
INC001686,SITE016,2026-04-26,Device Configuration,P3,Soft Client,Provisioning Failure,1.12,Closed,User Error
INC001687,SITE035,2026-05-08,QoS,P4,Soft Client,UAT Failure,3.03,Open,Configuration
INC001688,SITE033,2026-07-28,Codec,P4,Room Device,Dialing Issue,11.71,In Progress,Unknown
INC001689,SITE024,2026-05-11,Registration,P2,Desk Phone,Poor Call Quality,2.36,Resolved,Provisioning
INC001690,SITE002,2026-08-20,Network,P3,Room Device,One-Way Audio,4.59,Resolved,QoS
INC001691,SITE022,2026-03-13,Registration,P2,Room Device,Registration Failure,3.39,Closed,QoS
INC001692,SITE020,2026-02-15,Dial Plan,P3,Soft Client,Provisioning Failure,1.75,Resolved,Network
INC001693,SITE004,2026-05-01,SIP,P2,Room Device,One-Way Audio,1.39,Resolved,Network
INC001694,SITE011,2026-05-30,UAT,P3,Desk Phone,Device Configuration,2.28,In Progress,User Error
INC001695,SITE034,2026-04-04,Provisioning,P4,Room Device,Dialing Issue,3.43,Open,QoS
INC001696,SITE010,2026-02-04,UAT,P3,Room Device,Dialing Issue,3.64,In Progress,Configuration
INC001697,SITE004,2026-05-12,UAT,P4,Room Device,Provisioning Failure,2.48,In Progress,Unknown
INC001698,SITE006,2026-06-08,Network,P3,Soft Client,Dialing Issue,2.25,Resolved,Network
INC001699,SITE008,2026-08-01,Dial Plan,P2,Soft Client,Device Configuration,3.1,Resolved,Network
INC001700,SITE019,2026-01-29,Network,P4,Soft Client,Registration Failure,0.8,Resolved,User Error
INC001701,SITE019,2026-07-06,Dial Plan,P3,Soft Client,Device Configuration,6.02,Resolved,Unknown
INC001702,SITE016,2026-03-06,Dial Plan,P3,Room Device,Device Configuration,6.66,Open,Network
INC001703,SITE010,2026-05-14,Call Quality,P4,Mobile,No Audio,1.95,Closed,Device Issue
INC001704,SITE005,2026-03-09,Device Configuration,P3,Mobile,Registration Failure,1.42,Open,QoS
INC001705,SITE033,2026-06-12,Dial Plan,P2,Soft Client,No Audio,7.75,Closed,User Error
INC001706,SITE005,2026-05-08,Codec,P3,Desk Phone,Dialing Issue,4.81,Resolved,User Error
INC001707,SITE014,2026-08-06,Audio,P4,Desk Phone,Dialing Issue,3.07,Resolved,Unknown
INC001708,SITE012,2026-07-10,Provisioning,P3,Mobile,No Audio,1.83,Resolved,Configuration
INC001709,SITE025,2026-05-14,Network,P4,Soft Client,Registration Failure,2.02,Resolved,Unknown
INC001710,SITE022,2026-01-13,UAT,P3,Desk Phone,Poor Call Quality,3.3,Closed,Configuration
INC001711,SITE018,2026-07-14,Audio,P3,Soft Client,No Audio,2.45,In Progress,Network
INC001712,SITE003,2026-01-07,QoS,P1,Mobile,Poor Call Quality,5.08,In Progress,Unknown
INC001713,SITE023,2026-02-16,Registration,P3,Room Device,UAT Failure,0.6,Resolved,Device Issue
INC001714,SITE031,2026-03-09,Provisioning,P3,Desk Phone,Registration Failure,3.73,In Progress,User Error
INC001715,SITE017,2026-02-14,Dial Plan,P3,Mobile,Poor Call Quality,2.79,Resolved,Provisioning
INC001716,SITE006,2026-05-22,QoS,P3,Soft Client,Provisioning Failure,6.8,Resolved,Unknown
INC001717,SITE010,2026-01-02,Call Quality,P3,Mobile,No Audio,1.33,In Progress,Unknown
INC001718,SITE021,2026-04-21,QoS,P1,Mobile,Device Configuration,5.5,Resolved,User Error
INC001719,SITE015,2026-04-24,QoS,P3,Soft Client,Dialing Issue,8.07,Resolved,Provisioning
INC001720,SITE017,2026-02-10,SIP,P2,Desk Phone,Registration Failure,2.0,Closed,Unknown
INC001721,SITE002,2026-06-19,Registration,P3,Desk Phone,UAT Failure,8.45,In Progress,User Error
INC001722,SITE012,2026-08-12,Provisioning,P3,Room Device,Provisioning Failure,1.27,Open,Device Issue
INC001723,SITE005,2026-03-11,Codec,P3,Mobile,Provisioning Failure,14.65,Resolved,QoS
INC001724,SITE012,2026-03-01,Codec,P4,Mobile,Poor Call Quality,3.54,Resolved,Network
INC001725,SITE005,2026-07-01,Provisioning,P3,Room Device,Dialing Issue,2.66,Closed,Configuration
INC001726,SITE023,2026-02-04,Network,P3,Soft Client,Provisioning Failure,6.78,Closed,Configuration
INC001727,SITE005,2026-08-31,UAT,P3,Soft Client,Device Configuration,2.04,In Progress,Network
INC001728,SITE031,2026-06-16,SIP,P3,Mobile,No Audio,2.11,Closed,User Error
INC001729,SITE018,2026-01-17,Audio,P3,Desk Phone,Device Configuration,0.82,Resolved,Provisioning
INC001730,SITE023,2026-07-02,User Configuration,P3,Mobile,Registration Failure,1.45,Open,Configuration
INC001731,SITE034,2026-02-15,Registration,P3,Soft Client,Poor Call Quality,7.35,In Progress,Provisioning
INC001732,SITE012,2026-05-19,Dial Plan,P3,Desk Phone,Dialing Issue,3.14,Resolved,Device Issue
INC001733,SITE030,2026-02-20,Network,P4,Room Device,Poor Call Quality,1.61,In Progress,Configuration
INC001734,SITE030,2026-06-21,Audio,P3,Mobile,No Audio,7.22,Resolved,Device Issue
INC001735,SITE019,2026-07-06,Dial Plan,P4,Desk Phone,One-Way Audio,3.84,Resolved,User Error
INC001736,SITE003,2026-03-21,SIP,P3,Room Device,Registration Failure,3.32,Resolved,Unknown
INC001737,SITE010,2026-04-11,UAT,P4,Mobile,UAT Failure,2.24,Resolved,QoS
INC001738,SITE003,2026-08-06,Provisioning,P3,Room Device,Registration Failure,2.03,Closed,Configuration
INC001739,SITE003,2026-03-19,User Configuration,P3,Room Device,Dialing Issue,3.24,Resolved,Provisioning
INC001740,SITE004,2026-01-18,Call Quality,P3,Soft Client,One-Way Audio,4.17,Resolved,Device Issue
INC001741,SITE008,2026-06-12,QoS,P3,Room Device,Registration Failure,1.53,Resolved,User Error
INC001742,SITE007,2026-04-16,QoS,P3,Soft Client,Dialing Issue,3.1,Open,Provisioning
INC001743,SITE031,2026-02-07,Codec,P3,Mobile,UAT Failure,0.57,Resolved,QoS
INC001744,SITE010,2026-05-22,QoS,P1,Soft Client,One-Way Audio,9.13,Closed,Configuration
INC001745,SITE031,2026-05-03,Call Quality,P3,Room Device,Registration Failure,1.06,In Progress,Configuration
INC001746,SITE001,2026-02-09,Device Configuration,P4,Desk Phone,Device Configuration,3.16,Resolved,Unknown
INC001747,SITE024,2026-02-17,Network,P2,Soft Client,Dialing Issue,7.86,In Progress,Configuration
INC001748,SITE009,2026-08-11,Network,P2,Desk Phone,One-Way Audio,10.08,Closed,Device Issue
INC001749,SITE005,2026-03-15,UAT,P3,Desk Phone,One-Way Audio,7.98,Resolved,Provisioning
INC001750,SITE014,2026-02-25,Dial Plan,P4,Soft Client,Provisioning Failure,2.52,Closed,Unknown
INC001751,SITE022,2026-02-24,Codec,P4,Soft Client,Dialing Issue,2.77,Resolved,Provisioning
INC001752,SITE027,2026-06-16,QoS,P3,Mobile,No Audio,2.8,Resolved,Unknown
INC001753,SITE019,2026-04-25,User Configuration,P1,Room Device,One-Way Audio,3.84,Open,Configuration
INC001754,SITE026,2026-07-04,User Configuration,P3,Room Device,UAT Failure,1.22,In Progress,Unknown
INC001755,SITE006,2026-05-11,Network,P2,Mobile,Poor Call Quality,6.2,Closed,Unknown
INC001756,SITE013,2026-01-29,QoS,P3,Soft Client,Poor Call Quality,2.33,Resolved,Configuration
INC001757,SITE004,2026-07-01,SIP,P3,Mobile,UAT Failure,2.5,Resolved,Provisioning
INC001758,SITE002,2026-01-01,QoS,P4,Desk Phone,Dialing Issue,3.15,Resolved,Unknown
INC001759,SITE004,2026-04-20,Device Configuration,P3,Desk Phone,No Audio,7.19,Resolved,User Error
INC001760,SITE007,2026-05-03,Codec,P3,Desk Phone,Device Configuration,6.21,Resolved,Unknown
INC001761,SITE029,2026-03-26,QoS,P3,Desk Phone,Registration Failure,0.88,Resolved,Device Issue
INC001762,SITE017,2026-05-10,UAT,P2,Mobile,UAT Failure,7.3,Resolved,User Error
INC001763,SITE007,2026-06-02,Call Quality,P2,Desk Phone,Dialing Issue,4.51,Closed,User Error
INC001764,SITE011,2026-04-28,Provisioning,P2,Room Device,Poor Call Quality,3.34,Resolved,Configuration
INC001765,SITE008,2026-05-24,Codec,P3,Room Device,Device Configuration,5.53,Resolved,Network
INC001766,SITE026,2026-03-06,Network,P4,Mobile,One-Way Audio,6.71,Resolved,Provisioning
INC001767,SITE013,2026-07-18,Dial Plan,P3,Room Device,Registration Failure,2.65,Closed,User Error
INC001768,SITE023,2026-03-31,Provisioning,P4,Desk Phone,Device Configuration,39.79,Resolved,Network
INC001769,SITE016,2026-01-29,Network,P3,Room Device,Provisioning Failure,2.27,In Progress,QoS
INC001770,SITE032,2026-05-14,User Configuration,P3,Soft Client,One-Way Audio,3.44,Closed,QoS
INC001771,SITE024,2026-03-06,UAT,P3,Mobile,Dialing Issue,10.11,Resolved,Network
INC001772,SITE006,2026-03-12,Provisioning,P2,Room Device,Dialing Issue,2.62,Resolved,Configuration
INC001773,SITE014,2026-01-02,Device Configuration,P4,Mobile,One-Way Audio,1.8,Resolved,Device Issue
INC001774,SITE035,2026-05-31,Provisioning,P4,Room Device,Provisioning Failure,7.77,In Progress,Network
INC001775,SITE020,2026-05-14,Call Quality,P3,Desk Phone,Provisioning Failure,8.07,In Progress,Provisioning
INC001776,SITE034,2026-03-08,Network,P4,Desk Phone,Poor Call Quality,1.69,In Progress,Configuration
INC001777,SITE013,2026-04-30,Call Quality,P2,Soft Client,Dialing Issue,14.45,Resolved,Configuration
INC001778,SITE028,2026-01-13,Provisioning,P3,Desk Phone,Poor Call Quality,3.42,Resolved,Unknown
INC001779,SITE032,2026-08-30,Dial Plan,P3,Room Device,Poor Call Quality,1.29,Resolved,User Error
INC001780,SITE032,2026-07-17,Codec,P3,Mobile,Device Configuration,3.0,Resolved,Network
INC001781,SITE013,2026-03-24,QoS,P2,Mobile,Registration Failure,4.54,Resolved,Unknown
INC001782,SITE008,2026-06-29,Codec,P4,Mobile,UAT Failure,10.24,Resolved,Unknown
INC001783,SITE026,2026-07-22,Provisioning,P2,Mobile,Registration Failure,0.96,Resolved,QoS
INC001784,SITE010,2026-06-12,Registration,P3,Mobile,One-Way Audio,3.93,Closed,User Error
INC001785,SITE015,2026-03-11,UAT,P3,Room Device,One-Way Audio,4.79,Resolved,Device Issue
INC001786,SITE022,2026-08-12,Audio,P4,Soft Client,Registration Failure,2.72,Resolved,Device Issue
INC001787,SITE006,2026-01-24,Codec,P3,Mobile,Device Configuration,2.78,Resolved,QoS
INC001788,SITE026,2026-04-25,User Configuration,P3,Mobile,Poor Call Quality,2.92,In Progress,Network
INC001789,SITE032,2026-04-20,UAT,P1,Desk Phone,Device Configuration,3.98,Closed,User Error
INC001790,SITE025,2026-01-01,Audio,P3,Mobile,Provisioning Failure,3.99,Resolved,QoS
INC001791,SITE030,2026-06-30,SIP,P3,Mobile,No Audio,4.95,In Progress,Provisioning
INC001792,SITE007,2026-08-18,Network,P3,Desk Phone,Provisioning Failure,1.6,In Progress,User Error
INC001793,SITE001,2026-04-24,Call Quality,P2,Room Device,One-Way Audio,13.15,Resolved,QoS
INC001794,SITE022,2026-06-09,Registration,P2,Room Device,UAT Failure,2.42,Resolved,QoS
INC001795,SITE013,2026-06-23,Call Quality,P2,Soft Client,Poor Call Quality,1.22,Open,User Error
INC001796,SITE035,2026-03-22,QoS,P3,Mobile,Registration Failure,3.46,Resolved,Device Issue
INC001797,SITE026,2026-06-25,Provisioning,P2,Mobile,UAT Failure,4.3,In Progress,Configuration
INC001798,SITE028,2026-08-23,User Configuration,P4,Mobile,Dialing Issue,4.83,In Progress,Network
INC001799,SITE004,2026-03-30,Codec,P3,Room Device,Dialing Issue,6.79,Resolved,User Error
INC001800,SITE007,2026-06-07,User Configuration,P4,Soft Client,Provisioning Failure,2.57,Resolved,Network
INC001801,SITE008,2026-05-29,Dial Plan,P3,Room Device,Poor Call Quality,2.45,Resolved,Unknown
INC001802,SITE007,2026-08-06,SIP,P4,Soft Client,UAT Failure,8.57,Open,Device Issue
INC001803,SITE033,2026-08-10,SIP,P3,Room Device,UAT Failure,1.33,Resolved,Unknown
INC001804,SITE003,2026-02-22,SIP,P3,Room Device,No Audio,5.09,Closed,Network
INC001805,SITE017,2026-01-03,UAT,P3,Room Device,One-Way Audio,5.39,Resolved,User Error
INC001806,SITE012,2026-06-26,Provisioning,P3,Room Device,UAT Failure,2.46,Resolved,User Error
INC001807,SITE023,2026-07-13,Dial Plan,P3,Desk Phone,Provisioning Failure,0.81,Resolved,Device Issue
INC001808,SITE010,2026-04-24,Device Configuration,P3,Soft Client,UAT Failure,4.36,Open,Device Issue
INC001809,SITE034,2026-05-25,QoS,P3,Mobile,Dialing Issue,1.85,In Progress,Network
INC001810,SITE018,2026-07-27,UAT,P3,Room Device,Dialing Issue,3.47,Open,QoS
INC001811,SITE004,2026-06-06,QoS,P2,Room Device,UAT Failure,3.7,Open,Configuration
INC001812,SITE031,2026-08-12,Audio,P3,Soft Client,Device Configuration,6.03,Open,Network
INC001813,SITE028,2026-03-04,Network,P4,Soft Client,UAT Failure,0.91,Resolved,Unknown
INC001814,SITE024,2026-08-05,Device Configuration,P2,Soft Client,No Audio,3.51,Resolved,Unknown
INC001815,SITE015,2026-06-19,Registration,P2,Soft Client,One-Way Audio,2.02,Resolved,Configuration
INC001816,SITE023,2026-07-15,Device Configuration,P2,Soft Client,Poor Call Quality,9.23,Closed,Provisioning
INC001817,SITE026,2026-02-07,QoS,P3,Room Device,UAT Failure,3.99,Resolved,Network
INC001818,SITE024,2026-06-24,Call Quality,P3,Soft Client,Dialing Issue,0.72,Closed,QoS
INC001819,SITE008,2026-01-17,Registration,P2,Mobile,Device Configuration,3.29,Resolved,Provisioning
INC001820,SITE005,2026-07-20,Device Configuration,P2,Room Device,Device Configuration,2.07,In Progress,Unknown
INC001821,SITE013,2026-06-25,Provisioning,P4,Room Device,Registration Failure,2.07,Resolved,Unknown
INC001822,SITE034,2026-02-11,Network,P3,Room Device,Provisioning Failure,4.91,Resolved,Network
INC001823,SITE016,2026-08-16,Audio,P4,Mobile,Provisioning Failure,1.6,Closed,Provisioning
INC001824,SITE016,2026-08-03,Network,P3,Soft Client,Device Configuration,1.12,Resolved,QoS
INC001825,SITE011,2026-07-21,Device Configuration,P3,Mobile,UAT Failure,2.1,Resolved,Provisioning
INC001826,SITE002,2026-06-13,Call Quality,P3,Room Device,Device Configuration,1.32,Closed,Configuration
INC001827,SITE013,2026-06-12,Device Configuration,P3,Mobile,No Audio,3.82,Open,Network
INC001828,SITE028,2026-07-17,User Configuration,P3,Mobile,Device Configuration,2.06,Closed,Device Issue
INC001829,SITE024,2026-05-01,Dial Plan,P2,Room Device,Dialing Issue,3.29,Resolved,Configuration
INC001830,SITE005,2026-05-27,QoS,P4,Soft Client,Poor Call Quality,1.84,In Progress,Provisioning
INC001831,SITE033,2026-03-10,Network,P3,Room Device,Provisioning Failure,9.34,Resolved,Provisioning
INC001832,SITE034,2026-06-09,Codec,P2,Room Device,Provisioning Failure,13.39,Closed,Device Issue
INC001833,SITE026,2026-08-12,QoS,P3,Desk Phone,Device Configuration,1.19,Resolved,Device Issue
INC001834,SITE027,2026-04-04,Network,P3,Desk Phone,Provisioning Failure,2.55,Closed,User Error
INC001835,SITE035,2026-04-02,UAT,P4,Soft Client,No Audio,13.45,Resolved,Unknown
INC001836,SITE008,2026-02-13,Device Configuration,P2,Mobile,Dialing Issue,5.61,Resolved,Network
INC001837,SITE023,2026-07-27,QoS,P4,Soft Client,One-Way Audio,2.12,Resolved,User Error
INC001838,SITE029,2026-08-04,Registration,P4,Desk Phone,Provisioning Failure,2.6,In Progress,QoS
INC001839,SITE015,2026-07-03,Device Configuration,P2,Room Device,Provisioning Failure,1.16,Open,QoS
INC001840,SITE004,2026-08-05,UAT,P3,Soft Client,One-Way Audio,1.66,In Progress,Network
INC001841,SITE011,2026-08-13,Codec,P4,Room Device,No Audio,4.52,Resolved,Device Issue
INC001842,SITE001,2026-04-01,Network,P3,Desk Phone,UAT Failure,6.82,Resolved,User Error
INC001843,SITE026,2026-06-05,Call Quality,P3,Soft Client,Device Configuration,4.87,Resolved,Unknown
INC001844,SITE033,2026-04-22,Registration,P4,Mobile,One-Way Audio,6.5,Open,Device Issue
INC001845,SITE008,2026-02-14,UAT,P3,Desk Phone,Device Configuration,3.51,In Progress,Unknown
INC001846,SITE016,2026-04-10,Network,P4,Soft Client,Provisioning Failure,9.12,Resolved,Provisioning
INC001847,SITE007,2026-07-18,UAT,P2,Mobile,Poor Call Quality,1.19,Open,Network
INC001848,SITE026,2026-05-17,Network,P3,Soft Client,Registration Failure,5.37,Open,Unknown
INC001849,SITE033,2026-02-08,Network,P2,Room Device,No Audio,2.09,Resolved,Device Issue
INC001850,SITE025,2026-06-14,Call Quality,P3,Desk Phone,No Audio,3.35,Open,Provisioning
INC001851,SITE027,2026-08-19,Codec,P3,Desk Phone,Provisioning Failure,5.93,Closed,QoS
INC001852,SITE019,2026-01-30,Audio,P4,Soft Client,Poor Call Quality,1.8,Closed,Device Issue
INC001853,SITE029,2026-08-05,User Configuration,P3,Desk Phone,One-Way Audio,4.66,Resolved,Configuration
INC001854,SITE011,2026-03-24,Provisioning,P3,Soft Client,Device Configuration,0.91,Resolved,Device Issue
INC001855,SITE004,2026-03-06,UAT,P1,Mobile,Provisioning Failure,6.27,In Progress,Provisioning
INC001856,SITE003,2026-01-05,QoS,P3,Soft Client,One-Way Audio,4.11,Resolved,QoS
INC001857,SITE013,2026-06-08,Codec,P4,Mobile,Poor Call Quality,5.84,Resolved,Device Issue
INC001858,SITE005,2026-03-04,User Configuration,P3,Mobile,No Audio,1.88,Resolved,Network
INC001859,SITE032,2026-03-30,Audio,P4,Desk Phone,Registration Failure,9.04,Resolved,User Error
INC001860,SITE030,2026-01-15,SIP,P3,Room Device,Poor Call Quality,5.27,In Progress,Provisioning
INC001861,SITE013,2026-04-13,Network,P4,Mobile,Poor Call Quality,8.91,Resolved,Network
INC001862,SITE026,2026-06-16,Dial Plan,P3,Desk Phone,Poor Call Quality,3.89,Resolved,Device Issue
INC001863,SITE035,2026-07-28,Network,P3,Soft Client,No Audio,2.08,Resolved,Device Issue
INC001864,SITE007,2026-01-30,UAT,P4,Soft Client,One-Way Audio,3.82,Open,Device Issue
INC001865,SITE005,2026-08-20,Registration,P3,Room Device,One-Way Audio,4.24,Closed,Device Issue
INC001866,SITE003,2026-06-30,Provisioning,P4,Desk Phone,One-Way Audio,8.14,Closed,Device Issue
INC001867,SITE017,2026-03-03,Network,P4,Soft Client,Dialing Issue,14.37,Resolved,Network
INC001868,SITE011,2026-07-29,Dial Plan,P3,Room Device,Registration Failure,1.55,Resolved,Configuration
INC001869,SITE017,2026-02-03,Provisioning,P2,Room Device,Dialing Issue,7.31,Resolved,Provisioning
INC001870,SITE008,2026-05-10,Provisioning,P4,Desk Phone,UAT Failure,4.03,Closed,User Error
INC001871,SITE006,2026-01-20,Audio,P3,Room Device,One-Way Audio,4.43,Resolved,QoS
INC001872,SITE020,2026-02-03,UAT,P2,Mobile,Poor Call Quality,4.13,Resolved,Configuration
INC001873,SITE011,2026-01-06,Provisioning,P4,Mobile,Provisioning Failure,2.56,Resolved,Network
INC001874,SITE007,2026-06-29,Device Configuration,P3,Room Device,Device Configuration,6.18,Open,Unknown
INC001875,SITE022,2026-01-08,SIP,P2,Room Device,Poor Call Quality,2.26,Resolved,QoS
INC001876,SITE022,2026-02-19,Dial Plan,P3,Soft Client,Poor Call Quality,3.21,Resolved,Configuration
INC001877,SITE014,2026-07-26,Codec,P3,Desk Phone,UAT Failure,11.46,Resolved,QoS
INC001878,SITE034,2026-07-17,Device Configuration,P4,Desk Phone,One-Way Audio,2.13,Resolved,Configuration
INC001879,SITE035,2026-04-14,QoS,P3,Desk Phone,UAT Failure,8.82,Resolved,Unknown
INC001880,SITE027,2026-07-29,QoS,P3,Room Device,Dialing Issue,5.36,Open,User Error
INC001881,SITE015,2026-07-07,Registration,P3,Desk Phone,Provisioning Failure,1.56,Resolved,Device Issue
INC001882,SITE003,2026-06-20,Codec,P3,Mobile,Dialing Issue,8.43,Closed,User Error
INC001883,SITE008,2026-04-17,Codec,P3,Soft Client,Provisioning Failure,2.24,In Progress,Device Issue
INC001884,SITE006,2026-03-26,Registration,P3,Desk Phone,Registration Failure,1.45,Open,Provisioning
INC001885,SITE009,2026-03-10,User Configuration,P4,Desk Phone,Registration Failure,1.97,Open,User Error
INC001886,SITE013,2026-07-03,Provisioning,P4,Desk Phone,Dialing Issue,2.22,Resolved,Network
INC001887,SITE028,2026-07-27,Codec,P2,Mobile,One-Way Audio,3.2,Resolved,Provisioning
INC001888,SITE003,2026-02-09,Call Quality,P3,Room Device,UAT Failure,1.86,In Progress,Provisioning
INC001889,SITE022,2026-06-23,UAT,P3,Mobile,UAT Failure,0.74,In Progress,Configuration
INC001890,SITE027,2026-06-01,Codec,P2,Soft Client,Dialing Issue,3.09,Open,Provisioning
INC001891,SITE018,2026-05-28,Provisioning,P2,Mobile,No Audio,1.52,Resolved,Provisioning
INC001892,SITE001,2026-08-02,Call Quality,P3,Mobile,Poor Call Quality,4.79,Resolved,Configuration
INC001893,SITE010,2026-01-26,Device Configuration,P1,Mobile,One-Way Audio,3.25,In Progress,Configuration
INC001894,SITE013,2026-05-03,SIP,P4,Desk Phone,Dialing Issue,3.57,In Progress,User Error
INC001895,SITE033,2026-01-09,Call Quality,P4,Soft Client,Dialing Issue,2.49,In Progress,Network
INC001896,SITE022,2026-01-04,UAT,P3,Soft Client,Dialing Issue,2.83,Resolved,Network
INC001897,SITE011,2026-02-28,QoS,P3,Desk Phone,One-Way Audio,2.24,In Progress,User Error
INC001898,SITE029,2026-07-13,Provisioning,P2,Mobile,No Audio,2.03,Resolved,Network
INC001899,SITE008,2026-04-07,Provisioning,P3,Desk Phone,No Audio,10.34,Closed,User Error
INC001900,SITE008,2026-04-26,Provisioning,P2,Room Device,Dialing Issue,13.83,Resolved,Unknown
INC001901,SITE016,2026-07-15,Network,P3,Room Device,No Audio,10.5,In Progress,Device Issue
INC001902,SITE013,2026-05-31,SIP,P2,Desk Phone,No Audio,7.89,Closed,Provisioning
INC001903,SITE020,2026-07-11,UAT,P3,Room Device,Device Configuration,3.33,Closed,Device Issue
INC001904,SITE002,2026-01-12,User Configuration,P3,Mobile,Device Configuration,9.06,Closed,Device Issue
INC001905,SITE033,2026-04-10,Device Configuration,P2,Room Device,Device Configuration,8.71,Open,Configuration
INC001906,SITE011,2026-05-17,Device Configuration,P4,Desk Phone,UAT Failure,7.33,Resolved,Provisioning
INC001907,SITE011,2026-02-19,SIP,P2,Soft Client,No Audio,1.38,Resolved,QoS
INC001908,SITE028,2026-08-16,UAT,P4,Desk Phone,Dialing Issue,6.13,Closed,Configuration
INC001909,SITE008,2026-06-30,Registration,P2,Soft Client,Poor Call Quality,0.96,Resolved,Provisioning
INC001910,SITE010,2026-02-03,Dial Plan,P3,Soft Client,Registration Failure,1.93,Resolved,User Error
INC001911,SITE028,2026-07-14,Device Configuration,P4,Room Device,Device Configuration,4.79,Closed,Unknown
INC001912,SITE035,2026-01-22,Registration,P3,Soft Client,Provisioning Failure,2.41,Resolved,Configuration
INC001913,SITE013,2026-06-06,QoS,P3,Room Device,One-Way Audio,1.25,Open,Device Issue
INC001914,SITE011,2026-06-19,Device Configuration,P4,Room Device,UAT Failure,1.44,In Progress,Unknown
INC001915,SITE017,2026-01-28,Dial Plan,P2,Soft Client,Device Configuration,3.26,Resolved,Network
INC001916,SITE019,2026-08-30,UAT,P2,Desk Phone,No Audio,3.86,Closed,User Error
INC001917,SITE004,2026-06-21,Network,P3,Mobile,UAT Failure,13.01,In Progress,Configuration
INC001918,SITE033,2026-04-23,Device Configuration,P3,Desk Phone,Device Configuration,0.64,Resolved,Device Issue
INC001919,SITE013,2026-08-19,Call Quality,P4,Mobile,Provisioning Failure,2.16,Resolved,Provisioning
INC001920,SITE026,2026-08-14,User Configuration,P4,Room Device,Device Configuration,3.06,Resolved,Device Issue
INC001921,SITE032,2026-02-04,QoS,P3,Desk Phone,Device Configuration,3.61,Closed,Unknown
INC001922,SITE024,2026-04-08,Codec,P3,Mobile,Dialing Issue,6.47,In Progress,Provisioning
INC001923,SITE004,2026-07-05,Audio,P4,Room Device,One-Way Audio,12.73,Open,Unknown
INC001924,SITE032,2026-02-12,User Configuration,P3,Room Device,Provisioning Failure,2.55,Resolved,Unknown
INC001925,SITE016,2026-08-26,Call Quality,P4,Soft Client,No Audio,1.69,Resolved,QoS
INC001926,SITE031,2026-01-19,UAT,P3,Desk Phone,Device Configuration,3.5,Resolved,Network
INC001927,SITE024,2026-05-22,Dial Plan,P2,Desk Phone,Provisioning Failure,1.92,Resolved,Device Issue
INC001928,SITE017,2026-05-17,Audio,P3,Mobile,Registration Failure,8.32,Resolved,Device Issue
INC001929,SITE005,2026-01-15,Network,P4,Room Device,Registration Failure,10.82,Closed,Network
INC001930,SITE028,2026-03-07,Registration,P3,Soft Client,One-Way Audio,3.68,Resolved,Unknown
INC001931,SITE020,2026-08-16,Audio,P3,Soft Client,Dialing Issue,7.36,Resolved,Provisioning
INC001932,SITE013,2026-05-31,Network,P2,Soft Client,No Audio,1.67,Resolved,Device Issue
INC001933,SITE030,2026-08-20,QoS,P1,Room Device,Dialing Issue,4.96,Closed,Unknown
INC001934,SITE028,2026-07-26,Codec,P3,Room Device,Device Configuration,6.73,Resolved,Provisioning
INC001935,SITE002,2026-05-12,Audio,P3,Soft Client,One-Way Audio,6.1,In Progress,User Error
INC001936,SITE008,2026-08-03,Dial Plan,P1,Soft Client,One-Way Audio,11.21,Resolved,Device Issue
INC001937,SITE004,2026-03-05,Network,P3,Soft Client,Poor Call Quality,10.62,Resolved,QoS
INC001938,SITE017,2026-04-22,Provisioning,P4,Mobile,Device Configuration,1.9,In Progress,QoS
INC001939,SITE024,2026-08-01,Codec,P3,Soft Client,Poor Call Quality,4.05,Resolved,Configuration
INC001940,SITE034,2026-02-18,UAT,P3,Soft Client,Dialing Issue,1.46,Resolved,Device Issue
INC001941,SITE008,2026-05-14,QoS,P3,Soft Client,One-Way Audio,1.28,Closed,Provisioning
INC001942,SITE002,2026-06-30,QoS,P4,Soft Client,Device Configuration,7.15,Resolved,Device Issue
INC001943,SITE009,2026-02-06,Provisioning,P2,Room Device,UAT Failure,2.87,In Progress,QoS
INC001944,SITE003,2026-08-30,Registration,P2,Room Device,One-Way Audio,5.29,Resolved,QoS
INC001945,SITE021,2026-08-20,SIP,P3,Room Device,One-Way Audio,4.58,Resolved,User Error
INC001946,SITE004,2026-05-21,Provisioning,P3,Room Device,Provisioning Failure,5.76,Resolved,Network
INC001947,SITE033,2026-06-10,UAT,P3,Room Device,Poor Call Quality,2.8,Resolved,Configuration
INC001948,SITE006,2026-08-13,SIP,P2,Mobile,One-Way Audio,1.98,In Progress,Unknown
INC001949,SITE013,2026-08-17,Audio,P3,Room Device,Provisioning Failure,1.37,Resolved,Device Issue
INC001950,SITE027,2026-07-31,SIP,P3,Desk Phone,No Audio,1.66,Resolved,Configuration
INC001951,SITE011,2026-05-05,Codec,P3,Room Device,No Audio,0.93,Resolved,User Error
INC001952,SITE001,2026-03-10,Dial Plan,P2,Room Device,UAT Failure,3.48,Resolved,Network
INC001953,SITE020,2026-01-06,UAT,P3,Mobile,Dialing Issue,5.25,Resolved,Provisioning
INC001954,SITE021,2026-08-13,User Configuration,P3,Soft Client,Provisioning Failure,1.29,Resolved,User Error
INC001955,SITE001,2026-05-22,Registration,P3,Room Device,Device Configuration,4.17,Resolved,Configuration
INC001956,SITE022,2026-07-06,User Configuration,P2,Mobile,Poor Call Quality,3.75,Resolved,User Error
INC001957,SITE008,2026-06-08,Registration,P4,Soft Client,Poor Call Quality,4.86,Resolved,Configuration
INC001958,SITE035,2026-05-30,SIP,P3,Soft Client,Dialing Issue,4.1,Resolved,Configuration
INC001959,SITE009,2026-07-05,Call Quality,P4,Room Device,Poor Call Quality,1.46,Closed,QoS
INC001960,SITE006,2026-07-15,Network,P4,Room Device,Provisioning Failure,3.27,In Progress,Provisioning
INC001961,SITE034,2026-05-24,Device Configuration,P3,Soft Client,Poor Call Quality,3.56,Resolved,Configuration
INC001962,SITE011,2026-08-01,Dial Plan,P4,Mobile,Poor Call Quality,9.66,Resolved,QoS
INC001963,SITE011,2026-05-14,UAT,P3,Room Device,UAT Failure,1.43,In Progress,Network
INC001964,SITE022,2026-03-23,Call Quality,P4,Desk Phone,Registration Failure,8.08,Open,Unknown
INC001965,SITE025,2026-03-07,Device Configuration,P3,Desk Phone,Device Configuration,1.87,Closed,Network
INC001966,SITE015,2026-04-07,UAT,P3,Desk Phone,UAT Failure,2.17,Closed,Provisioning
INC001967,SITE014,2026-03-05,QoS,P3,Room Device,Registration Failure,4.71,Resolved,QoS
INC001968,SITE030,2026-07-07,QoS,P2,Mobile,One-Way Audio,3.57,In Progress,Unknown
INC001969,SITE027,2026-07-26,Provisioning,P3,Soft Client,One-Way Audio,3.14,Closed,QoS
INC001970,SITE023,2026-01-15,Network,P3,Room Device,No Audio,3.87,Resolved,QoS
INC001971,SITE024,2026-04-26,Codec,P4,Soft Client,Poor Call Quality,2.66,Resolved,Unknown
INC001972,SITE029,2026-08-21,Dial Plan,P4,Mobile,Poor Call Quality,2.41,Resolved,Device Issue
INC001973,SITE008,2026-01-22,Provisioning,P3,Desk Phone,Dialing Issue,7.04,Closed,Provisioning
INC001974,SITE027,2026-03-10,UAT,P3,Desk Phone,No Audio,4.81,Closed,User Error
INC001975,SITE027,2026-05-31,Provisioning,P3,Mobile,Registration Failure,24.35,Closed,Unknown
INC001976,SITE035,2026-06-10,Call Quality,P4,Desk Phone,Dialing Issue,6.21,In Progress,Network
INC001977,SITE012,2026-06-08,Network,P3,Room Device,Device Configuration,1.73,Resolved,Unknown
INC001978,SITE028,2026-07-09,Call Quality,P4,Mobile,Poor Call Quality,2.11,Resolved,Unknown
INC001979,SITE028,2026-02-23,User Configuration,P4,Mobile,No Audio,0.75,Resolved,QoS
INC001980,SITE033,2026-02-21,Dial Plan,P4,Mobile,UAT Failure,2.74,In Progress,Provisioning
INC001981,SITE028,2026-01-16,Provisioning,P4,Room Device,No Audio,4.49,Closed,Network
INC001982,SITE002,2026-05-18,QoS,P3,Soft Client,One-Way Audio,2.3,Resolved,Device Issue
INC001983,SITE027,2026-04-24,Device Configuration,P3,Desk Phone,Dialing Issue,3.85,Resolved,Unknown
INC001984,SITE033,2026-04-09,Provisioning,P4,Soft Client,Registration Failure,0.37,Resolved,QoS
INC001985,SITE005,2026-08-08,Codec,P4,Desk Phone,Dialing Issue,3.95,Resolved,QoS
INC001986,SITE027,2026-05-28,SIP,P3,Room Device,Provisioning Failure,2.82,Open,User Error
INC001987,SITE011,2026-01-26,Network,P4,Desk Phone,Provisioning Failure,1.65,Resolved,Provisioning
INC001988,SITE007,2026-08-04,User Configuration,P1,Soft Client,Registration Failure,1.64,Open,Unknown
INC001989,SITE018,2026-05-06,UAT,P3,Desk Phone,Poor Call Quality,0.78,Closed,Network
INC001990,SITE031,2026-06-02,UAT,P3,Soft Client,Device Configuration,8.01,Closed,Configuration
INC001991,SITE028,2026-06-16,Audio,P4,Desk Phone,UAT Failure,3.55,In Progress,Unknown
INC001992,SITE025,2026-04-29,SIP,P3,Mobile,UAT Failure,8.57,Resolved,QoS
INC001993,SITE018,2026-08-02,UAT,P3,Room Device,One-Way Audio,3.1,Resolved,Configuration
INC001994,SITE020,2026-06-14,Audio,P3,Room Device,One-Way Audio,0.75,Resolved,QoS
INC001995,SITE029,2026-05-05,Call Quality,P2,Mobile,Dialing Issue,3.04,Resolved,Device Issue
INC001996,SITE004,2026-08-18,Network,P2,Soft Client,Provisioning Failure,9.68,In Progress,User Error
INC001997,SITE002,2026-08-25,SIP,P2,Desk Phone,Poor Call Quality,1.0,In Progress,Device Issue
INC001998,SITE011,2026-01-28,User Configuration,P4,Room Device,No Audio,5.86,Resolved,Network
INC001999,SITE019,2026-06-23,Provisioning,P3,Desk Phone,No Audio,8.95,Resolved,Device Issue
INC002000,SITE031,2026-02-05,QoS,P3,Soft Client,Registration Failure,2.61,Closed,Provisioning
INC002001,SITE004,2026-01-03,Registration,P3,Room Device,Dialing Issue,1.32,Resolved,Device Issue
INC002002,SITE021,2026-05-12,QoS,P3,Mobile,No Audio,2.92,Resolved,Unknown
INC002003,SITE022,2026-08-12,SIP,P4,Room Device,UAT Failure,2.25,Closed,User Error
INC002004,SITE024,2026-01-06,SIP,P3,Mobile,Provisioning Failure,4.94,Resolved,QoS
INC002005,SITE008,2026-03-29,SIP,P4,Mobile,Registration Failure,6.57,Resolved,Unknown
INC002006,SITE006,2026-01-02,QoS,P4,Desk Phone,One-Way Audio,4.21,Resolved,Configuration
INC002007,SITE026,2026-06-04,Network,P4,Desk Phone,Registration Failure,5.68,Resolved,QoS
INC002008,SITE005,2026-03-02,UAT,P3,Mobile,Provisioning Failure,3.16,Open,Network
INC002009,SITE023,2026-01-10,Codec,P3,Soft Client,No Audio,5.73,Resolved,Configuration
INC002010,SITE031,2026-08-14,Provisioning,P3,Mobile,Dialing Issue,2.01,In Progress,Unknown
INC002011,SITE024,2026-08-23,QoS,P2,Desk Phone,Device Configuration,2.53,In Progress,Device Issue
INC002012,SITE026,2026-03-17,Provisioning,P2,Desk Phone,Registration Failure,1.18,In Progress,Provisioning
INC002013,SITE010,2026-05-13,User Configuration,P3,Mobile,Registration Failure,1.97,Resolved,QoS
INC002014,SITE023,2026-05-16,UAT,P4,Soft Client,One-Way Audio,8.69,Resolved,QoS
INC002015,SITE010,2026-04-20,UAT,P3,Desk Phone,Poor Call Quality,2.76,In Progress,Device Issue
INC002016,SITE031,2026-06-24,QoS,P2,Soft Client,Provisioning Failure,6.1,Resolved,Device Issue
INC002017,SITE007,2026-07-21,Provisioning,P3,Mobile,Registration Failure,2.29,Resolved,Configuration
INC002018,SITE009,2026-04-19,SIP,P3,Soft Client,Provisioning Failure,4.51,Resolved,Unknown
INC002019,SITE014,2026-05-20,User Configuration,P2,Mobile,Device Configuration,2.28,Resolved,User Error
INC002020,SITE003,2026-01-22,Call Quality,P3,Desk Phone,One-Way Audio,2.94,Open,Device Issue
INC002021,SITE026,2026-01-11,Registration,P4,Desk Phone,Dialing Issue,0.76,Resolved,Provisioning
INC002022,SITE023,2026-08-17,QoS,P2,Room Device,Provisioning Failure,2.49,Resolved,Configuration
INC002023,SITE005,2026-05-29,Dial Plan,P3,Mobile,One-Way Audio,6.47,Resolved,User Error
INC002024,SITE034,2026-05-05,Network,P3,Room Device,Registration Failure,6.36,Resolved,Network
INC002025,SITE035,2026-05-01,Codec,P4,Soft Client,UAT Failure,1.75,Resolved,Network
INC002026,SITE004,2026-08-12,User Configuration,P2,Mobile,UAT Failure,1.73,Resolved,QoS
INC002027,SITE020,2026-08-12,Registration,P2,Mobile,Device Configuration,5.54,Open,QoS
INC002028,SITE002,2026-08-01,User Configuration,P4,Desk Phone,Device Configuration,2.63,Resolved,Unknown
INC002029,SITE011,2026-07-12,Device Configuration,P3,Mobile,Provisioning Failure,3.19,Open,User Error
INC002030,SITE017,2026-07-01,Call Quality,P4,Soft Client,No Audio,2.88,Resolved,Configuration
INC002031,SITE003,2026-06-05,User Configuration,P2,Desk Phone,UAT Failure,2.9,Resolved,Configuration
INC002032,SITE003,2026-06-05,Codec,P3,Mobile,Device Configuration,0.76,Resolved,Configuration
INC002033,SITE013,2026-08-03,Registration,P3,Soft Client,One-Way Audio,4.16,In Progress,Network
INC002034,SITE017,2026-02-12,Call Quality,P3,Mobile,Poor Call Quality,1.84,Open,Device Issue
INC002035,SITE020,2026-01-04,Device Configuration,P3,Desk Phone,No Audio,13.03,Resolved,Configuration
INC002036,SITE006,2026-01-18,Dial Plan,P2,Desk Phone,Device Configuration,8.08,In Progress,Device Issue
INC002037,SITE030,2026-06-27,Call Quality,P3,Soft Client,Dialing Issue,7.34,Resolved,Unknown
INC002038,SITE025,2026-04-24,SIP,P3,Desk Phone,Registration Failure,2.15,Resolved,Device Issue
INC002039,SITE031,2026-03-23,Call Quality,P3,Mobile,UAT Failure,2.03,Resolved,Configuration
INC002040,SITE023,2026-05-10,Registration,P2,Mobile,Provisioning Failure,2.88,Closed,Network
INC002041,SITE027,2026-02-15,Dial Plan,P3,Desk Phone,Provisioning Failure,1.56,Open,Provisioning
INC002042,SITE011,2026-08-18,Device Configuration,P3,Mobile,UAT Failure,2.24,In Progress,Provisioning
INC002043,SITE008,2026-03-04,Audio,P2,Mobile,One-Way Audio,4.53,Resolved,Network
INC002044,SITE034,2026-06-26,User Configuration,P4,Room Device,Device Configuration,4.25,Open,Device Issue
INC002045,SITE024,2026-07-13,Registration,P2,Desk Phone,Dialing Issue,1.1,Resolved,User Error
INC002046,SITE031,2026-03-02,Network,P3,Mobile,Poor Call Quality,6.46,Resolved,Configuration
INC002047,SITE023,2026-07-01,UAT,P2,Desk Phone,Dialing Issue,1.55,In Progress,Unknown
INC002048,SITE015,2026-06-07,Call Quality,P2,Mobile,One-Way Audio,6.12,Resolved,QoS
INC002049,SITE017,2026-04-26,User Configuration,P2,Desk Phone,Registration Failure,5.48,Closed,Provisioning
INC002050,SITE015,2026-01-21,Audio,P3,Desk Phone,Registration Failure,8.39,Closed,Unknown
INC002051,SITE031,2026-01-18,Call Quality,P3,Soft Client,Poor Call Quality,12.04,Resolved,Network
INC002052,SITE016,2026-05-08,Call Quality,P3,Mobile,Dialing Issue,7.91,Closed,Device Issue
INC002053,SITE013,2026-02-20,Call Quality,P3,Mobile,Registration Failure,1.23,Resolved,QoS
INC002054,SITE020,2026-07-01,Audio,P4,Desk Phone,Device Configuration,0.96,Resolved,User Error
INC002055,SITE033,2026-07-08,QoS,P4,Mobile,Provisioning Failure,2.96,Resolved,Configuration
INC002056,SITE034,2026-05-02,Provisioning,P2,Soft Client,No Audio,6.56,Closed,Network
INC002057,SITE016,2026-02-17,Codec,P4,Soft Client,One-Way Audio,20.35,Resolved,Provisioning
INC002058,SITE013,2026-06-24,SIP,P3,Soft Client,One-Way Audio,2.07,Closed,User Error
INC002059,SITE030,2026-08-03,Codec,P3,Mobile,UAT Failure,2.14,Closed,QoS
INC002060,SITE019,2026-08-04,Call Quality,P3,Mobile,Dialing Issue,8.94,Resolved,Network
INC002061,SITE010,2026-01-27,SIP,P3,Mobile,Poor Call Quality,0.71,Open,Device Issue
INC002062,SITE006,2026-08-03,Registration,P3,Mobile,Poor Call Quality,2.0,Resolved,Provisioning
INC002063,SITE007,2026-01-31,Audio,P2,Mobile,No Audio,1.42,Resolved,QoS
INC002064,SITE030,2026-06-16,Network,P4,Mobile,Registration Failure,2.94,Resolved,Device Issue
INC002065,SITE022,2026-08-29,Provisioning,P1,Room Device,UAT Failure,1.98,In Progress,Provisioning
INC002066,SITE014,2026-06-28,Provisioning,P3,Desk Phone,Provisioning Failure,3.35,Resolved,Unknown
INC002067,SITE007,2026-06-25,User Configuration,P3,Room Device,One-Way Audio,3.2,Open,Provisioning
INC002068,SITE023,2026-07-26,Dial Plan,P4,Soft Client,Dialing Issue,1.55,Resolved,Device Issue
INC002069,SITE026,2026-07-16,Dial Plan,P4,Room Device,One-Way Audio,1.33,In Progress,Provisioning
INC002070,SITE032,2026-05-02,Dial Plan,P4,Soft Client,Registration Failure,7.94,Resolved,Network
INC002071,SITE018,2026-04-02,Dial Plan,P3,Mobile,UAT Failure,5.18,Closed,Configuration
INC002072,SITE030,2026-01-14,Dial Plan,P3,Soft Client,One-Way Audio,2.97,Resolved,Network
INC002073,SITE002,2026-08-23,UAT,P3,Room Device,Registration Failure,4.12,Resolved,Device Issue
INC002074,SITE023,2026-05-14,User Configuration,P3,Mobile,Device Configuration,2.87,Closed,Network
INC002075,SITE018,2026-08-19,User Configuration,P3,Mobile,One-Way Audio,3.4,In Progress,Provisioning
INC002076,SITE009,2026-04-23,Provisioning,P4,Mobile,UAT Failure,1.64,Resolved,Configuration
INC002077,SITE029,2026-01-15,QoS,P4,Desk Phone,No Audio,3.93,Resolved,Device Issue
INC002078,SITE003,2026-02-02,Codec,P3,Room Device,Device Configuration,2.42,Closed,Provisioning
INC002079,SITE027,2026-06-01,Codec,P4,Mobile,One-Way Audio,6.91,Resolved,QoS
INC002080,SITE018,2026-02-25,Device Configuration,P4,Soft Client,Device Configuration,6.4,Resolved,Unknown
INC002081,SITE011,2026-04-17,SIP,P3,Soft Client,No Audio,2.62,Closed,QoS
INC002082,SITE007,2026-06-27,Registration,P3,Mobile,Registration Failure,2.19,In Progress,Configuration
INC002083,SITE004,2026-01-29,Registration,P4,Mobile,Registration Failure,4.46,In Progress,Device Issue
INC002084,SITE034,2026-03-11,UAT,P3,Mobile,Registration Failure,2.33,Resolved,Configuration
INC002085,SITE009,2026-03-19,UAT,P4,Desk Phone,Device Configuration,3.83,In Progress,User Error
INC002086,SITE013,2026-01-26,UAT,P2,Soft Client,UAT Failure,2.23,Resolved,Device Issue
INC002087,SITE021,2026-08-19,Provisioning,P1,Desk Phone,Device Configuration,9.29,Resolved,Provisioning
INC002088,SITE034,2026-06-25,Codec,P4,Soft Client,UAT Failure,3.52,Closed,Network
INC002089,SITE004,2026-06-22,Provisioning,P3,Desk Phone,Provisioning Failure,3.4,Resolved,Network
INC002090,SITE023,2026-08-12,Dial Plan,P3,Room Device,Registration Failure,4.25,Closed,User Error
INC002091,SITE034,2026-01-25,User Configuration,P4,Mobile,No Audio,2.35,Resolved,User Error
INC002092,SITE026,2026-02-12,Device Configuration,P4,Desk Phone,Registration Failure,2.85,Resolved,Device Issue
INC002093,SITE017,2026-03-07,UAT,P3,Mobile,Device Configuration,1.23,Resolved,QoS
INC002094,SITE012,2026-01-27,Call Quality,P3,Soft Client,No Audio,7.15,Resolved,Device Issue
INC002095,SITE005,2026-05-12,Provisioning,P4,Room Device,One-Way Audio,4.74,Resolved,Network
INC002096,SITE033,2026-04-27,Provisioning,P4,Mobile,Dialing Issue,0.92,In Progress,Unknown
INC002097,SITE022,2026-02-12,Device Configuration,P2,Desk Phone,Provisioning Failure,4.02,Resolved,QoS
INC002098,SITE031,2026-04-12,User Configuration,P3,Desk Phone,Provisioning Failure,3.33,Resolved,Network
INC002099,SITE034,2026-01-13,User Configuration,P4,Mobile,Poor Call Quality,1.07,Resolved,QoS
INC002100,SITE027,2026-04-28,Device Configuration,P4,Mobile,UAT Failure,5.71,Resolved,Network
INC002101,SITE017,2026-03-08,Registration,P4,Desk Phone,Device Configuration,8.81,Resolved,Unknown
INC002102,SITE023,2026-04-28,Call Quality,P3,Soft Client,UAT Failure,9.86,Resolved,Provisioning
INC002103,SITE017,2026-05-28,Call Quality,P3,Room Device,Device Configuration,1.15,Resolved,Device Issue
INC002104,SITE032,2026-06-04,Audio,P4,Soft Client,UAT Failure,0.57,Resolved,User Error
INC002105,SITE019,2026-06-09,SIP,P4,Room Device,Device Configuration,1.47,Open,User Error
INC002106,SITE029,2026-01-23,UAT,P3,Soft Client,Device Configuration,9.19,Resolved,Unknown
INC002107,SITE030,2026-07-21,Audio,P3,Mobile,UAT Failure,2.63,Resolved,Network
INC002108,SITE014,2026-06-26,Device Configuration,P4,Soft Client,UAT Failure,3.03,Resolved,Provisioning
INC002109,SITE005,2026-02-05,Call Quality,P3,Mobile,Device Configuration,3.57,Closed,Configuration
INC002110,SITE002,2026-08-26,UAT,P4,Soft Client,UAT Failure,1.75,Open,Unknown
INC002111,SITE023,2026-02-16,SIP,P2,Desk Phone,Poor Call Quality,1.64,Resolved,Device Issue
INC002112,SITE033,2026-04-05,Device Configuration,P2,Room Device,No Audio,19.15,Resolved,Network
INC002113,SITE030,2026-03-20,Audio,P4,Soft Client,Device Configuration,3.45,Resolved,QoS
INC002114,SITE029,2026-08-31,User Configuration,P3,Mobile,Registration Failure,3.67,Resolved,Provisioning
INC002115,SITE022,2026-04-30,Codec,P2,Room Device,Dialing Issue,6.46,In Progress,Unknown
INC002116,SITE023,2026-01-05,Registration,P3,Room Device,One-Way Audio,2.04,In Progress,QoS
INC002117,SITE010,2026-06-07,Audio,P3,Desk Phone,Provisioning Failure,5.39,In Progress,Device Issue
INC002118,SITE010,2026-03-12,SIP,P3,Desk Phone,No Audio,4.26,In Progress,Network
INC002119,SITE033,2026-04-28,QoS,P3,Mobile,Poor Call Quality,2.88,Resolved,User Error
INC002120,SITE030,2026-06-09,SIP,P3,Soft Client,Dialing Issue,2.92,Resolved,Network
INC002121,SITE020,2026-03-05,Call Quality,P2,Desk Phone,Device Configuration,4.43,In Progress,QoS
INC002122,SITE034,2026-07-14,Audio,P2,Room Device,UAT Failure,2.87,Closed,Device Issue
INC002123,SITE002,2026-03-13,Registration,P2,Desk Phone,Registration Failure,2.95,Resolved,Network
INC002124,SITE034,2026-07-27,Provisioning,P3,Desk Phone,Registration Failure,3.17,Open,Provisioning
INC002125,SITE016,2026-07-16,Codec,P2,Desk Phone,Poor Call Quality,7.21,Open,Device Issue
INC002126,SITE001,2026-03-05,User Configuration,P4,Soft Client,No Audio,1.61,Resolved,Configuration
INC002127,SITE017,2026-03-20,Provisioning,P3,Mobile,No Audio,1.27,Resolved,Provisioning
INC002128,SITE024,2026-05-27,Call Quality,P4,Mobile,UAT Failure,1.25,Open,User Error
INC002129,SITE018,2026-02-20,SIP,P3,Soft Client,Provisioning Failure,1.71,Open,User Error
INC002130,SITE035,2026-03-06,SIP,P3,Room Device,UAT Failure,3.99,Closed,Provisioning
INC002131,SITE010,2026-03-30,Audio,P3,Soft Client,UAT Failure,6.87,Closed,Device Issue
INC002132,SITE024,2026-08-27,UAT,P2,Desk Phone,UAT Failure,2.38,Resolved,User Error
INC002133,SITE030,2026-01-05,User Configuration,P4,Mobile,UAT Failure,3.11,Open,Device Issue
INC002134,SITE028,2026-04-26,Codec,P3,Soft Client,One-Way Audio,2.94,In Progress,Unknown
INC002135,SITE010,2026-07-17,Audio,P3,Desk Phone,One-Way Audio,2.38,Resolved,QoS
INC002136,SITE016,2026-06-25,Registration,P4,Soft Client,Poor Call Quality,13.42,Resolved,Configuration
INC002137,SITE035,2026-01-21,Provisioning,P3,Soft Client,Device Configuration,8.04,Resolved,QoS
INC002138,SITE032,2026-02-18,Call Quality,P3,Soft Client,Poor Call Quality,2.73,Closed,Device Issue
INC002139,SITE019,2026-01-18,UAT,P3,Soft Client,Device Configuration,2.73,Closed,Configuration
INC002140,SITE028,2026-02-11,QoS,P4,Room Device,Device Configuration,2.3,In Progress,QoS
INC002141,SITE014,2026-08-31,Codec,P2,Desk Phone,No Audio,8.45,Closed,User Error
INC002142,SITE014,2026-08-12,QoS,P4,Desk Phone,Poor Call Quality,3.41,Resolved,Unknown
INC002143,SITE022,2026-03-05,Call Quality,P2,Room Device,UAT Failure,11.33,Resolved,QoS
INC002144,SITE003,2026-06-22,SIP,P4,Room Device,Poor Call Quality,3.44,Resolved,Configuration
INC002145,SITE016,2026-02-21,Network,P4,Mobile,Device Configuration,3.57,In Progress,QoS
INC002146,SITE026,2026-05-09,Call Quality,P1,Room Device,Registration Failure,4.18,Resolved,Configuration
INC002147,SITE006,2026-05-10,Network,P4,Room Device,Dialing Issue,3.77,Resolved,Unknown
INC002148,SITE008,2026-01-18,Call Quality,P2,Mobile,No Audio,3.81,Closed,QoS
INC002149,SITE022,2026-03-22,Device Configuration,P4,Mobile,Device Configuration,10.08,Resolved,Configuration
INC002150,SITE023,2026-06-26,Registration,P3,Soft Client,Poor Call Quality,3.06,Resolved,Unknown
INC002151,SITE031,2026-06-07,UAT,P3,Soft Client,Registration Failure,2.2,Resolved,QoS
INC002152,SITE005,2026-04-20,User Configuration,P3,Desk Phone,Dialing Issue,1.17,Open,Network
INC002153,SITE009,2026-03-16,SIP,P2,Desk Phone,UAT Failure,3.38,Open,Configuration
INC002154,SITE013,2026-04-25,Call Quality,P3,Desk Phone,UAT Failure,1.76,Resolved,QoS
INC002155,SITE026,2026-04-30,Device Configuration,P4,Desk Phone,Provisioning Failure,16.58,In Progress,Network
INC002156,SITE017,2026-04-12,Network,P3,Soft Client,Device Configuration,1.55,Resolved,Provisioning
INC002157,SITE024,2026-04-19,Dial Plan,P2,Room Device,One-Way Audio,2.27,Resolved,Configuration
INC002158,SITE008,2026-04-07,Provisioning,P3,Room Device,Registration Failure,3.4,Resolved,Network
INC002159,SITE001,2026-07-15,Registration,P2,Room Device,Registration Failure,2.67,Resolved,Configuration
INC002160,SITE002,2026-02-20,Call Quality,P3,Soft Client,Registration Failure,3.95,Resolved,Provisioning
INC002161,SITE018,2026-02-24,Call Quality,P4,Mobile,One-Way Audio,3.11,Resolved,Network
INC002162,SITE018,2026-06-17,QoS,P2,Room Device,No Audio,3.87,Closed,Device Issue
INC002163,SITE027,2026-02-02,Call Quality,P2,Soft Client,Poor Call Quality,1.18,Resolved,Unknown
INC002164,SITE005,2026-03-01,User Configuration,P2,Soft Client,One-Way Audio,4.29,Resolved,QoS
INC002165,SITE005,2026-01-02,SIP,P3,Soft Client,Poor Call Quality,2.79,Resolved,Device Issue
INC002166,SITE007,2026-04-16,User Configuration,P3,Soft Client,UAT Failure,5.22,Resolved,Network
INC002167,SITE024,2026-05-27,SIP,P3,Room Device,No Audio,4.69,In Progress,Provisioning
INC002168,SITE024,2026-03-08,QoS,P3,Room Device,One-Way Audio,1.66,Closed,User Error
INC002169,SITE014,2026-04-09,Network,P4,Desk Phone,Dialing Issue,2.19,Resolved,Network
INC002170,SITE035,2026-05-26,Network,P4,Desk Phone,Poor Call Quality,10.9,Closed,User Error
INC002171,SITE011,2026-07-03,Device Configuration,P3,Mobile,UAT Failure,1.66,In Progress,QoS
INC002172,SITE017,2026-08-31,Provisioning,P3,Soft Client,Poor Call Quality,7.48,In Progress,Configuration
INC002173,SITE005,2026-03-17,QoS,P3,Room Device,Registration Failure,3.19,Resolved,Provisioning
INC002174,SITE014,2026-06-15,Call Quality,P3,Soft Client,Provisioning Failure,4.67,Resolved,Provisioning
INC002175,SITE034,2026-08-16,User Configuration,P3,Mobile,Device Configuration,4.49,In Progress,Provisioning
INC002176,SITE012,2026-07-16,Network,P4,Mobile,UAT Failure,16.07,Resolved,Network
INC002177,SITE025,2026-03-13,Device Configuration,P1,Soft Client,One-Way Audio,2.75,Closed,Network
INC002178,SITE023,2026-08-30,Dial Plan,P4,Desk Phone,Provisioning Failure,3.25,Open,Unknown
INC002179,SITE025,2026-04-07,Network,P1,Desk Phone,No Audio,6.58,Resolved,QoS
INC002180,SITE035,2026-01-05,Provisioning,P3,Mobile,Registration Failure,5.95,Resolved,Network
INC002181,SITE022,2026-02-20,Network,P2,Desk Phone,Provisioning Failure,3.87,Resolved,Unknown
INC002182,SITE003,2026-07-08,Audio,P3,Soft Client,No Audio,1.28,Resolved,Network
INC002183,SITE007,2026-06-23,Provisioning,P2,Mobile,Registration Failure,2.99,Closed,Unknown
INC002184,SITE003,2026-07-21,QoS,P3,Soft Client,UAT Failure,6.43,Open,QoS
INC002185,SITE016,2026-08-27,UAT,P3,Mobile,Dialing Issue,1.35,Resolved,Unknown
INC002186,SITE001,2026-04-25,Audio,P4,Soft Client,Dialing Issue,1.54,Resolved,User Error
INC002187,SITE029,2026-08-25,User Configuration,P4,Soft Client,One-Way Audio,20.28,Resolved,Unknown
INC002188,SITE028,2026-01-04,SIP,P3,Desk Phone,No Audio,1.54,Closed,QoS
INC002189,SITE030,2026-08-09,Codec,P3,Mobile,Device Configuration,1.72,Closed,Configuration
INC002190,SITE033,2026-06-20,Provisioning,P4,Mobile,One-Way Audio,2.97,Resolved,Device Issue
INC002191,SITE010,2026-02-19,User Configuration,P2,Mobile,Provisioning Failure,2.81,Resolved,QoS
INC002192,SITE011,2026-08-04,Call Quality,P2,Mobile,Dialing Issue,5.24,Open,Unknown
INC002193,SITE035,2026-06-04,Device Configuration,P3,Desk Phone,Dialing Issue,1.02,Resolved,Unknown
INC002194,SITE010,2026-08-24,Registration,P3,Soft Client,One-Way Audio,6.89,Open,Network
INC002195,SITE020,2026-08-15,Provisioning,P4,Desk Phone,Registration Failure,7.34,Closed,Configuration
INC002196,SITE028,2026-03-23,Dial Plan,P3,Mobile,Dialing Issue,4.89,In Progress,User Error
INC002197,SITE016,2026-04-23,UAT,P3,Room Device,Registration Failure,1.23,Resolved,QoS
INC002198,SITE030,2026-03-28,SIP,P4,Room Device,One-Way Audio,2.13,Resolved,Provisioning
INC002199,SITE023,2026-01-08,Dial Plan,P4,Soft Client,One-Way Audio,3.41,Resolved,Configuration
INC002200,SITE003,2026-03-17,Codec,P3,Mobile,Poor Call Quality,1.46,Resolved,Provisioning
INC002201,SITE029,2026-07-28,UAT,P2,Room Device,No Audio,6.48,Closed,Provisioning
INC002202,SITE027,2026-06-13,Dial Plan,P2,Desk Phone,UAT Failure,4.5,Resolved,QoS
INC002203,SITE025,2026-05-03,Codec,P3,Soft Client,No Audio,8.28,Resolved,Device Issue
INC002204,SITE012,2026-04-20,QoS,P3,Soft Client,Device Configuration,0.49,Resolved,Unknown
INC002205,SITE024,2026-08-27,SIP,P2,Room Device,One-Way Audio,0.5,Resolved,User Error
INC002206,SITE005,2026-07-20,Registration,P4,Room Device,One-Way Audio,3.44,Resolved,Device Issue
INC002207,SITE033,2026-05-12,Call Quality,P4,Desk Phone,Dialing Issue,2.45,In Progress,Configuration
INC002208,SITE003,2026-01-15,Network,P3,Room Device,Provisioning Failure,2.57,Resolved,User Error
INC002209,SITE019,2026-02-28,SIP,P3,Room Device,Poor Call Quality,4.56,Resolved,User Error
INC002210,SITE028,2026-07-02,Codec,P4,Mobile,UAT Failure,2.71,Open,Unknown
INC002211,SITE001,2026-01-03,UAT,P4,Room Device,Provisioning Failure,6.92,Closed,Configuration
INC002212,SITE001,2026-05-13,QoS,P4,Room Device,One-Way Audio,7.94,Closed,Device Issue
INC002213,SITE027,2026-07-11,Call Quality,P3,Soft Client,Provisioning Failure,3.43,Resolved,Device Issue
INC002214,SITE030,2026-06-06,User Configuration,P2,Desk Phone,Poor Call Quality,4.24,Open,Unknown
INC002215,SITE033,2026-03-11,User Configuration,P3,Soft Client,Provisioning Failure,1.94,In Progress,Unknown
INC002216,SITE013,2026-02-21,Registration,P2,Room Device,Dialing Issue,1.18,Resolved,Configuration
INC002217,SITE028,2026-03-15,Network,P3,Room Device,Provisioning Failure,4.62,Resolved,Device Issue
INC002218,SITE021,2026-08-31,Registration,P3,Desk Phone,No Audio,1.3,Resolved,Network
INC002219,SITE030,2026-04-12,UAT,P3,Desk Phone,Poor Call Quality,9.65,Resolved,Configuration
INC002220,SITE023,2026-08-21,Codec,P3,Mobile,Device Configuration,2.37,Resolved,Device Issue
INC002221,SITE014,2026-01-19,Dial Plan,P3,Mobile,No Audio,1.96,Closed,Device Issue
INC002222,SITE022,2026-05-13,Call Quality,P3,Soft Client,No Audio,4.37,Closed,Configuration
INC002223,SITE022,2026-04-17,Network,P4,Mobile,No Audio,1.45,Resolved,Provisioning
INC002224,SITE024,2026-04-19,Registration,P4,Desk Phone,Dialing Issue,2.87,Resolved,Unknown
INC002225,SITE019,2026-02-10,Codec,P2,Room Device,Registration Failure,2.4,Resolved,Configuration
INC002226,SITE035,2026-07-26,User Configuration,P2,Mobile,Registration Failure,2.36,Resolved,QoS
INC002227,SITE019,2026-01-25,UAT,P3,Room Device,UAT Failure,3.0,Closed,Device Issue
INC002228,SITE028,2026-04-28,Audio,P2,Room Device,UAT Failure,3.47,Resolved,User Error
INC002229,SITE007,2026-04-09,Network,P3,Soft Client,Provisioning Failure,3.75,Resolved,Device Issue
INC002230,SITE002,2026-08-16,Audio,P3,Room Device,One-Way Audio,5.07,Closed,QoS
INC002231,SITE027,2026-05-26,Registration,P3,Desk Phone,Poor Call Quality,2.34,Closed,Network
INC002232,SITE013,2026-06-17,QoS,P3,Desk Phone,Device Configuration,3.94,Open,User Error
INC002233,SITE031,2026-06-30,UAT,P3,Soft Client,Poor Call Quality,2.79,Resolved,QoS
INC002234,SITE015,2026-07-20,Network,P2,Room Device,One-Way Audio,11.37,Resolved,Provisioning
INC002235,SITE004,2026-04-03,Network,P1,Mobile,Device Configuration,3.87,Resolved,Configuration
INC002236,SITE005,2026-01-31,Device Configuration,P2,Mobile,Provisioning Failure,2.62,Closed,User Error
INC002237,SITE024,2026-06-26,Network,P3,Room Device,UAT Failure,2.41,Resolved,User Error
INC002238,SITE035,2026-03-20,Device Configuration,P4,Mobile,Device Configuration,12.82,Closed,Configuration
INC002239,SITE004,2026-06-26,Codec,P2,Room Device,Registration Failure,4.1,Resolved,Configuration
INC002240,SITE018,2026-04-24,User Configuration,P4,Desk Phone,One-Way Audio,2.36,Resolved,Device Issue
INC002241,SITE005,2026-07-23,Dial Plan,P2,Mobile,UAT Failure,1.91,Closed,Provisioning
INC002242,SITE032,2026-08-19,Call Quality,P4,Mobile,Registration Failure,0.93,Resolved,Network
INC002243,SITE021,2026-05-09,Call Quality,P3,Room Device,Registration Failure,10.71,Resolved,Provisioning
INC002244,SITE009,2026-01-17,Call Quality,P3,Soft Client,Provisioning Failure,1.54,In Progress,Network
INC002245,SITE002,2026-02-25,Provisioning,P2,Mobile,UAT Failure,11.04,Resolved,Network
INC002246,SITE007,2026-08-21,Device Configuration,P3,Mobile,Device Configuration,8.3,Resolved,Device Issue
INC002247,SITE029,2026-05-13,SIP,P4,Desk Phone,Provisioning Failure,2.95,Resolved,User Error
INC002248,SITE020,2026-07-27,Device Configuration,P4,Soft Client,One-Way Audio,5.77,In Progress,QoS
INC002249,SITE024,2026-03-17,Registration,P4,Soft Client,Registration Failure,2.14,In Progress,Provisioning
INC002250,SITE020,2026-05-28,UAT,P4,Soft Client,Provisioning Failure,2.66,Open,Unknown
INC002251,SITE029,2026-01-04,Network,P3,Soft Client,Dialing Issue,3.13,Resolved,Provisioning
INC002252,SITE007,2026-02-26,User Configuration,P3,Room Device,Dialing Issue,6.39,Resolved,Unknown
INC002253,SITE017,2026-03-28,QoS,P3,Desk Phone,Provisioning Failure,2.13,Open,Configuration
INC002254,SITE020,2026-01-14,User Configuration,P4,Desk Phone,Poor Call Quality,10.34,Closed,Network
INC002255,SITE025,2026-04-18,Device Configuration,P4,Desk Phone,Registration Failure,4.58,Closed,Configuration
INC002256,SITE011,2026-03-05,UAT,P3,Soft Client,Registration Failure,7.28,Resolved,Provisioning
INC002257,SITE019,2026-04-30,User Configuration,P3,Room Device,Poor Call Quality,2.85,Closed,Device Issue
INC002258,SITE031,2026-03-27,Registration,P3,Desk Phone,UAT Failure,7.03,Resolved,User Error
INC002259,SITE028,2026-04-28,Codec,P2,Mobile,Provisioning Failure,6.07,In Progress,Provisioning
INC002260,SITE006,2026-04-20,Audio,P4,Mobile,One-Way Audio,1.09,Resolved,Provisioning
INC002261,SITE001,2026-05-09,User Configuration,P3,Desk Phone,Registration Failure,9.97,Resolved,Configuration
INC002262,SITE010,2026-07-03,Provisioning,P2,Room Device,No Audio,4.48,Resolved,Unknown
INC002263,SITE020,2026-07-22,Provisioning,P4,Soft Client,UAT Failure,3.7,Resolved,QoS
INC002264,SITE013,2026-06-24,User Configuration,P1,Soft Client,Registration Failure,8.64,Closed,User Error
INC002265,SITE002,2026-08-24,Device Configuration,P4,Soft Client,Dialing Issue,4.43,Resolved,Configuration
INC002266,SITE027,2026-04-11,Call Quality,P3,Desk Phone,No Audio,1.14,Resolved,User Error
INC002267,SITE019,2026-01-23,Audio,P3,Desk Phone,Provisioning Failure,0.93,Resolved,QoS
INC002268,SITE009,2026-02-22,Dial Plan,P3,Soft Client,Poor Call Quality,2.13,Resolved,Provisioning
INC002269,SITE013,2026-08-19,Call Quality,P3,Desk Phone,Dialing Issue,2.82,Resolved,Configuration
INC002270,SITE022,2026-04-13,Device Configuration,P3,Soft Client,Poor Call Quality,4.78,Open,Configuration
INC002271,SITE033,2026-04-25,Audio,P2,Mobile,Dialing Issue,1.94,Resolved,Provisioning
INC002272,SITE001,2026-05-12,Network,P4,Mobile,One-Way Audio,1.62,Resolved,Configuration
INC002273,SITE022,2026-02-22,User Configuration,P4,Desk Phone,Dialing Issue,5.53,Resolved,Unknown
INC002274,SITE035,2026-03-27,User Configuration,P3,Room Device,Poor Call Quality,0.77,In Progress,Unknown
INC002275,SITE018,2026-02-12,User Configuration,P2,Soft Client,Registration Failure,5.32,Resolved,Provisioning
INC002276,SITE012,2026-04-09,UAT,P2,Room Device,Registration Failure,1.26,Open,Provisioning
INC002277,SITE011,2026-04-11,Device Configuration,P3,Mobile,Poor Call Quality,3.01,Resolved,User Error
INC002278,SITE032,2026-06-03,Provisioning,P2,Room Device,UAT Failure,7.32,Resolved,Unknown
INC002279,SITE020,2026-05-17,Codec,P4,Mobile,UAT Failure,1.1,Resolved,Provisioning
INC002280,SITE013,2026-07-28,Network,P1,Desk Phone,Device Configuration,9.45,Resolved,QoS
INC002281,SITE030,2026-01-07,QoS,P1,Soft Client,Registration Failure,5.92,Closed,QoS
INC002282,SITE029,2026-08-21,SIP,P2,Room Device,Provisioning Failure,3.8,Resolved,Device Issue
INC002283,SITE022,2026-02-19,Registration,P3,Mobile,One-Way Audio,4.16,Resolved,Device Issue
INC002284,SITE034,2026-04-16,Audio,P3,Room Device,Poor Call Quality,4.38,In Progress,Network
INC002285,SITE021,2026-04-12,UAT,P3,Soft Client,No Audio,4.39,Open,User Error
INC002286,SITE015,2026-05-26,Device Configuration,P2,Desk Phone,One-Way Audio,1.96,Resolved,Provisioning
INC002287,SITE007,2026-03-23,SIP,P2,Room Device,Poor Call Quality,4.19,Resolved,Provisioning
INC002288,SITE003,2026-03-05,User Configuration,P3,Mobile,One-Way Audio,8.77,Resolved,User Error
INC002289,SITE021,2026-02-05,UAT,P3,Room Device,UAT Failure,1.7,Resolved,Unknown
INC002290,SITE020,2026-01-04,SIP,P3,Soft Client,No Audio,4.25,In Progress,Network
INC002291,SITE002,2026-04-22,Network,P3,Soft Client,Device Configuration,5.8,Resolved,Device Issue
INC002292,SITE008,2026-01-04,Call Quality,P3,Soft Client,Registration Failure,4.67,Resolved,Provisioning
INC002293,SITE024,2026-06-06,Audio,P3,Soft Client,Registration Failure,1.32,Resolved,Network
INC002294,SITE017,2026-02-26,UAT,P3,Desk Phone,No Audio,2.83,Closed,Provisioning
INC002295,SITE003,2026-08-13,Dial Plan,P3,Desk Phone,Dialing Issue,5.72,Resolved,Device Issue
INC002296,SITE032,2026-05-25,SIP,P3,Soft Client,Poor Call Quality,0.93,Resolved,Provisioning
INC002297,SITE004,2026-03-04,Device Configuration,P4,Soft Client,Poor Call Quality,2.75,Resolved,Network
INC002298,SITE015,2026-08-01,QoS,P3,Room Device,One-Way Audio,1.63,Resolved,Provisioning
INC002299,SITE033,2026-03-08,Call Quality,P3,Room Device,Registration Failure,11.06,Closed,QoS
INC002300,SITE015,2026-06-10,Audio,P3,Room Device,Dialing Issue,5.71,Resolved,Device Issue
INC002301,SITE030,2026-04-12,Call Quality,P3,Room Device,Dialing Issue,4.21,Resolved,QoS
INC002302,SITE007,2026-07-27,Codec,P3,Mobile,Poor Call Quality,3.06,Resolved,Network
INC002303,SITE002,2026-08-12,Call Quality,P3,Room Device,Poor Call Quality,2.33,Resolved,Device Issue
INC002304,SITE002,2026-01-14,Dial Plan,P1,Soft Client,Dialing Issue,9.22,In Progress,User Error
INC002305,SITE032,2026-04-13,Network,P3,Soft Client,No Audio,4.96,In Progress,QoS
INC002306,SITE011,2026-06-23,QoS,P4,Soft Client,Provisioning Failure,6.94,Open,QoS
INC002307,SITE021,2026-05-04,Network,P2,Desk Phone,Device Configuration,2.48,Open,QoS
INC002308,SITE004,2026-08-18,Codec,P3,Soft Client,Device Configuration,3.65,Open,Provisioning
INC002309,SITE016,2026-04-18,Codec,P3,Desk Phone,No Audio,4.36,Resolved,Configuration
INC002310,SITE003,2026-03-23,UAT,P3,Soft Client,Provisioning Failure,2.88,Closed,Unknown
INC002311,SITE012,2026-07-30,Call Quality,P4,Soft Client,Dialing Issue,0.46,Resolved,QoS
INC002312,SITE004,2026-02-23,Dial Plan,P3,Room Device,Poor Call Quality,8.35,Open,QoS
INC002313,SITE001,2026-08-02,Registration,P3,Soft Client,Provisioning Failure,3.39,Closed,QoS
INC002314,SITE034,2026-03-20,Codec,P2,Soft Client,Dialing Issue,1.25,In Progress,Unknown
INC002315,SITE001,2026-04-18,Provisioning,P2,Mobile,Provisioning Failure,1.1,Resolved,Unknown
INC002316,SITE002,2026-02-07,Codec,P3,Desk Phone,Dialing Issue,2.24,Closed,QoS
INC002317,SITE028,2026-04-23,Provisioning,P2,Mobile,One-Way Audio,6.39,Open,Provisioning
INC002318,SITE031,2026-08-24,Provisioning,P4,Room Device,Provisioning Failure,2.63,In Progress,Unknown
INC002319,SITE005,2026-02-16,Codec,P4,Soft Client,Provisioning Failure,3.09,Closed,QoS
INC002320,SITE017,2026-03-14,Provisioning,P3,Desk Phone,Poor Call Quality,3.64,In Progress,Provisioning
INC002321,SITE031,2026-01-04,Provisioning,P3,Mobile,No Audio,2.09,Open,Device Issue
INC002322,SITE002,2026-08-27,UAT,P4,Desk Phone,Poor Call Quality,2.52,In Progress,Unknown
INC002323,SITE005,2026-02-15,UAT,P3,Mobile,No Audio,3.38,Open,Device Issue
INC002324,SITE027,2026-08-19,User Configuration,P3,Room Device,UAT Failure,6.32,Closed,User Error
INC002325,SITE035,2026-07-25,Provisioning,P3,Soft Client,One-Way Audio,0.92,Resolved,QoS
INC002326,SITE023,2026-08-02,Audio,P4,Soft Client,Poor Call Quality,2.41,Resolved,Network
INC002327,SITE005,2026-04-19,Provisioning,P3,Room Device,One-Way Audio,2.23,Resolved,Provisioning
INC002328,SITE021,2026-04-21,Device Configuration,P4,Room Device,UAT Failure,5.41,Resolved,Unknown
INC002329,SITE025,2026-04-09,Call Quality,P2,Mobile,One-Way Audio,2.92,Resolved,Device Issue
INC002330,SITE031,2026-01-05,SIP,P2,Desk Phone,Registration Failure,4.99,Open,Provisioning
INC002331,SITE028,2026-02-01,Codec,P4,Soft Client,Poor Call Quality,4.69,Open,Unknown
INC002332,SITE035,2026-07-10,Call Quality,P4,Room Device,Provisioning Failure,4.02,Resolved,User Error
INC002333,SITE011,2026-07-07,Dial Plan,P3,Mobile,Dialing Issue,4.89,Resolved,Network
INC002334,SITE032,2026-08-20,Dial Plan,P3,Desk Phone,Provisioning Failure,5.84,Open,Device Issue
INC002335,SITE016,2026-05-10,Device Configuration,P1,Soft Client,Provisioning Failure,5.83,Resolved,Unknown
INC002336,SITE020,2026-06-15,QoS,P2,Mobile,Device Configuration,8.07,In Progress,Configuration
INC002337,SITE013,2026-06-29,Audio,P4,Desk Phone,No Audio,3.84,In Progress,QoS
INC002338,SITE035,2026-05-06,Provisioning,P2,Mobile,Provisioning Failure,7.9,Open,Unknown
INC002339,SITE019,2026-06-11,Network,P4,Mobile,Provisioning Failure,1.72,Open,Device Issue
INC002340,SITE002,2026-04-15,Call Quality,P4,Room Device,Registration Failure,7.17,Closed,Unknown
INC002341,SITE020,2026-07-11,Codec,P3,Room Device,Registration Failure,6.43,Resolved,Network
INC002342,SITE032,2026-06-27,User Configuration,P3,Soft Client,Device Configuration,5.09,Resolved,Unknown
INC002343,SITE028,2026-04-02,Dial Plan,P3,Mobile,Poor Call Quality,6.12,Closed,Network
INC002344,SITE025,2026-05-07,Registration,P2,Mobile,One-Way Audio,5.28,In Progress,Provisioning
INC002345,SITE006,2026-07-31,User Configuration,P3,Room Device,No Audio,4.82,Closed,User Error
INC002346,SITE015,2026-02-22,Dial Plan,P4,Soft Client,Device Configuration,4.15,Resolved,QoS
INC002347,SITE032,2026-01-19,Device Configuration,P3,Mobile,One-Way Audio,1.31,Resolved,QoS
INC002348,SITE017,2026-08-06,Dial Plan,P3,Desk Phone,Provisioning Failure,1.35,Closed,QoS
INC002349,SITE023,2026-08-29,Codec,P1,Room Device,UAT Failure,5.74,In Progress,User Error
INC002350,SITE006,2026-02-11,Audio,P3,Soft Client,One-Way Audio,6.11,Resolved,Provisioning
INC002351,SITE005,2026-01-10,SIP,P4,Room Device,No Audio,2.17,In Progress,User Error
INC002352,SITE018,2026-05-29,Provisioning,P3,Soft Client,Poor Call Quality,3.89,Resolved,QoS
INC002353,SITE013,2026-06-16,Dial Plan,P3,Desk Phone,Device Configuration,3.52,Resolved,Unknown
INC002354,SITE030,2026-04-16,User Configuration,P3,Room Device,Poor Call Quality,4.43,Resolved,Unknown
INC002355,SITE011,2026-05-20,Dial Plan,P4,Soft Client,No Audio,0.93,Closed,Unknown
INC002356,SITE031,2026-04-26,User Configuration,P3,Mobile,Poor Call Quality,10.96,Resolved,Network
INC002357,SITE022,2026-08-23,Provisioning,P3,Mobile,Provisioning Failure,4.58,Open,Configuration
INC002358,SITE018,2026-05-31,Provisioning,P2,Desk Phone,Registration Failure,12.73,Resolved,Device Issue
INC002359,SITE031,2026-03-28,Registration,P3,Soft Client,Poor Call Quality,2.03,Resolved,QoS
INC002360,SITE011,2026-04-04,Call Quality,P3,Mobile,UAT Failure,3.45,Closed,Network
INC002361,SITE020,2026-03-30,User Configuration,P4,Mobile,Device Configuration,2.24,Resolved,User Error
INC002362,SITE028,2026-06-22,Device Configuration,P3,Soft Client,No Audio,2.84,Closed,User Error
INC002363,SITE009,2026-07-09,Network,P1,Mobile,Device Configuration,9.6,In Progress,QoS
INC002364,SITE026,2026-05-14,Call Quality,P4,Soft Client,Registration Failure,4.11,Closed,QoS
INC002365,SITE016,2026-06-19,Dial Plan,P3,Mobile,One-Way Audio,1.87,Closed,Configuration
INC002366,SITE001,2026-03-16,SIP,P3,Mobile,Provisioning Failure,2.39,In Progress,Unknown
INC002367,SITE029,2026-08-02,UAT,P3,Mobile,One-Way Audio,21.5,Closed,Unknown
INC002368,SITE022,2026-01-30,Device Configuration,P3,Desk Phone,One-Way Audio,2.53,Resolved,Provisioning
INC002369,SITE005,2026-08-03,Codec,P4,Desk Phone,No Audio,2.1,In Progress,QoS
INC002370,SITE033,2026-02-27,Dial Plan,P3,Desk Phone,One-Way Audio,2.95,Closed,Unknown
INC002371,SITE021,2026-01-12,Call Quality,P3,Room Device,Provisioning Failure,2.83,In Progress,User Error
INC002372,SITE006,2026-06-16,User Configuration,P3,Room Device,Provisioning Failure,4.27,Resolved,Network
INC002373,SITE028,2026-01-26,Device Configuration,P2,Room Device,Provisioning Failure,13.9,Resolved,Configuration
INC002374,SITE001,2026-08-27,Call Quality,P2,Soft Client,Poor Call Quality,3.06,Resolved,QoS
INC002375,SITE028,2026-05-28,User Configuration,P3,Room Device,Device Configuration,2.34,Resolved,Unknown
INC002376,SITE008,2026-04-11,Registration,P4,Mobile,Registration Failure,4.64,Resolved,QoS
INC002377,SITE019,2026-05-15,Audio,P3,Mobile,Provisioning Failure,3.2,Closed,Provisioning
INC002378,SITE028,2026-01-30,SIP,P2,Mobile,Dialing Issue,1.17,Resolved,Configuration
INC002379,SITE026,2026-03-23,Registration,P3,Mobile,UAT Failure,1.97,Open,User Error
INC002380,SITE014,2026-07-22,UAT,P3,Desk Phone,UAT Failure,12.55,Open,User Error
INC002381,SITE014,2026-04-13,Audio,P3,Room Device,No Audio,1.18,Resolved,QoS
INC002382,SITE022,2026-01-05,Codec,P3,Soft Client,UAT Failure,2.61,Resolved,Provisioning
INC002383,SITE021,2026-05-30,User Configuration,P3,Desk Phone,Poor Call Quality,3.4,In Progress,Configuration
INC002384,SITE034,2026-07-27,Call Quality,P3,Mobile,One-Way Audio,1.44,Resolved,Provisioning
INC002385,SITE034,2026-06-30,Network,P3,Room Device,Provisioning Failure,0.71,Resolved,Provisioning
INC002386,SITE009,2026-02-23,UAT,P3,Mobile,Provisioning Failure,5.11,Open,Configuration
INC002387,SITE011,2026-05-06,Codec,P2,Desk Phone,Poor Call Quality,2.32,Closed,User Error
INC002388,SITE021,2026-06-28,Device Configuration,P3,Mobile,One-Way Audio,7.16,Closed,Configuration
INC002389,SITE029,2026-04-03,Provisioning,P2,Desk Phone,Provisioning Failure,4.8,Closed,Provisioning
INC002390,SITE019,2026-08-18,QoS,P3,Soft Client,Poor Call Quality,5.84,Resolved,Configuration
INC002391,SITE033,2026-05-06,QoS,P3,Desk Phone,Device Configuration,3.22,Resolved,Network
INC002392,SITE019,2026-02-25,Provisioning,P2,Room Device,One-Way Audio,11.43,Resolved,User Error
INC002393,SITE025,2026-03-31,Provisioning,P4,Mobile,Dialing Issue,1.6,Open,Unknown
INC002394,SITE032,2026-02-17,Device Configuration,P3,Room Device,Poor Call Quality,1.16,Resolved,Configuration
INC002395,SITE027,2026-02-12,Device Configuration,P3,Room Device,Poor Call Quality,18.36,Resolved,Configuration
INC002396,SITE015,2026-06-21,Registration,P3,Mobile,One-Way Audio,9.92,Resolved,User Error
INC002397,SITE002,2026-01-11,Network,P2,Desk Phone,Provisioning Failure,7.92,Resolved,Device Issue
INC002398,SITE008,2026-05-22,SIP,P3,Room Device,UAT Failure,7.14,Resolved,Unknown
INC002399,SITE012,2026-02-09,QoS,P3,Soft Client,One-Way Audio,1.24,Closed,Unknown
INC002400,SITE020,2026-07-04,Audio,P3,Soft Client,No Audio,3.21,Open,Configuration
INC002401,SITE025,2026-06-10,Codec,P3,Soft Client,Device Configuration,4.93,Open,Network
INC002402,SITE021,2026-08-29,Provisioning,P3,Mobile,No Audio,5.13,Open,Unknown
INC002403,SITE008,2026-05-23,QoS,P3,Mobile,UAT Failure,2.7,Resolved,User Error
INC002404,SITE007,2026-01-06,Audio,P3,Desk Phone,Provisioning Failure,1.68,Resolved,Device Issue
INC002405,SITE019,2026-02-11,Dial Plan,P3,Mobile,Dialing Issue,5.85,Closed,Device Issue
INC002406,SITE018,2026-08-30,QoS,P2,Mobile,Registration Failure,9.19,Resolved,User Error
INC002407,SITE023,2026-03-28,QoS,P4,Mobile,Poor Call Quality,7.01,In Progress,Network
INC002408,SITE034,2026-07-02,QoS,P3,Soft Client,Poor Call Quality,2.21,In Progress,Network
INC002409,SITE027,2026-04-17,Audio,P3,Mobile,Device Configuration,1.41,Closed,Provisioning
INC002410,SITE006,2026-01-09,Registration,P4,Desk Phone,Poor Call Quality,3.35,Resolved,User Error
INC002411,SITE022,2026-05-01,Network,P3,Desk Phone,One-Way Audio,6.3,Closed,Configuration
INC002412,SITE024,2026-06-20,QoS,P3,Mobile,Registration Failure,6.36,Resolved,QoS
INC002413,SITE022,2026-02-23,SIP,P4,Room Device,Registration Failure,3.33,Resolved,Device Issue
INC002414,SITE016,2026-03-16,Audio,P4,Desk Phone,Poor Call Quality,1.18,Resolved,User Error
INC002415,SITE021,2026-02-23,UAT,P3,Mobile,Poor Call Quality,7.5,Resolved,Provisioning
INC002416,SITE003,2026-05-11,Registration,P2,Mobile,Provisioning Failure,1.87,Resolved,Network
INC002417,SITE030,2026-01-23,UAT,P4,Mobile,Poor Call Quality,5.9,Resolved,QoS
INC002418,SITE035,2026-05-11,Device Configuration,P2,Mobile,Registration Failure,5.88,In Progress,QoS
INC002419,SITE008,2026-01-18,SIP,P3,Mobile,Device Configuration,5.67,Closed,Device Issue
INC002420,SITE028,2026-06-17,Network,P3,Room Device,Provisioning Failure,1.59,Resolved,QoS
INC002421,SITE026,2026-04-14,User Configuration,P3,Soft Client,Device Configuration,1.09,Resolved,Network
INC002422,SITE006,2026-08-19,Dial Plan,P4,Room Device,Poor Call Quality,0.85,Resolved,Unknown
INC002423,SITE001,2026-05-01,UAT,P3,Mobile,UAT Failure,4.76,Resolved,Configuration
INC002424,SITE010,2026-08-21,User Configuration,P2,Mobile,Dialing Issue,2.54,In Progress,QoS
INC002425,SITE013,2026-05-11,QoS,P3,Mobile,Poor Call Quality,0.95,Resolved,User Error
INC002426,SITE030,2026-06-20,UAT,P4,Desk Phone,UAT Failure,4.4,Resolved,User Error
INC002427,SITE019,2026-08-03,UAT,P3,Mobile,No Audio,3.07,Resolved,User Error
INC002428,SITE022,2026-05-08,Network,P3,Room Device,Poor Call Quality,9.02,Closed,User Error
INC002429,SITE002,2026-03-17,Codec,P4,Mobile,UAT Failure,6.36,Closed,QoS
INC002430,SITE011,2026-01-16,Registration,P3,Desk Phone,UAT Failure,0.63,Resolved,User Error
INC002431,SITE003,2026-01-12,Dial Plan,P3,Room Device,UAT Failure,4.37,Resolved,Network
INC002432,SITE023,2026-04-18,User Configuration,P1,Desk Phone,Poor Call Quality,5.3,Resolved,Network
INC002433,SITE027,2026-07-14,SIP,P3,Soft Client,Poor Call Quality,14.16,Resolved,User Error
INC002434,SITE014,2026-01-09,Network,P4,Room Device,Provisioning Failure,3.36,Resolved,Network
INC002435,SITE034,2026-05-23,Device Configuration,P3,Soft Client,Provisioning Failure,2.48,Resolved,Device Issue
INC002436,SITE018,2026-08-01,Call Quality,P3,Soft Client,Registration Failure,3.09,Resolved,Unknown
INC002437,SITE028,2026-05-24,Network,P3,Room Device,Dialing Issue,2.89,Resolved,Device Issue
INC002438,SITE029,2026-08-27,Audio,P2,Desk Phone,Device Configuration,3.11,Open,Unknown
INC002439,SITE015,2026-06-22,Registration,P2,Soft Client,UAT Failure,1.67,Resolved,QoS
INC002440,SITE007,2026-03-14,UAT,P3,Room Device,Provisioning Failure,9.31,Resolved,Device Issue
INC002441,SITE034,2026-03-01,Provisioning,P4,Desk Phone,UAT Failure,6.23,Resolved,Provisioning
INC002442,SITE031,2026-02-26,Call Quality,P2,Mobile,Dialing Issue,4.53,Closed,QoS
INC002443,SITE013,2026-06-13,UAT,P3,Soft Client,Device Configuration,7.27,In Progress,QoS
INC002444,SITE019,2026-06-27,Dial Plan,P3,Mobile,UAT Failure,1.75,Resolved,User Error
INC002445,SITE016,2026-08-12,Network,P3,Desk Phone,One-Way Audio,2.33,Resolved,Provisioning
INC002446,SITE010,2026-04-26,SIP,P2,Room Device,No Audio,3.03,Resolved,Device Issue
INC002447,SITE008,2026-03-07,Device Configuration,P3,Desk Phone,One-Way Audio,1.74,Resolved,Configuration
INC002448,SITE021,2026-07-18,UAT,P2,Soft Client,One-Way Audio,5.93,In Progress,QoS
INC002449,SITE003,2026-01-29,Device Configuration,P3,Desk Phone,UAT Failure,7.6,Closed,Configuration
INC002450,SITE020,2026-03-03,User Configuration,P2,Room Device,Provisioning Failure,2.18,Resolved,User Error
INC002451,SITE029,2026-08-15,Device Configuration,P2,Desk Phone,UAT Failure,4.38,Closed,Unknown
INC002452,SITE015,2026-08-02,Registration,P4,Soft Client,One-Way Audio,1.69,Resolved,QoS
INC002453,SITE035,2026-08-26,Codec,P4,Soft Client,One-Way Audio,6.64,Resolved,Provisioning
INC002454,SITE007,2026-02-11,Registration,P2,Mobile,Provisioning Failure,2.13,Resolved,Provisioning
INC002455,SITE008,2026-04-29,SIP,P2,Room Device,Device Configuration,2.52,Open,Configuration
INC002456,SITE032,2026-01-19,UAT,P4,Desk Phone,No Audio,4.92,Resolved,Unknown
INC002457,SITE007,2026-04-06,Device Configuration,P3,Desk Phone,Dialing Issue,5.08,Resolved,Unknown
INC002458,SITE012,2026-07-10,UAT,P3,Desk Phone,Device Configuration,3.79,Open,Provisioning
INC002459,SITE031,2026-05-21,Codec,P4,Desk Phone,Provisioning Failure,2.01,Closed,Configuration
INC002460,SITE023,2026-08-22,Audio,P2,Room Device,UAT Failure,1.23,In Progress,Device Issue
INC002461,SITE014,2026-02-11,Registration,P3,Room Device,Provisioning Failure,7.29,Resolved,Device Issue
INC002462,SITE013,2026-04-06,QoS,P2,Room Device,One-Way Audio,3.11,In Progress,QoS
INC002463,SITE014,2026-02-25,Registration,P3,Room Device,UAT Failure,0.66,Resolved,Provisioning
INC002464,SITE027,2026-05-31,QoS,P3,Room Device,UAT Failure,8.57,Resolved,User Error
INC002465,SITE027,2026-01-28,UAT,P3,Room Device,Poor Call Quality,7.54,Resolved,Unknown
INC002466,SITE001,2026-03-15,Device Configuration,P3,Room Device,Registration Failure,4.29,Open,Provisioning
INC002467,SITE024,2026-02-05,Dial Plan,P1,Mobile,Device Configuration,1.41,Open,Unknown
INC002468,SITE033,2026-07-17,Device Configuration,P4,Room Device,No Audio,2.44,Resolved,Network
INC002469,SITE026,2026-08-29,Network,P3,Room Device,Device Configuration,2.76,Resolved,Network
INC002470,SITE007,2026-06-06,SIP,P2,Desk Phone,One-Way Audio,7.89,Resolved,Unknown
INC002471,SITE024,2026-08-04,Registration,P3,Mobile,Registration Failure,2.59,In Progress,Device Issue
INC002472,SITE008,2026-04-27,Call Quality,P3,Room Device,Registration Failure,1.43,Closed,QoS
INC002473,SITE001,2026-03-18,QoS,P4,Mobile,Device Configuration,13.82,Resolved,Device Issue
INC002474,SITE009,2026-08-17,Call Quality,P3,Desk Phone,No Audio,1.33,Resolved,Unknown
INC002475,SITE015,2026-06-16,Provisioning,P3,Mobile,Dialing Issue,4.26,Closed,Provisioning
INC002476,SITE013,2026-07-01,Audio,P3,Room Device,Poor Call Quality,3.61,Resolved,Network
INC002477,SITE014,2026-02-13,Audio,P4,Room Device,Device Configuration,9.19,Closed,Network
INC002478,SITE012,2026-05-06,Dial Plan,P1,Mobile,Poor Call Quality,7.27,Resolved,Unknown
INC002479,SITE016,2026-08-18,QoS,P2,Soft Client,One-Way Audio,7.14,Open,Configuration
INC002480,SITE006,2026-02-10,UAT,P3,Soft Client,Device Configuration,2.79,Resolved,Device Issue
INC002481,SITE025,2026-05-02,Dial Plan,P4,Room Device,One-Way Audio,3.33,Open,Device Issue
INC002482,SITE033,2026-03-02,SIP,P2,Room Device,Device Configuration,1.31,In Progress,Configuration
INC002483,SITE019,2026-08-29,Provisioning,P2,Soft Client,No Audio,5.28,Resolved,User Error
INC002484,SITE024,2026-01-27,Dial Plan,P2,Room Device,Registration Failure,11.37,Resolved,Provisioning
INC002485,SITE006,2026-02-14,Provisioning,P4,Soft Client,Dialing Issue,1.48,Resolved,Network
INC002486,SITE011,2026-07-13,Registration,P3,Room Device,No Audio,2.09,In Progress,QoS
INC002487,SITE010,2026-05-17,Call Quality,P3,Mobile,Provisioning Failure,1.75,Resolved,QoS
INC002488,SITE009,2026-04-30,Call Quality,P2,Desk Phone,Provisioning Failure,11.46,In Progress,Network
INC002489,SITE017,2026-07-25,Registration,P2,Soft Client,Dialing Issue,2.0,Open,User Error
INC002490,SITE013,2026-05-11,Audio,P4,Room Device,Poor Call Quality,3.43,Resolved,QoS
INC002491,SITE003,2026-07-05,User Configuration,P3,Mobile,Registration Failure,3.27,Resolved,QoS
INC002492,SITE026,2026-03-29,Network,P1,Room Device,Registration Failure,2.34,Open,QoS
INC002493,SITE023,2026-05-29,Audio,P2,Mobile,UAT Failure,3.72,Open,QoS
INC002494,SITE010,2026-01-20,User Configuration,P3,Room Device,Registration Failure,2.57,Resolved,Device Issue
INC002495,SITE014,2026-03-19,UAT,P4,Room Device,One-Way Audio,5.49,Resolved,User Error
INC002496,SITE001,2026-04-25,Codec,P4,Room Device,Registration Failure,5.94,Closed,Unknown
INC002497,SITE033,2026-02-26,Device Configuration,P3,Mobile,Dialing Issue,5.06,Resolved,Unknown
INC002498,SITE004,2026-03-06,Network,P3,Soft Client,Registration Failure,2.66,Resolved,Configuration
INC002499,SITE020,2026-01-14,Device Configuration,P3,Room Device,Dialing Issue,1.4,Resolved,Unknown
INC002500,SITE027,2026-05-21,Codec,P3,Soft Client,Poor Call Quality,5.38,Resolved,Unknown
INC002501,SITE016,2026-06-02,QoS,P3,Room Device,Registration Failure,9.96,Closed,User Error
INC002502,SITE034,2026-02-18,Dial Plan,P4,Room Device,No Audio,2.31,Open,QoS
INC002503,SITE008,2026-03-16,Call Quality,P1,Soft Client,UAT Failure,1.45,Resolved,Configuration
INC002504,SITE027,2026-02-21,Audio,P3,Mobile,Registration Failure,1.2,Resolved,QoS
INC002505,SITE029,2026-05-04,UAT,P3,Desk Phone,Poor Call Quality,5.92,Closed,Provisioning
INC002506,SITE021,2026-01-21,SIP,P3,Mobile,Registration Failure,2.01,Open,Network
INC002507,SITE030,2026-07-26,Device Configuration,P1,Soft Client,No Audio,3.03,Resolved,Network
INC002508,SITE029,2026-01-10,Call Quality,P2,Mobile,Device Configuration,4.39,Open,Network
INC002509,SITE022,2026-05-23,Device Configuration,P4,Soft Client,Registration Failure,0.93,Open,User Error
INC002510,SITE030,2026-06-02,Registration,P1,Mobile,One-Way Audio,5.18,Resolved,User Error
INC002511,SITE009,2026-04-25,Call Quality,P3,Soft Client,UAT Failure,6.97,Open,Configuration
INC002512,SITE035,2026-07-12,Device Configuration,P4,Mobile,UAT Failure,12.84,Resolved,User Error
INC002513,SITE026,2026-05-05,UAT,P4,Room Device,UAT Failure,4.37,Resolved,QoS
INC002514,SITE034,2026-04-24,Device Configuration,P3,Desk Phone,No Audio,5.04,Resolved,Network
INC002515,SITE019,2026-01-30,Provisioning,P2,Soft Client,Provisioning Failure,1.21,In Progress,Provisioning
INC002516,SITE028,2026-03-07,UAT,P3,Room Device,No Audio,3.89,Resolved,Configuration
INC002517,SITE008,2026-01-18,Audio,P3,Room Device,Provisioning Failure,2.58,Open,User Error
INC002518,SITE022,2026-02-27,Audio,P4,Mobile,Poor Call Quality,2.97,Closed,Network
INC002519,SITE011,2026-05-21,User Configuration,P2,Mobile,Provisioning Failure,2.81,Resolved,User Error
INC002520,SITE028,2026-02-02,QoS,P2,Desk Phone,No Audio,3.06,Resolved,Provisioning
INC002521,SITE015,2026-02-15,QoS,P2,Room Device,UAT Failure,1.01,Open,User Error
INC002522,SITE022,2026-07-07,Device Configuration,P2,Room Device,UAT Failure,2.85,Resolved,Unknown
INC002523,SITE027,2026-05-03,Dial Plan,P3,Soft Client,Dialing Issue,6.67,Resolved,User Error
INC002524,SITE003,2026-02-23,SIP,P3,Desk Phone,No Audio,0.85,In Progress,Unknown
INC002525,SITE011,2026-02-23,Device Configuration,P3,Mobile,One-Way Audio,2.83,Closed,Network
INC002526,SITE027,2026-08-11,Dial Plan,P3,Desk Phone,Device Configuration,2.66,Resolved,Unknown
INC002527,SITE006,2026-03-02,Provisioning,P3,Soft Client,No Audio,1.4,Resolved,User Error
INC002528,SITE019,2026-08-18,Audio,P2,Mobile,Poor Call Quality,1.73,In Progress,Provisioning
INC002529,SITE026,2026-01-31,Codec,P2,Soft Client,UAT Failure,5.01,Open,Network
INC002530,SITE014,2026-03-18,Codec,P4,Soft Client,Provisioning Failure,0.63,Open,Unknown
INC002531,SITE018,2026-05-10,QoS,P2,Mobile,Registration Failure,5.87,Open,Unknown
INC002532,SITE011,2026-06-25,Audio,P3,Soft Client,Provisioning Failure,1.59,Closed,User Error
INC002533,SITE032,2026-02-24,User Configuration,P3,Mobile,Device Configuration,1.88,Resolved,User Error
INC002534,SITE023,2026-07-09,Network,P3,Soft Client,Poor Call Quality,3.34,In Progress,User Error
INC002535,SITE021,2026-08-01,Dial Plan,P4,Soft Client,One-Way Audio,5.94,In Progress,Provisioning
INC002536,SITE003,2026-02-11,SIP,P3,Mobile,Registration Failure,4.06,Resolved,User Error
INC002537,SITE026,2026-01-03,QoS,P4,Mobile,Dialing Issue,0.43,Closed,Network
INC002538,SITE025,2026-03-07,Dial Plan,P3,Desk Phone,Dialing Issue,8.29,Resolved,User Error
INC002539,SITE007,2026-01-05,Call Quality,P3,Mobile,One-Way Audio,3.28,Resolved,Unknown
INC002540,SITE024,2026-04-09,User Configuration,P3,Mobile,Dialing Issue,4.15,Closed,Configuration
INC002541,SITE014,2026-08-03,SIP,P3,Mobile,Registration Failure,5.49,Resolved,User Error
INC002542,SITE012,2026-06-06,Codec,P2,Desk Phone,One-Way Audio,3.08,Resolved,Network
INC002543,SITE017,2026-06-18,Registration,P4,Mobile,Device Configuration,2.14,Resolved,QoS
INC002544,SITE032,2026-06-07,User Configuration,P2,Room Device,Registration Failure,5.03,Resolved,Network
INC002545,SITE020,2026-06-08,Audio,P2,Desk Phone,No Audio,4.6,Resolved,Device Issue
INC002546,SITE018,2026-01-10,Audio,P4,Desk Phone,No Audio,8.49,Open,Provisioning
INC002547,SITE011,2026-08-09,Device Configuration,P4,Desk Phone,Dialing Issue,5.09,Resolved,Provisioning
INC002548,SITE018,2026-07-14,Registration,P3,Room Device,Registration Failure,1.6,Resolved,Provisioning
INC002549,SITE008,2026-07-19,Network,P2,Soft Client,One-Way Audio,3.59,Resolved,Configuration
INC002550,SITE017,2026-07-08,Codec,P4,Soft Client,Dialing Issue,1.59,Resolved,Configuration
INC002551,SITE007,2026-06-22,Call Quality,P3,Desk Phone,One-Way Audio,4.58,Closed,User Error
INC002552,SITE027,2026-02-26,Registration,P3,Desk Phone,No Audio,4.32,In Progress,User Error
INC002553,SITE014,2026-01-31,Registration,P4,Room Device,Dialing Issue,8.44,In Progress,Network
INC002554,SITE029,2026-07-26,Registration,P3,Room Device,UAT Failure,4.95,Closed,Configuration
INC002555,SITE020,2026-06-11,Network,P3,Room Device,Poor Call Quality,1.86,Resolved,Provisioning
INC002556,SITE029,2026-04-06,Network,P4,Soft Client,No Audio,1.24,Resolved,Provisioning
INC002557,SITE011,2026-02-10,QoS,P3,Room Device,Poor Call Quality,2.6,Resolved,User Error
INC002558,SITE022,2026-03-31,UAT,P3,Mobile,Dialing Issue,3.92,Resolved,Unknown
INC002559,SITE035,2026-08-07,Provisioning,P3,Soft Client,No Audio,1.14,Resolved,Configuration
INC002560,SITE025,2026-03-06,UAT,P2,Soft Client,Provisioning Failure,10.68,Closed,Configuration
INC002561,SITE034,2026-01-06,Audio,P3,Desk Phone,One-Way Audio,6.44,Resolved,QoS
INC002562,SITE013,2026-07-08,Dial Plan,P2,Desk Phone,Provisioning Failure,0.76,In Progress,Unknown
INC002563,SITE030,2026-05-28,User Configuration,P3,Soft Client,Dialing Issue,2.51,Resolved,Provisioning
INC002564,SITE002,2026-07-09,UAT,P4,Mobile,Registration Failure,3.8,In Progress,User Error
INC002565,SITE019,2026-03-19,QoS,P3,Mobile,Provisioning Failure,2.14,Resolved,QoS
INC002566,SITE005,2026-03-22,SIP,P1,Soft Client,One-Way Audio,3.96,Resolved,Unknown
INC002567,SITE005,2026-01-09,Audio,P2,Mobile,Device Configuration,2.62,Resolved,User Error
INC002568,SITE017,2026-04-22,Audio,P3,Soft Client,One-Way Audio,7.6,Open,User Error
INC002569,SITE030,2026-06-25,Registration,P2,Desk Phone,UAT Failure,5.28,Closed,Network
INC002570,SITE025,2026-05-31,Registration,P3,Mobile,Device Configuration,2.68,Resolved,Unknown
INC002571,SITE009,2026-01-24,UAT,P3,Mobile,UAT Failure,2.22,Resolved,QoS
INC002572,SITE013,2026-06-10,Call Quality,P3,Soft Client,Registration Failure,5.49,Closed,QoS
INC002573,SITE011,2026-03-31,SIP,P3,Desk Phone,Device Configuration,1.41,Closed,Provisioning
INC002574,SITE009,2026-07-05,Codec,P4,Mobile,No Audio,3.73,Resolved,Device Issue
INC002575,SITE032,2026-01-27,Device Configuration,P4,Desk Phone,Device Configuration,1.37,In Progress,Device Issue
INC002576,SITE004,2026-01-04,UAT,P3,Room Device,Poor Call Quality,3.95,In Progress,Provisioning
INC002577,SITE001,2026-04-03,UAT,P3,Desk Phone,Registration Failure,10.33,Resolved,QoS
INC002578,SITE023,2026-04-19,Registration,P3,Mobile,Provisioning Failure,0.97,Closed,Device Issue
INC002579,SITE008,2026-01-22,Provisioning,P3,Room Device,No Audio,1.13,Resolved,QoS
INC002580,SITE004,2026-01-03,Network,P3,Room Device,No Audio,7.55,Closed,Provisioning
INC002581,SITE022,2026-06-08,Provisioning,P4,Mobile,UAT Failure,3.31,Open,Configuration
INC002582,SITE014,2026-03-25,Call Quality,P3,Room Device,Provisioning Failure,2.14,Resolved,Configuration
INC002583,SITE019,2026-05-21,UAT,P2,Desk Phone,No Audio,3.62,Closed,Configuration
INC002584,SITE009,2026-07-24,SIP,P3,Mobile,One-Way Audio,1.7,In Progress,Unknown
INC002585,SITE021,2026-05-27,Provisioning,P4,Room Device,No Audio,6.2,Resolved,Provisioning
INC002586,SITE005,2026-02-06,Provisioning,P3,Desk Phone,Dialing Issue,5.84,Resolved,Configuration
INC002587,SITE006,2026-04-22,Registration,P4,Soft Client,No Audio,6.19,Resolved,Unknown
INC002588,SITE002,2026-08-14,Codec,P3,Desk Phone,Poor Call Quality,1.33,Open,Device Issue
INC002589,SITE017,2026-07-30,User Configuration,P2,Soft Client,Poor Call Quality,4.06,Resolved,User Error
INC002590,SITE027,2026-02-07,Device Configuration,P3,Mobile,Device Configuration,8.84,Resolved,User Error
INC002591,SITE014,2026-01-31,Device Configuration,P1,Soft Client,Dialing Issue,0.89,Resolved,QoS
INC002592,SITE013,2026-03-26,SIP,P3,Desk Phone,Dialing Issue,5.25,Open,QoS
INC002593,SITE003,2026-08-27,Network,P4,Room Device,Device Configuration,12.08,Resolved,Provisioning
INC002594,SITE001,2026-03-22,Call Quality,P3,Room Device,Registration Failure,0.38,Resolved,Provisioning
INC002595,SITE025,2026-01-19,Audio,P3,Soft Client,No Audio,2.07,Resolved,Unknown
INC002596,SITE025,2026-07-19,Dial Plan,P4,Desk Phone,Device Configuration,2.56,Resolved,QoS
INC002597,SITE026,2026-01-19,Provisioning,P3,Soft Client,Registration Failure,4.26,Open,QoS
INC002598,SITE017,2026-06-26,QoS,P4,Room Device,Registration Failure,8.04,Closed,QoS
INC002599,SITE001,2026-06-23,Network,P2,Soft Client,Poor Call Quality,8.39,Resolved,User Error
INC002600,SITE003,2026-06-25,Device Configuration,P2,Mobile,UAT Failure,4.3,Closed,Device Issue
INC002601,SITE005,2026-02-10,Audio,P4,Room Device,Provisioning Failure,1.09,Resolved,QoS
INC002602,SITE004,2026-04-14,User Configuration,P4,Mobile,Poor Call Quality,3.82,Open,QoS
INC002603,SITE020,2026-03-02,Provisioning,P3,Soft Client,Provisioning Failure,2.59,Closed,Unknown
INC002604,SITE006,2026-02-25,Audio,P3,Mobile,Registration Failure,0.99,Closed,Unknown
INC002605,SITE019,2026-05-24,Dial Plan,P3,Desk Phone,UAT Failure,5.33,Resolved,Device Issue
INC002606,SITE005,2026-03-29,Provisioning,P3,Soft Client,UAT Failure,3.14,In Progress,Configuration
INC002607,SITE009,2026-08-17,Registration,P3,Mobile,Provisioning Failure,5.29,Closed,Configuration
INC002608,SITE031,2026-07-18,Dial Plan,P4,Desk Phone,Provisioning Failure,2.85,Closed,Network
INC002609,SITE029,2026-05-21,SIP,P3,Soft Client,UAT Failure,2.5,Resolved,Provisioning
INC002610,SITE014,2026-06-02,User Configuration,P2,Soft Client,Provisioning Failure,4.64,In Progress,Device Issue
INC002611,SITE010,2026-01-17,UAT,P4,Soft Client,Device Configuration,6.77,In Progress,Provisioning
INC002612,SITE025,2026-05-09,User Configuration,P2,Soft Client,Provisioning Failure,2.4,Resolved,Device Issue
INC002613,SITE003,2026-03-04,User Configuration,P3,Soft Client,One-Way Audio,2.06,Closed,Unknown
INC002614,SITE026,2026-07-09,Dial Plan,P3,Desk Phone,No Audio,0.59,Resolved,Device Issue
INC002615,SITE010,2026-02-16,Provisioning,P4,Soft Client,No Audio,3.82,Open,Configuration
INC002616,SITE030,2026-06-08,Audio,P3,Desk Phone,No Audio,3.01,Open,Device Issue
INC002617,SITE017,2026-04-19,Audio,P1,Mobile,Dialing Issue,5.64,Resolved,Unknown
INC002618,SITE033,2026-02-13,User Configuration,P2,Room Device,UAT Failure,1.85,Resolved,Provisioning
INC002619,SITE002,2026-04-19,Codec,P3,Soft Client,One-Way Audio,4.24,Resolved,QoS
INC002620,SITE026,2026-03-04,SIP,P4,Soft Client,Poor Call Quality,4.97,Resolved,Configuration
INC002621,SITE015,2026-06-10,QoS,P2,Mobile,Poor Call Quality,3.19,Resolved,Unknown
INC002622,SITE028,2026-06-18,User Configuration,P3,Room Device,Dialing Issue,22.19,Resolved,Configuration
INC002623,SITE009,2026-05-15,Codec,P4,Desk Phone,No Audio,2.01,In Progress,Device Issue
INC002624,SITE014,2026-01-30,QoS,P3,Room Device,UAT Failure,2.65,Closed,User Error
INC002625,SITE028,2026-01-23,Registration,P3,Soft Client,One-Way Audio,2.97,Resolved,Provisioning
INC002626,SITE020,2026-03-25,Dial Plan,P4,Soft Client,No Audio,1.16,Resolved,Network
INC002627,SITE023,2026-01-14,Registration,P2,Desk Phone,No Audio,2.46,Resolved,Configuration
INC002628,SITE024,2026-02-05,Codec,P2,Room Device,One-Way Audio,3.7,Resolved,Unknown
INC002629,SITE032,2026-08-19,Call Quality,P3,Room Device,Registration Failure,3.49,Resolved,Network
INC002630,SITE017,2026-07-17,Audio,P3,Desk Phone,Device Configuration,5.49,Closed,Device Issue
INC002631,SITE027,2026-02-25,Call Quality,P4,Room Device,One-Way Audio,2.47,Resolved,Configuration
INC002632,SITE004,2026-07-08,UAT,P3,Desk Phone,Registration Failure,1.63,Resolved,Unknown
INC002633,SITE025,2026-07-12,Audio,P3,Mobile,UAT Failure,3.72,Resolved,QoS
INC002634,SITE015,2026-04-06,Network,P3,Soft Client,Registration Failure,4.35,Resolved,Unknown
INC002635,SITE034,2026-04-11,User Configuration,P3,Room Device,UAT Failure,1.55,Resolved,Network
INC002636,SITE018,2026-04-26,UAT,P4,Mobile,Provisioning Failure,1.75,In Progress,Device Issue
INC002637,SITE018,2026-06-17,User Configuration,P3,Room Device,Dialing Issue,2.18,In Progress,Unknown
INC002638,SITE035,2026-04-19,Call Quality,P3,Soft Client,Dialing Issue,4.18,In Progress,Device Issue
INC002639,SITE006,2026-01-15,QoS,P2,Desk Phone,UAT Failure,1.83,In Progress,Device Issue
INC002640,SITE030,2026-04-08,Registration,P2,Soft Client,One-Way Audio,1.17,Resolved,User Error
INC002641,SITE014,2026-01-25,Call Quality,P2,Desk Phone,Device Configuration,4.3,Resolved,Unknown
INC002642,SITE034,2026-06-30,Call Quality,P3,Mobile,Poor Call Quality,3.56,Resolved,Network
INC002643,SITE004,2026-07-03,Network,P2,Desk Phone,UAT Failure,3.08,Resolved,Unknown
INC002644,SITE005,2026-06-09,Audio,P4,Room Device,Provisioning Failure,1.13,Closed,Configuration
INC002645,SITE005,2026-02-04,Codec,P3,Soft Client,One-Way Audio,10.61,Resolved,User Error
INC002646,SITE002,2026-05-31,Registration,P4,Soft Client,UAT Failure,3.37,Resolved,Network
INC002647,SITE005,2026-03-17,Device Configuration,P3,Mobile,Device Configuration,7.95,Closed,QoS
INC002648,SITE031,2026-04-26,Registration,P4,Mobile,No Audio,2.0,Resolved,Network
INC002649,SITE010,2026-02-02,Network,P3,Room Device,One-Way Audio,4.72,Open,Provisioning
INC002650,SITE005,2026-04-12,SIP,P4,Room Device,Provisioning Failure,2.86,Resolved,Device Issue
INC002651,SITE002,2026-02-17,UAT,P2,Desk Phone,Dialing Issue,7.08,Resolved,QoS
INC002652,SITE033,2026-03-16,Audio,P3,Mobile,Device Configuration,1.94,Resolved,Network
INC002653,SITE004,2026-04-17,Registration,P4,Soft Client,Dialing Issue,13.97,Closed,User Error
INC002654,SITE012,2026-06-05,Dial Plan,P4,Desk Phone,UAT Failure,3.07,Resolved,Network
INC002655,SITE034,2026-08-06,UAT,P2,Desk Phone,Provisioning Failure,4.97,Resolved,Unknown
INC002656,SITE017,2026-05-07,Device Configuration,P3,Mobile,One-Way Audio,1.46,Open,Unknown
INC002657,SITE010,2026-08-11,QoS,P4,Mobile,Provisioning Failure,3.68,In Progress,Network
INC002658,SITE028,2026-06-15,SIP,P4,Soft Client,Device Configuration,2.17,Resolved,User Error
INC002659,SITE013,2026-02-06,SIP,P3,Soft Client,One-Way Audio,7.37,Resolved,User Error
INC002660,SITE015,2026-01-03,Audio,P3,Desk Phone,Poor Call Quality,3.93,Resolved,Provisioning
INC002661,SITE014,2026-03-24,UAT,P4,Desk Phone,Provisioning Failure,1.52,Open,Network
INC002662,SITE002,2026-03-16,Provisioning,P3,Soft Client,Provisioning Failure,13.78,Resolved,Configuration
INC002663,SITE010,2026-02-09,User Configuration,P2,Desk Phone,UAT Failure,1.56,Closed,Configuration
INC002664,SITE014,2026-04-20,Codec,P3,Room Device,One-Way Audio,0.68,Closed,Device Issue
INC002665,SITE014,2026-04-21,SIP,P3,Room Device,UAT Failure,3.54,Closed,QoS
INC002666,SITE024,2026-04-15,Call Quality,P3,Soft Client,Device Configuration,1.5,In Progress,Provisioning
INC002667,SITE031,2026-06-09,SIP,P4,Room Device,No Audio,1.77,Resolved,Configuration
INC002668,SITE003,2026-06-08,SIP,P1,Soft Client,UAT Failure,6.6,Resolved,Network
INC002669,SITE002,2026-05-05,Provisioning,P4,Soft Client,One-Way Audio,6.87,Resolved,Unknown
INC002670,SITE033,2026-04-09,Audio,P4,Room Device,Registration Failure,4.03,Resolved,Unknown
INC002671,SITE010,2026-06-22,Audio,P4,Desk Phone,Provisioning Failure,5.46,Closed,User Error
INC002672,SITE027,2026-05-11,Dial Plan,P3,Room Device,One-Way Audio,3.85,Resolved,Configuration
INC002673,SITE002,2026-05-29,Registration,P4,Soft Client,One-Way Audio,4.04,Open,Network
INC002674,SITE025,2026-05-28,Dial Plan,P4,Room Device,No Audio,2.04,Resolved,Unknown
INC002675,SITE003,2026-04-03,SIP,P2,Mobile,Poor Call Quality,5.3,Resolved,QoS
INC002676,SITE017,2026-05-22,Provisioning,P3,Mobile,Dialing Issue,2.98,Resolved,Configuration
INC002677,SITE029,2026-06-13,Provisioning,P3,Desk Phone,Registration Failure,1.27,Resolved,Network
INC002678,SITE023,2026-01-22,Registration,P3,Soft Client,No Audio,17.04,In Progress,QoS
INC002679,SITE007,2026-03-13,Codec,P3,Soft Client,One-Way Audio,4.23,Resolved,Network
INC002680,SITE015,2026-06-13,SIP,P2,Desk Phone,Registration Failure,11.52,In Progress,QoS
INC002681,SITE010,2026-08-26,Device Configuration,P2,Desk Phone,One-Way Audio,1.14,Resolved,User Error
INC002682,SITE006,2026-06-12,Network,P2,Desk Phone,UAT Failure,3.3,Open,Provisioning
INC002683,SITE021,2026-07-02,Dial Plan,P4,Mobile,Dialing Issue,5.31,Resolved,Provisioning
INC002684,SITE001,2026-04-11,Device Configuration,P3,Desk Phone,Provisioning Failure,5.34,Resolved,Unknown
INC002685,SITE005,2026-06-23,Dial Plan,P3,Mobile,Registration Failure,1.1,Closed,Provisioning
INC002686,SITE020,2026-08-17,Dial Plan,P3,Mobile,Dialing Issue,2.97,Resolved,Configuration
INC002687,SITE012,2026-07-27,QoS,P2,Desk Phone,One-Way Audio,1.0,In Progress,Provisioning
INC002688,SITE014,2026-04-21,Dial Plan,P2,Desk Phone,Dialing Issue,1.26,Closed,Configuration
INC002689,SITE030,2026-04-19,Device Configuration,P4,Desk Phone,Provisioning Failure,6.52,Resolved,Device Issue
INC002690,SITE011,2026-08-22,Audio,P3,Room Device,Device Configuration,3.35,Open,Configuration
INC002691,SITE026,2026-04-29,Device Configuration,P2,Mobile,One-Way Audio,1.99,Resolved,User Error
INC002692,SITE003,2026-08-05,Dial Plan,P3,Mobile,Provisioning Failure,1.99,Closed,Network
INC002693,SITE014,2026-06-07,UAT,P2,Desk Phone,Registration Failure,1.86,Resolved,Network
INC002694,SITE012,2026-07-03,SIP,P3,Room Device,Poor Call Quality,4.64,Closed,Configuration
INC002695,SITE018,2026-05-21,Call Quality,P3,Desk Phone,UAT Failure,2.58,Open,Provisioning
INC002696,SITE007,2026-04-23,SIP,P2,Room Device,Poor Call Quality,6.88,In Progress,Unknown
INC002697,SITE002,2026-08-26,Codec,P2,Mobile,No Audio,9.38,Resolved,Configuration
INC002698,SITE033,2026-08-21,Network,P2,Desk Phone,Device Configuration,2.78,Resolved,User Error
INC002699,SITE016,2026-07-12,SIP,P3,Room Device,UAT Failure,7.04,Resolved,User Error
INC002700,SITE003,2026-05-21,QoS,P3,Room Device,Device Configuration,1.09,Open,QoS
INC002701,SITE020,2026-01-17,User Configuration,P3,Soft Client,Registration Failure,5.55,Resolved,Device Issue
INC002702,SITE003,2026-01-24,Registration,P4,Desk Phone,One-Way Audio,4.64,Open,Network
INC002703,SITE035,2026-05-13,Dial Plan,P4,Desk Phone,UAT Failure,3.3,Resolved,QoS
INC002704,SITE001,2026-08-15,Provisioning,P3,Room Device,Device Configuration,4.83,Closed,QoS
INC002705,SITE009,2026-05-08,Dial Plan,P4,Soft Client,No Audio,2.33,Closed,Unknown
INC002706,SITE033,2026-04-16,SIP,P3,Soft Client,One-Way Audio,3.52,Resolved,Provisioning
INC002707,SITE015,2026-07-09,Audio,P2,Soft Client,One-Way Audio,4.21,Open,QoS
INC002708,SITE008,2026-02-05,Call Quality,P2,Mobile,Dialing Issue,1.77,Closed,Provisioning
INC002709,SITE013,2026-01-11,User Configuration,P3,Soft Client,One-Way Audio,6.06,Resolved,Provisioning
INC002710,SITE010,2026-04-23,Network,P4,Soft Client,Provisioning Failure,2.69,Resolved,Unknown
INC002711,SITE007,2026-03-17,Network,P4,Soft Client,One-Way Audio,2.37,Resolved,Configuration
INC002712,SITE001,2026-08-03,Network,P4,Mobile,Provisioning Failure,5.63,In Progress,Device Issue
INC002713,SITE033,2026-04-25,Device Configuration,P2,Mobile,Dialing Issue,0.52,Resolved,Provisioning
INC002714,SITE028,2026-07-02,Call Quality,P2,Mobile,Dialing Issue,3.68,Open,Device Issue
INC002715,SITE033,2026-05-14,UAT,P3,Room Device,Poor Call Quality,3.09,Resolved,Provisioning
INC002716,SITE019,2026-04-14,Device Configuration,P4,Room Device,Device Configuration,2.86,Resolved,Unknown
INC002717,SITE028,2026-02-09,UAT,P3,Desk Phone,One-Way Audio,5.6,Closed,User Error
INC002718,SITE032,2026-03-01,Call Quality,P4,Mobile,Device Configuration,2.39,In Progress,QoS
INC002719,SITE016,2026-05-29,Audio,P2,Mobile,One-Way Audio,6.91,Open,Network
INC002720,SITE029,2026-03-09,UAT,P3,Soft Client,UAT Failure,4.33,Resolved,Unknown
INC002721,SITE018,2026-01-10,QoS,P2,Room Device,Registration Failure,1.32,Open,User Error
INC002722,SITE030,2026-04-06,UAT,P3,Room Device,Dialing Issue,2.56,Resolved,Unknown
INC002723,SITE020,2026-06-09,Codec,P3,Soft Client,Poor Call Quality,12.83,Resolved,User Error
INC002724,SITE018,2026-01-01,Audio,P3,Desk Phone,Provisioning Failure,1.16,Open,Device Issue
INC002725,SITE023,2026-02-10,UAT,P4,Soft Client,One-Way Audio,15.09,Closed,Network
INC002726,SITE020,2026-01-06,Provisioning,P4,Mobile,Device Configuration,4.64,Resolved,Configuration
INC002727,SITE015,2026-05-27,Audio,P2,Soft Client,Dialing Issue,6.82,Resolved,Device Issue
INC002728,SITE019,2026-05-18,UAT,P2,Desk Phone,Registration Failure,1.63,Resolved,QoS
INC002729,SITE011,2026-03-17,Network,P2,Soft Client,Device Configuration,3.89,Resolved,Configuration
INC002730,SITE032,2026-03-20,Network,P3,Mobile,No Audio,2.12,Resolved,Provisioning
INC002731,SITE034,2026-04-07,Registration,P2,Desk Phone,Poor Call Quality,0.91,Resolved,Device Issue
INC002732,SITE008,2026-08-10,Audio,P3,Soft Client,Poor Call Quality,3.01,In Progress,Network
INC002733,SITE012,2026-01-04,Dial Plan,P4,Mobile,UAT Failure,2.95,In Progress,Unknown
INC002734,SITE014,2026-05-02,Device Configuration,P2,Room Device,Poor Call Quality,1.96,Closed,Device Issue
INC002735,SITE031,2026-06-06,Codec,P2,Mobile,One-Way Audio,3.25,Closed,Provisioning
INC002736,SITE003,2026-03-26,Audio,P3,Room Device,One-Way Audio,3.04,Resolved,Network
INC002737,SITE021,2026-07-01,Dial Plan,P3,Soft Client,Registration Failure,2.22,Closed,Device Issue
INC002738,SITE008,2026-01-27,Dial Plan,P3,Mobile,Dialing Issue,1.78,Closed,QoS
INC002739,SITE032,2026-01-14,Registration,P3,Desk Phone,One-Way Audio,3.14,Resolved,Device Issue
INC002740,SITE035,2026-02-14,Dial Plan,P3,Mobile,UAT Failure,6.57,Resolved,Unknown
INC002741,SITE023,2026-02-27,Provisioning,P3,Mobile,Poor Call Quality,2.33,Resolved,Unknown
INC002742,SITE021,2026-06-28,UAT,P4,Soft Client,Dialing Issue,2.51,Resolved,Unknown
INC002743,SITE006,2026-04-17,Provisioning,P2,Desk Phone,No Audio,6.02,Resolved,Network
INC002744,SITE011,2026-02-09,Audio,P3,Mobile,Device Configuration,7.06,Resolved,Provisioning
INC002745,SITE020,2026-06-19,Dial Plan,P2,Mobile,Dialing Issue,3.97,In Progress,User Error
INC002746,SITE001,2026-06-16,User Configuration,P3,Soft Client,Device Configuration,6.84,Resolved,User Error
INC002747,SITE035,2026-02-16,QoS,P4,Soft Client,No Audio,3.6,Resolved,QoS
INC002748,SITE007,2026-07-20,Network,P3,Room Device,Poor Call Quality,6.73,Resolved,Configuration
INC002749,SITE010,2026-03-15,SIP,P3,Desk Phone,Poor Call Quality,2.17,Resolved,QoS
INC002750,SITE003,2026-07-31,Codec,P3,Room Device,No Audio,2.2,Resolved,Unknown
INC002751,SITE003,2026-04-02,Audio,P4,Soft Client,One-Way Audio,3.25,Resolved,Unknown
INC002752,SITE017,2026-01-14,QoS,P2,Soft Client,Registration Failure,0.82,Closed,User Error
INC002753,SITE033,2026-02-25,User Configuration,P2,Room Device,Provisioning Failure,10.6,Resolved,Network
INC002754,SITE025,2026-03-10,Device Configuration,P3,Mobile,Dialing Issue,2.12,Resolved,Configuration
INC002755,SITE022,2026-01-06,User Configuration,P1,Soft Client,Poor Call Quality,4.41,In Progress,Provisioning
INC002756,SITE018,2026-01-26,Device Configuration,P3,Desk Phone,Dialing Issue,3.85,Open,Device Issue
INC002757,SITE021,2026-05-17,Call Quality,P3,Mobile,Poor Call Quality,4.72,Resolved,Configuration
INC002758,SITE002,2026-02-15,User Configuration,P3,Soft Client,Dialing Issue,2.06,In Progress,Network
INC002759,SITE009,2026-02-23,User Configuration,P4,Mobile,One-Way Audio,0.59,Resolved,User Error
INC002760,SITE016,2026-07-31,Registration,P2,Soft Client,Poor Call Quality,1.33,Closed,Device Issue
INC002761,SITE027,2026-05-13,Call Quality,P2,Room Device,UAT Failure,1.46,Closed,User Error
INC002762,SITE005,2026-03-19,User Configuration,P3,Room Device,Device Configuration,5.16,Open,Unknown
INC002763,SITE035,2026-06-18,Audio,P4,Room Device,Registration Failure,1.45,Resolved,User Error
INC002764,SITE012,2026-07-03,Network,P3,Room Device,Device Configuration,9.17,Resolved,Network
INC002765,SITE022,2026-03-14,User Configuration,P3,Room Device,Registration Failure,4.63,Resolved,QoS
INC002766,SITE031,2026-04-09,User Configuration,P2,Mobile,Registration Failure,2.29,Resolved,Configuration
INC002767,SITE006,2026-06-09,Device Configuration,P4,Soft Client,Provisioning Failure,5.49,Closed,Unknown
INC002768,SITE006,2026-04-24,User Configuration,P4,Desk Phone,Poor Call Quality,3.23,Resolved,QoS
INC002769,SITE030,2026-06-19,Device Configuration,P3,Mobile,Dialing Issue,5.28,In Progress,Configuration
INC002770,SITE002,2026-06-03,User Configuration,P3,Room Device,Registration Failure,2.3,Closed,Provisioning
INC002771,SITE014,2026-06-07,Device Configuration,P2,Room Device,UAT Failure,1.76,Open,QoS
INC002772,SITE026,2026-04-19,User Configuration,P3,Mobile,Poor Call Quality,2.9,Resolved,Unknown
INC002773,SITE019,2026-06-27,SIP,P3,Desk Phone,Provisioning Failure,3.7,Resolved,Configuration
INC002774,SITE026,2026-03-01,Network,P3,Desk Phone,Poor Call Quality,3.44,Resolved,User Error
INC002775,SITE005,2026-04-21,UAT,P2,Mobile,Provisioning Failure,4.5,Resolved,Configuration
INC002776,SITE013,2026-08-05,Call Quality,P3,Mobile,UAT Failure,1.9,Resolved,Device Issue
INC002777,SITE004,2026-05-20,Codec,P3,Soft Client,One-Way Audio,9.81,Closed,Network
INC002778,SITE022,2026-01-30,Codec,P4,Room Device,Provisioning Failure,0.65,Resolved,QoS
INC002779,SITE029,2026-02-10,Call Quality,P4,Soft Client,Dialing Issue,8.33,Resolved,Provisioning
INC002780,SITE034,2026-01-04,Device Configuration,P3,Mobile,Poor Call Quality,4.81,Closed,QoS
INC002781,SITE029,2026-06-16,UAT,P4,Room Device,No Audio,12.38,Closed,Configuration
INC002782,SITE007,2026-07-29,User Configuration,P2,Mobile,Poor Call Quality,3.59,Resolved,QoS
INC002783,SITE018,2026-05-05,UAT,P3,Soft Client,Poor Call Quality,12.87,Closed,User Error
INC002784,SITE032,2026-04-20,User Configuration,P3,Soft Client,Registration Failure,1.39,Resolved,Network
INC002785,SITE022,2026-02-01,Audio,P3,Mobile,One-Way Audio,1.58,In Progress,Device Issue
INC002786,SITE031,2026-01-14,SIP,P4,Soft Client,One-Way Audio,1.0,Resolved,Network
INC002787,SITE005,2026-02-25,SIP,P3,Room Device,Dialing Issue,6.95,Resolved,Network
INC002788,SITE014,2026-02-26,Dial Plan,P4,Desk Phone,Device Configuration,1.44,Resolved,Network
INC002789,SITE018,2026-04-02,Provisioning,P4,Mobile,UAT Failure,2.68,Closed,Network
INC002790,SITE002,2026-08-01,SIP,P4,Mobile,No Audio,1.81,Resolved,Provisioning
INC002791,SITE008,2026-02-18,User Configuration,P2,Desk Phone,No Audio,5.61,Resolved,Configuration
INC002792,SITE016,2026-03-23,User Configuration,P3,Room Device,UAT Failure,1.61,Resolved,User Error
INC002793,SITE016,2026-02-24,Registration,P2,Mobile,Device Configuration,7.45,Resolved,Provisioning
INC002794,SITE020,2026-01-05,User Configuration,P3,Soft Client,One-Way Audio,3.84,In Progress,User Error
INC002795,SITE032,2026-07-12,Registration,P2,Mobile,One-Way Audio,4.83,In Progress,Network
INC002796,SITE010,2026-06-24,Codec,P3,Soft Client,UAT Failure,2.53,Open,Configuration
INC002797,SITE023,2026-07-29,Device Configuration,P4,Desk Phone,Dialing Issue,4.91,Resolved,Network
INC002798,SITE005,2026-05-01,Audio,P2,Room Device,Provisioning Failure,2.96,Closed,Network
INC002799,SITE017,2026-07-04,UAT,P3,Room Device,Dialing Issue,1.86,Closed,Configuration
INC002800,SITE019,2026-07-04,User Configuration,P4,Mobile,Dialing Issue,0.94,Resolved,Device Issue
INC002801,SITE001,2026-08-28,Codec,P3,Soft Client,Provisioning Failure,2.76,Resolved,Network
INC002802,SITE035,2026-07-09,SIP,P1,Desk Phone,UAT Failure,6.5,Closed,Device Issue
INC002803,SITE020,2026-02-22,Call Quality,P2,Desk Phone,Device Configuration,6.63,In Progress,Unknown
INC002804,SITE001,2026-03-28,Provisioning,P2,Soft Client,Registration Failure,0.97,Open,Network
INC002805,SITE016,2026-01-26,Call Quality,P4,Room Device,Provisioning Failure,1.83,Resolved,Provisioning
INC002806,SITE012,2026-03-29,Network,P2,Soft Client,Device Configuration,7.43,Resolved,Network
INC002807,SITE019,2026-02-13,Audio,P3,Soft Client,Provisioning Failure,1.87,Resolved,QoS
INC002808,SITE035,2026-07-15,Audio,P3,Desk Phone,One-Way Audio,3.72,Resolved,Provisioning
INC002809,SITE013,2026-03-14,Device Configuration,P3,Desk Phone,One-Way Audio,9.82,Resolved,Device Issue
INC002810,SITE035,2026-04-19,Network,P4,Mobile,Device Configuration,3.58,Resolved,Configuration
INC002811,SITE025,2026-07-13,Registration,P4,Soft Client,Poor Call Quality,3.74,Resolved,Configuration
INC002812,SITE034,2026-02-17,Device Configuration,P2,Mobile,Dialing Issue,5.34,Resolved,Provisioning
INC002813,SITE018,2026-07-21,Audio,P2,Mobile,One-Way Audio,3.21,Resolved,Configuration
INC002814,SITE012,2026-04-13,UAT,P3,Mobile,Poor Call Quality,3.86,Resolved,User Error
INC002815,SITE013,2026-07-07,Provisioning,P2,Desk Phone,One-Way Audio,1.83,Closed,Device Issue
INC002816,SITE028,2026-01-08,UAT,P3,Mobile,Provisioning Failure,1.53,Resolved,User Error
INC002817,SITE012,2026-02-22,Codec,P2,Soft Client,Registration Failure,2.53,Resolved,User Error
INC002818,SITE034,2026-05-20,Registration,P3,Desk Phone,UAT Failure,3.77,Resolved,Configuration
INC002819,SITE026,2026-08-28,Codec,P3,Room Device,One-Way Audio,1.97,Resolved,Configuration
INC002820,SITE026,2026-03-18,Provisioning,P2,Room Device,Poor Call Quality,1.61,Resolved,Device Issue
INC002821,SITE003,2026-01-17,Network,P3,Mobile,One-Way Audio,6.95,Closed,Unknown
INC002822,SITE029,2026-05-20,User Configuration,P2,Desk Phone,Provisioning Failure,1.16,Resolved,Configuration
INC002823,SITE009,2026-04-27,Call Quality,P3,Room Device,Registration Failure,2.93,Closed,Network
INC002824,SITE005,2026-02-15,User Configuration,P1,Mobile,Device Configuration,2.37,Closed,Provisioning
INC002825,SITE023,2026-07-19,Codec,P3,Desk Phone,Provisioning Failure,13.45,In Progress,Configuration
INC002826,SITE015,2026-01-28,Codec,P4,Desk Phone,UAT Failure,2.89,Closed,Provisioning
INC002827,SITE004,2026-07-26,QoS,P3,Soft Client,Poor Call Quality,1.97,Resolved,Network
INC002828,SITE034,2026-07-17,Audio,P4,Soft Client,Dialing Issue,2.36,Open,Device Issue
INC002829,SITE034,2026-02-04,SIP,P3,Desk Phone,Device Configuration,1.9,Resolved,Configuration
INC002830,SITE026,2026-05-13,Provisioning,P3,Mobile,Dialing Issue,3.34,Closed,Device Issue
INC002831,SITE035,2026-07-05,Audio,P3,Soft Client,Poor Call Quality,0.62,Resolved,Unknown
INC002832,SITE022,2026-02-02,SIP,P2,Room Device,Dialing Issue,2.36,Resolved,QoS
INC002833,SITE035,2026-08-07,User Configuration,P3,Desk Phone,Registration Failure,4.44,In Progress,QoS
INC002834,SITE029,2026-07-21,Codec,P3,Mobile,Poor Call Quality,1.7,In Progress,Device Issue
INC002835,SITE028,2026-03-24,Device Configuration,P4,Desk Phone,UAT Failure,1.44,In Progress,Device Issue
INC002836,SITE001,2026-02-08,Codec,P3,Desk Phone,UAT Failure,1.85,Resolved,Provisioning
INC002837,SITE025,2026-05-09,SIP,P4,Desk Phone,No Audio,5.62,Resolved,Unknown
INC002838,SITE034,2026-05-11,Codec,P3,Desk Phone,Provisioning Failure,5.16,In Progress,User Error
INC002839,SITE030,2026-02-16,Codec,P2,Mobile,Poor Call Quality,16.84,Resolved,Configuration
INC002840,SITE015,2026-07-30,Registration,P2,Soft Client,Poor Call Quality,2.81,Resolved,Device Issue
INC002841,SITE009,2026-07-01,Dial Plan,P4,Desk Phone,Poor Call Quality,1.66,Closed,Configuration
INC002842,SITE003,2026-06-05,Registration,P1,Soft Client,No Audio,4.49,Closed,QoS
INC002843,SITE011,2026-03-22,User Configuration,P2,Mobile,Provisioning Failure,2.52,Closed,Network
INC002844,SITE023,2026-01-25,QoS,P3,Mobile,One-Way Audio,5.44,Closed,Configuration
INC002845,SITE009,2026-08-12,Codec,P3,Mobile,No Audio,2.11,Open,QoS
INC002846,SITE022,2026-08-12,Provisioning,P2,Soft Client,Provisioning Failure,9.7,Open,Configuration
INC002847,SITE012,2026-05-21,UAT,P4,Mobile,Poor Call Quality,1.35,Resolved,Configuration
INC002848,SITE013,2026-02-04,Dial Plan,P3,Desk Phone,One-Way Audio,3.74,Resolved,Configuration
INC002849,SITE019,2026-04-21,Dial Plan,P3,Mobile,One-Way Audio,2.78,Closed,Unknown
INC002850,SITE006,2026-01-02,Dial Plan,P3,Desk Phone,Provisioning Failure,3.25,In Progress,Provisioning
INC002851,SITE026,2026-02-17,Device Configuration,P3,Soft Client,Provisioning Failure,1.94,In Progress,Device Issue
INC002852,SITE012,2026-06-01,User Configuration,P2,Desk Phone,Registration Failure,2.03,Resolved,Network
INC002853,SITE029,2026-01-23,Dial Plan,P3,Desk Phone,Poor Call Quality,4.45,Resolved,Unknown
INC002854,SITE014,2026-03-28,Device Configuration,P3,Room Device,UAT Failure,7.81,In Progress,Provisioning
INC002855,SITE031,2026-06-14,Network,P4,Mobile,Provisioning Failure,2.6,Resolved,Device Issue
INC002856,SITE016,2026-07-07,Registration,P3,Soft Client,Provisioning Failure,10.91,Closed,Network
INC002857,SITE031,2026-03-03,UAT,P3,Soft Client,Poor Call Quality,2.25,Resolved,Provisioning
INC002858,SITE026,2026-06-03,UAT,P3,Mobile,No Audio,7.97,Closed,Unknown
INC002859,SITE007,2026-02-14,Codec,P4,Desk Phone,Dialing Issue,1.86,Resolved,Device Issue
INC002860,SITE024,2026-08-27,Call Quality,P3,Mobile,One-Way Audio,2.39,Open,User Error
INC002861,SITE010,2026-05-14,Device Configuration,P3,Desk Phone,One-Way Audio,3.73,Open,Provisioning
INC002862,SITE020,2026-06-28,User Configuration,P2,Room Device,Registration Failure,0.61,Resolved,QoS
INC002863,SITE026,2026-03-31,Registration,P4,Mobile,No Audio,2.26,Open,Network
INC002864,SITE033,2026-06-02,UAT,P2,Soft Client,UAT Failure,5.41,Resolved,Provisioning
INC002865,SITE026,2026-05-18,Codec,P2,Room Device,Poor Call Quality,3.57,In Progress,Provisioning
INC002866,SITE010,2026-02-15,Device Configuration,P4,Soft Client,Registration Failure,1.05,In Progress,Unknown
INC002867,SITE012,2026-07-14,QoS,P2,Desk Phone,Registration Failure,1.84,Resolved,Configuration
INC002868,SITE011,2026-01-22,Audio,P2,Desk Phone,UAT Failure,1.57,Resolved,Configuration
INC002869,SITE030,2026-03-27,Dial Plan,P3,Room Device,One-Way Audio,5.88,In Progress,Device Issue
INC002870,SITE030,2026-01-06,Provisioning,P3,Soft Client,No Audio,2.37,Resolved,QoS
INC002871,SITE004,2026-02-03,Codec,P2,Soft Client,Registration Failure,3.68,Resolved,User Error
INC002872,SITE010,2026-05-02,User Configuration,P3,Desk Phone,Poor Call Quality,10.34,Resolved,QoS
INC002873,SITE011,2026-06-26,User Configuration,P3,Desk Phone,One-Way Audio,4.84,Resolved,Network
INC002874,SITE023,2026-01-23,User Configuration,P3,Soft Client,Dialing Issue,2.78,Resolved,QoS
INC002875,SITE012,2026-07-30,Audio,P3,Soft Client,No Audio,1.62,Resolved,Configuration
INC002876,SITE017,2026-08-04,User Configuration,P4,Desk Phone,Poor Call Quality,5.96,Resolved,Configuration
INC002877,SITE027,2026-08-09,Codec,P3,Desk Phone,Registration Failure,5.05,Open,User Error
INC002878,SITE001,2026-05-29,QoS,P3,Desk Phone,Registration Failure,1.19,Closed,Provisioning
INC002879,SITE013,2026-04-14,Dial Plan,P3,Desk Phone,Provisioning Failure,2.8,Resolved,Provisioning
INC002880,SITE023,2026-01-25,SIP,P4,Desk Phone,UAT Failure,4.16,Resolved,Network
INC002881,SITE017,2026-07-17,Device Configuration,P2,Soft Client,Device Configuration,1.86,Resolved,QoS
INC002882,SITE030,2026-04-13,SIP,P3,Soft Client,UAT Failure,1.81,Resolved,Device Issue
INC002883,SITE026,2026-08-01,Audio,P3,Soft Client,Dialing Issue,2.8,Resolved,User Error
INC002884,SITE019,2026-07-13,Audio,P4,Room Device,Device Configuration,6.39,In Progress,Network
INC002885,SITE033,2026-03-22,Device Configuration,P3,Room Device,Device Configuration,1.68,Resolved,Unknown
INC002886,SITE035,2026-02-11,User Configuration,P3,Soft Client,One-Way Audio,2.02,Resolved,Provisioning
INC002887,SITE008,2026-04-18,UAT,P4,Soft Client,Dialing Issue,1.77,Resolved,Configuration
INC002888,SITE012,2026-06-04,Audio,P3,Desk Phone,Registration Failure,22.67,Closed,Unknown
INC002889,SITE013,2026-08-25,Call Quality,P3,Desk Phone,Device Configuration,0.42,Resolved,Unknown
INC002890,SITE009,2026-05-14,UAT,P3,Desk Phone,One-Way Audio,6.73,In Progress,Configuration
INC002891,SITE022,2026-08-16,Network,P1,Soft Client,Registration Failure,3.74,Closed,Network
INC002892,SITE025,2026-02-10,Call Quality,P3,Soft Client,Provisioning Failure,4.7,Open,Configuration
INC002893,SITE027,2026-06-08,Call Quality,P3,Desk Phone,Dialing Issue,1.71,Resolved,Configuration
INC002894,SITE015,2026-06-09,QoS,P1,Mobile,Registration Failure,14.02,In Progress,QoS
INC002895,SITE013,2026-04-11,QoS,P3,Mobile,One-Way Audio,2.94,Open,Provisioning
INC002896,SITE003,2026-02-19,User Configuration,P3,Mobile,Dialing Issue,1.31,Resolved,Provisioning
INC002897,SITE017,2026-05-24,Call Quality,P3,Desk Phone,No Audio,3.27,Resolved,Provisioning
INC002898,SITE020,2026-07-10,UAT,P3,Room Device,Device Configuration,6.25,In Progress,QoS
INC002899,SITE003,2026-02-27,Device Configuration,P2,Soft Client,No Audio,11.64,Resolved,Device Issue
INC002900,SITE028,2026-01-10,User Configuration,P2,Desk Phone,No Audio,1.55,Resolved,Network
INC002901,SITE021,2026-02-26,Call Quality,P3,Desk Phone,Poor Call Quality,5.38,Resolved,Network
INC002902,SITE009,2026-02-23,UAT,P4,Mobile,One-Way Audio,5.61,Resolved,Network
INC002903,SITE006,2026-05-23,Provisioning,P3,Soft Client,Dialing Issue,4.08,In Progress,Network
INC002904,SITE023,2026-01-16,SIP,P2,Room Device,Registration Failure,2.49,Resolved,QoS
INC002905,SITE032,2026-04-17,Audio,P3,Soft Client,Device Configuration,1.92,Resolved,Network
INC002906,SITE021,2026-05-24,UAT,P3,Mobile,Provisioning Failure,2.29,Resolved,Configuration
INC002907,SITE010,2026-05-14,Device Configuration,P2,Soft Client,Device Configuration,1.38,Resolved,Provisioning
INC002908,SITE030,2026-06-09,Provisioning,P2,Desk Phone,Dialing Issue,2.43,Resolved,Provisioning
INC002909,SITE019,2026-06-05,Provisioning,P4,Desk Phone,Device Configuration,3.72,Resolved,Provisioning
INC002910,SITE031,2026-03-09,Provisioning,P3,Mobile,One-Way Audio,1.89,Resolved,Provisioning
INC002911,SITE006,2026-03-12,Call Quality,P2,Room Device,UAT Failure,3.04,Closed,User Error
INC002912,SITE016,2026-08-12,Registration,P3,Soft Client,Dialing Issue,2.08,In Progress,Network
INC002913,SITE035,2026-06-01,QoS,P2,Room Device,Device Configuration,7.08,Resolved,User Error
INC002914,SITE030,2026-02-10,User Configuration,P2,Soft Client,Device Configuration,1.48,Closed,Unknown
INC002915,SITE023,2026-05-12,Provisioning,P2,Room Device,Registration Failure,3.09,Resolved,Network
INC002916,SITE015,2026-04-29,Dial Plan,P2,Room Device,Device Configuration,5.8,Resolved,Provisioning
INC002917,SITE033,2026-02-11,Audio,P3,Mobile,Poor Call Quality,2.23,Open,User Error
INC002918,SITE029,2026-04-07,Dial Plan,P4,Room Device,Provisioning Failure,5.2,Resolved,Network
INC002919,SITE035,2026-01-19,User Configuration,P2,Mobile,One-Way Audio,3.28,Resolved,User Error
INC002920,SITE002,2026-07-12,Codec,P3,Mobile,One-Way Audio,2.72,Open,Device Issue
INC002921,SITE009,2026-03-10,Device Configuration,P4,Desk Phone,One-Way Audio,7.44,Closed,User Error
INC002922,SITE012,2026-07-25,Audio,P3,Mobile,Registration Failure,5.46,Open,Unknown
INC002923,SITE016,2026-01-13,Codec,P2,Desk Phone,Provisioning Failure,4.39,In Progress,Network
INC002924,SITE002,2026-04-07,User Configuration,P2,Desk Phone,Poor Call Quality,2.39,Resolved,Unknown
INC002925,SITE005,2026-03-31,SIP,P4,Room Device,Dialing Issue,8.96,Resolved,Network
INC002926,SITE008,2026-05-28,SIP,P2,Soft Client,UAT Failure,5.09,Closed,Provisioning
INC002927,SITE013,2026-02-24,Registration,P2,Desk Phone,Dialing Issue,1.45,Resolved,Network
INC002928,SITE016,2026-07-27,Provisioning,P2,Desk Phone,Poor Call Quality,1.15,Closed,User Error
INC002929,SITE008,2026-04-08,QoS,P3,Soft Client,UAT Failure,4.01,Closed,Unknown
INC002930,SITE006,2026-01-21,Codec,P2,Desk Phone,Dialing Issue,1.41,Closed,Provisioning
INC002931,SITE017,2026-03-25,Device Configuration,P4,Room Device,Device Configuration,4.26,Open,Unknown
INC002932,SITE010,2026-01-21,QoS,P4,Mobile,Provisioning Failure,3.63,Resolved,User Error
INC002933,SITE033,2026-05-26,Codec,P3,Room Device,One-Way Audio,14.41,Open,Network
INC002934,SITE007,2026-05-17,Call Quality,P4,Room Device,Registration Failure,5.5,Resolved,Device Issue
INC002935,SITE017,2026-02-24,Registration,P3,Desk Phone,No Audio,0.84,Resolved,Device Issue
INC002936,SITE003,2026-01-25,Codec,P4,Desk Phone,Registration Failure,2.23,Resolved,Network
INC002937,SITE019,2026-08-30,Registration,P4,Room Device,One-Way Audio,13.11,Resolved,QoS
INC002938,SITE002,2026-08-14,Call Quality,P1,Soft Client,Dialing Issue,4.82,Resolved,QoS
INC002939,SITE018,2026-02-03,Registration,P1,Mobile,UAT Failure,2.65,Resolved,Configuration
INC002940,SITE019,2026-04-10,QoS,P3,Room Device,Device Configuration,0.66,Open,User Error
INC002941,SITE008,2026-07-14,Provisioning,P4,Room Device,Device Configuration,1.57,Resolved,Unknown
INC002942,SITE017,2026-06-12,Dial Plan,P4,Mobile,UAT Failure,2.09,Resolved,Configuration
INC002943,SITE022,2026-06-11,QoS,P3,Mobile,Registration Failure,1.47,Resolved,Network
INC002944,SITE020,2026-04-05,Audio,P2,Soft Client,UAT Failure,2.15,Resolved,QoS
INC002945,SITE026,2026-07-13,Device Configuration,P4,Desk Phone,Registration Failure,4.21,Resolved,Configuration
INC002946,SITE015,2026-05-11,QoS,P4,Soft Client,Poor Call Quality,14.85,Resolved,Configuration
INC002947,SITE022,2026-03-26,User Configuration,P3,Mobile,Poor Call Quality,4.16,Open,QoS
INC002948,SITE010,2026-05-24,Network,P3,Room Device,Device Configuration,1.02,Resolved,Device Issue
INC002949,SITE011,2026-03-27,Call Quality,P3,Soft Client,Poor Call Quality,8.32,Resolved,QoS
INC002950,SITE032,2026-06-13,Dial Plan,P1,Desk Phone,UAT Failure,4.88,Resolved,Configuration
INC002951,SITE010,2026-08-22,QoS,P2,Mobile,Dialing Issue,2.81,Open,Device Issue
INC002952,SITE007,2026-01-09,User Configuration,P3,Soft Client,Dialing Issue,3.24,Resolved,QoS
INC002953,SITE029,2026-01-22,Provisioning,P3,Mobile,Device Configuration,2.53,In Progress,QoS
INC002954,SITE035,2026-06-11,Device Configuration,P4,Desk Phone,Provisioning Failure,1.21,In Progress,QoS
INC002955,SITE034,2026-05-05,QoS,P3,Soft Client,Device Configuration,2.01,Resolved,Unknown
INC002956,SITE031,2026-01-30,Codec,P3,Soft Client,UAT Failure,4.68,Closed,Configuration
INC002957,SITE005,2026-07-09,Network,P3,Room Device,Provisioning Failure,11.0,Resolved,QoS
INC002958,SITE035,2026-03-24,Dial Plan,P3,Mobile,Poor Call Quality,3.82,Closed,QoS
INC002959,SITE034,2026-05-08,Audio,P3,Mobile,Dialing Issue,1.85,Closed,Network
INC002960,SITE006,2026-08-18,UAT,P3,Soft Client,One-Way Audio,1.42,Resolved,Provisioning
INC002961,SITE017,2026-06-08,SIP,P3,Desk Phone,Poor Call Quality,6.5,Resolved,QoS
INC002962,SITE013,2026-07-27,UAT,P3,Desk Phone,One-Way Audio,4.21,In Progress,User Error
INC002963,SITE031,2026-03-27,Call Quality,P2,Mobile,Registration Failure,6.64,Open,User Error
INC002964,SITE030,2026-05-18,User Configuration,P2,Desk Phone,Device Configuration,0.66,Resolved,Device Issue
INC002965,SITE034,2026-07-29,Call Quality,P2,Mobile,Device Configuration,8.98,In Progress,Configuration
INC002966,SITE015,2026-04-05,UAT,P3,Soft Client,Poor Call Quality,3.7,Resolved,Configuration
INC002967,SITE030,2026-07-27,Audio,P3,Desk Phone,No Audio,3.27,Resolved,Configuration
INC002968,SITE016,2026-06-26,Call Quality,P4,Mobile,Device Configuration,5.2,Resolved,Device Issue
INC002969,SITE005,2026-08-27,Network,P4,Mobile,Dialing Issue,3.62,Resolved,QoS
INC002970,SITE023,2026-03-23,SIP,P3,Room Device,Registration Failure,2.11,In Progress,Configuration
INC002971,SITE009,2026-04-27,Provisioning,P4,Room Device,Poor Call Quality,3.83,Closed,Configuration
INC002972,SITE003,2026-02-12,User Configuration,P4,Room Device,No Audio,4.5,Open,Configuration
INC002973,SITE034,2026-04-12,SIP,P3,Room Device,Provisioning Failure,3.8,Open,Network
INC002974,SITE015,2026-04-03,Call Quality,P3,Mobile,One-Way Audio,1.33,Resolved,QoS
INC002975,SITE005,2026-08-12,Provisioning,P4,Mobile,One-Way Audio,2.9,Resolved,Configuration
INC002976,SITE008,2026-03-30,SIP,P2,Room Device,Dialing Issue,2.56,In Progress,Network
INC002977,SITE032,2026-01-11,Dial Plan,P3,Desk Phone,Poor Call Quality,3.05,In Progress,Unknown
INC002978,SITE010,2026-04-07,UAT,P4,Soft Client,One-Way Audio,5.86,Closed,Device Issue
INC002979,SITE033,2026-02-04,Provisioning,P2,Soft Client,Dialing Issue,3.85,Closed,Configuration
INC002980,SITE021,2026-08-04,QoS,P4,Room Device,Device Configuration,8.07,Resolved,Device Issue
INC002981,SITE019,2026-07-11,Device Configuration,P4,Desk Phone,Provisioning Failure,7.53,Resolved,Unknown
INC002982,SITE029,2026-07-24,Audio,P4,Desk Phone,One-Way Audio,1.32,Resolved,Configuration
INC002983,SITE025,2026-04-08,Call Quality,P3,Room Device,Registration Failure,3.32,Resolved,Configuration
INC002984,SITE029,2026-02-06,UAT,P4,Soft Client,Poor Call Quality,1.63,Resolved,Unknown
INC002985,SITE030,2026-06-07,Codec,P3,Mobile,Registration Failure,2.73,Resolved,QoS
INC002986,SITE012,2026-04-19,Call Quality,P3,Room Device,UAT Failure,1.59,Resolved,User Error
INC002987,SITE004,2026-07-07,QoS,P4,Desk Phone,Device Configuration,2.56,In Progress,Unknown
INC002988,SITE008,2026-03-08,Audio,P3,Desk Phone,UAT Failure,8.73,Resolved,QoS
INC002989,SITE022,2026-02-19,User Configuration,P3,Soft Client,Device Configuration,1.73,Resolved,Configuration
INC002990,SITE025,2026-06-10,Device Configuration,P4,Desk Phone,Registration Failure,7.85,Open,Device Issue
INC002991,SITE030,2026-08-02,User Configuration,P4,Room Device,No Audio,1.83,Resolved,Provisioning
INC002992,SITE006,2026-06-12,Audio,P1,Soft Client,UAT Failure,4.14,Resolved,Unknown
INC002993,SITE031,2026-03-21,Device Configuration,P4,Mobile,Device Configuration,6.83,Open,Device Issue
INC002994,SITE026,2026-07-13,Codec,P3,Soft Client,One-Way Audio,5.65,Resolved,Configuration
INC002995,SITE021,2026-01-16,Call Quality,P1,Soft Client,No Audio,3.77,In Progress,Device Issue
INC002996,SITE004,2026-02-15,QoS,P2,Soft Client,Registration Failure,3.78,In Progress,Configuration
INC002997,SITE013,2026-04-10,SIP,P3,Soft Client,Provisioning Failure,2.42,In Progress,Provisioning
INC002998,SITE028,2026-06-05,Dial Plan,P4,Desk Phone,One-Way Audio,1.0,Resolved,Provisioning
INC002999,SITE020,2026-04-27,Device Configuration,P3,Mobile,Dialing Issue,0.77,In Progress,Device Issue
INC003000,SITE025,2026-01-15,Device Configuration,P4,Room Device,Dialing Issue,1.26,In Progress,Device Issue
INC003001,SITE005,2026-01-03,Codec,P2,Desk Phone,UAT Failure,2.73,In Progress,Configuration
INC003002,SITE022,2026-08-19,UAT,P4,Soft Client,One-Way Audio,4.05,In Progress,Device Issue
INC003003,SITE012,2026-06-30,Network,P2,Mobile,Device Configuration,1.78,Resolved,Unknown
INC003004,SITE003,2026-04-01,Registration,P3,Soft Client,No Audio,1.51,Resolved,User Error
INC003005,SITE009,2026-03-27,Call Quality,P3,Room Device,One-Way Audio,5.98,Resolved,Configuration
INC003006,SITE017,2026-04-06,Call Quality,P3,Mobile,Device Configuration,3.75,Closed,Configuration
INC003007,SITE025,2026-04-02,Network,P3,Desk Phone,One-Way Audio,5.3,In Progress,Configuration
INC003008,SITE035,2026-04-23,QoS,P3,Mobile,Device Configuration,1.67,Resolved,User Error
INC003009,SITE035,2026-04-03,Call Quality,P4,Room Device,Dialing Issue,2.71,Closed,User Error
INC003010,SITE029,2026-04-21,UAT,P4,Room Device,Device Configuration,3.94,Closed,Network
INC003011,SITE008,2026-02-24,Network,P2,Soft Client,Registration Failure,5.62,Resolved,Configuration
INC003012,SITE005,2026-03-23,Provisioning,P2,Desk Phone,Provisioning Failure,3.04,Resolved,Configuration
INC003013,SITE012,2026-04-08,Network,P3,Desk Phone,Device Configuration,2.69,Resolved,Device Issue
INC003014,SITE006,2026-01-30,Call Quality,P3,Room Device,One-Way Audio,2.8,Closed,Provisioning
INC003015,SITE019,2026-03-16,SIP,P4,Soft Client,Device Configuration,2.19,In Progress,Network
INC003016,SITE029,2026-04-10,User Configuration,P2,Soft Client,One-Way Audio,1.33,Resolved,Device Issue
INC003017,SITE014,2026-04-14,Audio,P4,Desk Phone,Registration Failure,6.57,Resolved,QoS
INC003018,SITE009,2026-07-22,Audio,P2,Soft Client,Registration Failure,5.35,Resolved,User Error
INC003019,SITE024,2026-01-18,Registration,P2,Desk Phone,Dialing Issue,14.15,Resolved,Network
INC003020,SITE024,2026-04-09,Dial Plan,P3,Mobile,Poor Call Quality,0.69,In Progress,Network
INC003021,SITE018,2026-07-28,Network,P3,Desk Phone,Device Configuration,5.39,Open,User Error
INC003022,SITE018,2026-06-01,Provisioning,P4,Soft Client,Device Configuration,3.66,Open,QoS
INC003023,SITE021,2026-04-15,Codec,P2,Soft Client,Dialing Issue,4.3,Resolved,Configuration
INC003024,SITE022,2026-03-18,Codec,P3,Room Device,Device Configuration,4.25,Open,Provisioning
INC003025,SITE022,2026-03-05,Network,P2,Soft Client,Registration Failure,4.79,Resolved,Unknown
INC003026,SITE010,2026-01-06,Device Configuration,P3,Room Device,No Audio,6.86,Closed,QoS
INC003027,SITE014,2026-03-09,QoS,P3,Mobile,No Audio,4.7,Closed,User Error
INC003028,SITE014,2026-02-12,Codec,P3,Room Device,UAT Failure,7.61,Closed,QoS
INC003029,SITE025,2026-02-04,Device Configuration,P4,Mobile,No Audio,7.1,In Progress,Unknown
INC003030,SITE034,2026-05-14,Device Configuration,P3,Mobile,One-Way Audio,2.48,Closed,Unknown
INC003031,SITE019,2026-02-15,QoS,P1,Soft Client,No Audio,4.74,Closed,Unknown
INC003032,SITE001,2026-01-23,User Configuration,P3,Soft Client,One-Way Audio,3.07,Open,QoS
INC003033,SITE023,2026-07-21,User Configuration,P3,Room Device,No Audio,7.77,Resolved,User Error
INC003034,SITE007,2026-08-08,Audio,P3,Mobile,Registration Failure,1.8,Resolved,User Error
INC003035,SITE028,2026-01-07,Device Configuration,P3,Soft Client,Dialing Issue,6.85,Resolved,User Error
INC003036,SITE026,2026-08-26,QoS,P4,Soft Client,Device Configuration,2.84,Resolved,User Error
INC003037,SITE002,2026-07-05,Audio,P2,Soft Client,Poor Call Quality,4.47,Resolved,Configuration
INC003038,SITE009,2026-08-29,Audio,P4,Soft Client,Dialing Issue,4.73,Resolved,Unknown
INC003039,SITE035,2026-01-21,Network,P4,Mobile,Poor Call Quality,4.82,Resolved,Provisioning
INC003040,SITE010,2026-01-10,UAT,P2,Desk Phone,UAT Failure,1.57,Open,Provisioning
INC003041,SITE015,2026-02-01,UAT,P3,Desk Phone,Registration Failure,5.24,Resolved,User Error
INC003042,SITE013,2026-08-15,SIP,P3,Desk Phone,Provisioning Failure,3.12,In Progress,Configuration
INC003043,SITE022,2026-03-01,Network,P3,Room Device,Device Configuration,3.31,Resolved,Unknown
INC003044,SITE035,2026-01-10,Audio,P4,Soft Client,One-Way Audio,1.4,Resolved,Configuration
INC003045,SITE035,2026-06-03,SIP,P3,Room Device,UAT Failure,2.16,Resolved,Unknown
INC003046,SITE007,2026-05-04,Network,P3,Room Device,Poor Call Quality,1.65,Open,QoS
INC003047,SITE003,2026-04-09,QoS,P3,Desk Phone,UAT Failure,1.84,Closed,QoS
INC003048,SITE008,2026-06-16,Network,P3,Mobile,One-Way Audio,3.15,Resolved,Network
INC003049,SITE024,2026-02-04,Provisioning,P3,Mobile,UAT Failure,2.77,Resolved,Unknown
INC003050,SITE006,2026-01-25,Provisioning,P3,Soft Client,Registration Failure,4.05,Resolved,QoS
INC003051,SITE006,2026-03-08,Device Configuration,P3,Room Device,Registration Failure,3.31,In Progress,Network
INC003052,SITE032,2026-08-26,SIP,P4,Soft Client,Device Configuration,3.0,Closed,Device Issue
INC003053,SITE018,2026-03-17,UAT,P3,Mobile,Provisioning Failure,10.54,Resolved,User Error
INC003054,SITE030,2026-05-23,Call Quality,P2,Desk Phone,No Audio,7.06,In Progress,Network
INC003055,SITE032,2026-04-19,Audio,P3,Desk Phone,Dialing Issue,1.89,Resolved,Device Issue
INC003056,SITE011,2026-06-26,Dial Plan,P3,Room Device,One-Way Audio,3.39,Open,User Error
INC003057,SITE010,2026-08-22,User Configuration,P3,Room Device,UAT Failure,5.53,In Progress,Device Issue
INC003058,SITE030,2026-01-29,Dial Plan,P3,Mobile,Dialing Issue,1.47,Resolved,Provisioning
INC003059,SITE002,2026-07-20,Device Configuration,P2,Mobile,Registration Failure,2.4,Resolved,User Error
INC003060,SITE029,2026-07-01,Device Configuration,P3,Soft Client,Poor Call Quality,4.0,Resolved,Network
INC003061,SITE031,2026-06-13,SIP,P3,Soft Client,Dialing Issue,4.13,Resolved,Device Issue
INC003062,SITE003,2026-03-03,UAT,P4,Soft Client,UAT Failure,4.04,Resolved,Device Issue
INC003063,SITE027,2026-02-27,Call Quality,P4,Mobile,Dialing Issue,8.67,In Progress,Device Issue
INC003064,SITE015,2026-04-05,Codec,P4,Desk Phone,Poor Call Quality,2.35,Resolved,Configuration
INC003065,SITE016,2026-08-15,Device Configuration,P4,Room Device,UAT Failure,1.27,In Progress,User Error
INC003066,SITE034,2026-08-10,Call Quality,P4,Room Device,Dialing Issue,3.17,Closed,Network
INC003067,SITE014,2026-04-20,Network,P3,Room Device,UAT Failure,7.09,Resolved,Provisioning
INC003068,SITE023,2026-08-18,UAT,P4,Desk Phone,Dialing Issue,4.47,Closed,Unknown
INC003069,SITE022,2026-02-24,Call Quality,P4,Room Device,No Audio,2.01,In Progress,QoS
INC003070,SITE034,2026-04-10,Audio,P2,Soft Client,Registration Failure,2.85,Open,Provisioning
INC003071,SITE028,2026-02-17,Device Configuration,P2,Desk Phone,No Audio,2.92,Open,Unknown
INC003072,SITE031,2026-06-13,SIP,P2,Soft Client,No Audio,25.99,Resolved,Provisioning
INC003073,SITE035,2026-05-12,UAT,P3,Soft Client,UAT Failure,3.58,Resolved,Network
INC003074,SITE034,2026-01-20,User Configuration,P2,Room Device,Poor Call Quality,0.95,In Progress,Device Issue
INC003075,SITE030,2026-07-30,User Configuration,P2,Soft Client,Device Configuration,9.23,Closed,Provisioning
INC003076,SITE009,2026-02-01,Call Quality,P3,Desk Phone,Device Configuration,2.36,Resolved,Provisioning
INC003077,SITE009,2026-05-06,Call Quality,P3,Mobile,One-Way Audio,3.25,Resolved,Device Issue
INC003078,SITE027,2026-06-06,UAT,P3,Room Device,Device Configuration,7.0,In Progress,Network
INC003079,SITE019,2026-03-14,Codec,P3,Desk Phone,One-Way Audio,7.98,Resolved,Configuration
INC003080,SITE025,2026-06-03,Codec,P3,Mobile,One-Way Audio,8.22,Open,Network
INC003081,SITE009,2026-04-30,Audio,P3,Mobile,No Audio,2.9,Resolved,User Error
INC003082,SITE001,2026-03-21,Network,P3,Room Device,Registration Failure,28.34,Closed,Unknown
INC003083,SITE005,2026-03-09,Device Configuration,P4,Mobile,One-Way Audio,6.09,Resolved,Device Issue
INC003084,SITE002,2026-01-20,Network,P3,Soft Client,No Audio,2.18,Open,User Error
INC003085,SITE025,2026-04-13,Network,P4,Room Device,Device Configuration,1.47,Closed,Device Issue
INC003086,SITE016,2026-05-29,SIP,P4,Room Device,No Audio,3.3,Resolved,Network
INC003087,SITE031,2026-03-26,Network,P3,Room Device,Device Configuration,2.99,Resolved,Network
INC003088,SITE020,2026-02-22,Network,P3,Mobile,One-Way Audio,1.86,Closed,QoS
INC003089,SITE014,2026-05-15,Codec,P3,Room Device,Poor Call Quality,8.89,Resolved,Device Issue
INC003090,SITE031,2026-03-10,Dial Plan,P3,Mobile,Poor Call Quality,3.62,Closed,Configuration
INC003091,SITE001,2026-03-20,UAT,P3,Room Device,Dialing Issue,3.59,Resolved,Provisioning
INC003092,SITE021,2026-06-09,Audio,P3,Desk Phone,Registration Failure,2.28,Closed,Configuration
INC003093,SITE024,2026-03-30,Provisioning,P3,Soft Client,Dialing Issue,5.17,Resolved,Network
INC003094,SITE027,2026-06-03,QoS,P4,Mobile,Provisioning Failure,2.51,Resolved,User Error
INC003095,SITE034,2026-01-18,User Configuration,P3,Soft Client,Provisioning Failure,2.36,In Progress,Unknown
INC003096,SITE006,2026-03-21,Call Quality,P2,Desk Phone,No Audio,3.15,Resolved,Unknown
INC003097,SITE005,2026-07-21,UAT,P3,Soft Client,UAT Failure,1.45,Resolved,Network
INC003098,SITE007,2026-08-10,Codec,P3,Mobile,Provisioning Failure,3.8,Resolved,Provisioning
INC003099,SITE020,2026-05-14,Network,P3,Desk Phone,No Audio,1.46,Resolved,QoS
INC003100,SITE032,2026-06-26,QoS,P3,Room Device,Dialing Issue,13.92,Resolved,Provisioning
INC003101,SITE007,2026-02-18,Codec,P4,Room Device,No Audio,3.33,In Progress,User Error
INC003102,SITE008,2026-03-19,User Configuration,P3,Soft Client,Poor Call Quality,3.77,Resolved,Configuration
INC003103,SITE031,2026-04-18,Device Configuration,P2,Desk Phone,Registration Failure,2.82,Resolved,Device Issue
INC003104,SITE033,2026-08-26,UAT,P3,Room Device,Registration Failure,5.47,Resolved,Network
INC003105,SITE003,2026-01-13,Audio,P2,Desk Phone,Device Configuration,3.7,Resolved,QoS
INC003106,SITE030,2026-01-23,SIP,P3,Soft Client,Poor Call Quality,3.07,In Progress,QoS
INC003107,SITE031,2026-07-31,User Configuration,P3,Room Device,One-Way Audio,7.78,In Progress,Unknown
INC003108,SITE012,2026-08-30,Network,P4,Soft Client,Registration Failure,2.1,In Progress,Unknown
INC003109,SITE035,2026-07-04,SIP,P3,Soft Client,Provisioning Failure,2.12,Resolved,Network
INC003110,SITE003,2026-04-07,UAT,P4,Room Device,Poor Call Quality,1.42,In Progress,User Error
INC003111,SITE015,2026-06-16,Call Quality,P1,Room Device,Dialing Issue,3.53,Resolved,Provisioning
INC003112,SITE005,2026-05-23,Audio,P3,Mobile,UAT Failure,14.15,In Progress,Provisioning
INC003113,SITE023,2026-05-07,Call Quality,P4,Desk Phone,Registration Failure,1.41,Closed,Configuration
INC003114,SITE031,2026-02-07,SIP,P3,Room Device,Device Configuration,2.76,Open,Provisioning
INC003115,SITE032,2026-03-08,QoS,P3,Mobile,Provisioning Failure,1.91,Resolved,QoS
INC003116,SITE014,2026-04-23,Audio,P3,Room Device,Registration Failure,4.91,Open,Unknown
INC003117,SITE002,2026-01-15,User Configuration,P3,Mobile,Provisioning Failure,5.66,In Progress,Network
INC003118,SITE014,2026-08-15,UAT,P3,Room Device,Provisioning Failure,1.64,Closed,Provisioning
INC003119,SITE003,2026-08-29,Registration,P2,Desk Phone,Registration Failure,1.55,Resolved,Configuration
INC003120,SITE005,2026-03-09,UAT,P3,Desk Phone,Poor Call Quality,5.21,Open,Unknown
INC003121,SITE025,2026-08-27,Codec,P4,Soft Client,Dialing Issue,1.29,Closed,Configuration
INC003122,SITE031,2026-02-14,SIP,P2,Mobile,Dialing Issue,6.52,Resolved,Unknown
INC003123,SITE031,2026-01-30,Provisioning,P3,Mobile,UAT Failure,1.56,In Progress,Configuration
INC003124,SITE028,2026-02-27,Device Configuration,P3,Mobile,Device Configuration,2.39,Open,User Error
INC003125,SITE035,2026-01-18,Network,P3,Mobile,One-Way Audio,2.73,In Progress,Unknown
INC003126,SITE003,2026-08-03,QoS,P3,Desk Phone,Registration Failure,0.44,Closed,Network
INC003127,SITE006,2026-02-18,QoS,P1,Mobile,Poor Call Quality,3.24,Resolved,Configuration
INC003128,SITE011,2026-08-16,Codec,P3,Soft Client,Device Configuration,4.45,Resolved,Configuration
INC003129,SITE028,2026-04-21,UAT,P1,Room Device,Dialing Issue,1.65,Closed,Configuration
INC003130,SITE021,2026-05-14,User Configuration,P3,Mobile,Provisioning Failure,9.51,Resolved,Network
INC003131,SITE021,2026-04-19,QoS,P2,Soft Client,Provisioning Failure,0.5,Resolved,Provisioning
INC003132,SITE013,2026-06-27,UAT,P3,Desk Phone,UAT Failure,2.39,Closed,QoS
INC003133,SITE003,2026-06-28,Device Configuration,P3,Soft Client,One-Way Audio,4.16,Resolved,Configuration
INC003134,SITE034,2026-04-14,Device Configuration,P3,Room Device,One-Way Audio,3.34,Resolved,Device Issue
INC003135,SITE028,2026-05-23,Registration,P4,Desk Phone,Provisioning Failure,0.98,Resolved,Provisioning
INC003136,SITE002,2026-05-24,Dial Plan,P2,Desk Phone,Dialing Issue,3.16,Resolved,Network
INC003137,SITE012,2026-03-08,UAT,P3,Soft Client,Dialing Issue,1.83,Resolved,Provisioning
INC003138,SITE029,2026-04-22,UAT,P3,Soft Client,Registration Failure,1.98,Resolved,Device Issue
INC003139,SITE021,2026-06-18,Registration,P3,Desk Phone,No Audio,4.65,Resolved,Provisioning
INC003140,SITE008,2026-04-24,Device Configuration,P3,Room Device,No Audio,1.37,Closed,Configuration
INC003141,SITE014,2026-03-19,Provisioning,P3,Mobile,Registration Failure,5.75,Resolved,Unknown
INC003142,SITE033,2026-05-11,Network,P3,Room Device,Provisioning Failure,0.76,Closed,Network
INC003143,SITE024,2026-05-29,Network,P3,Soft Client,Provisioning Failure,6.98,Resolved,QoS
INC003144,SITE031,2026-02-28,QoS,P4,Mobile,Provisioning Failure,3.39,Open,Unknown
INC003145,SITE030,2026-07-22,Call Quality,P3,Desk Phone,Poor Call Quality,8.11,Resolved,Provisioning
INC003146,SITE001,2026-01-08,Registration,P4,Room Device,Device Configuration,4.47,Open,QoS
INC003147,SITE009,2026-03-25,Provisioning,P3,Soft Client,Device Configuration,3.99,Resolved,Unknown
INC003148,SITE032,2026-08-15,UAT,P4,Desk Phone,Provisioning Failure,1.66,Resolved,QoS
INC003149,SITE034,2026-07-10,QoS,P4,Desk Phone,Registration Failure,1.56,Resolved,User Error
INC003150,SITE012,2026-08-16,QoS,P3,Desk Phone,UAT Failure,6.23,Open,Network
INC003151,SITE035,2026-03-22,Dial Plan,P1,Mobile,Device Configuration,3.15,Resolved,Device Issue
INC003152,SITE003,2026-01-17,Registration,P3,Room Device,UAT Failure,6.03,Open,Provisioning
INC003153,SITE032,2026-08-20,Network,P4,Soft Client,Poor Call Quality,3.83,Resolved,Unknown
INC003154,SITE026,2026-08-21,Codec,P3,Soft Client,No Audio,2.0,Resolved,Network
INC003155,SITE003,2026-07-05,QoS,P4,Soft Client,Provisioning Failure,2.77,Closed,Device Issue
INC003156,SITE010,2026-01-07,QoS,P3,Soft Client,Provisioning Failure,11.35,Resolved,User Error
INC003157,SITE034,2026-04-28,Device Configuration,P3,Mobile,UAT Failure,3.23,Resolved,Provisioning
INC003158,SITE013,2026-02-21,Dial Plan,P3,Soft Client,Dialing Issue,2.23,Resolved,Configuration
INC003159,SITE022,2026-02-25,UAT,P3,Soft Client,UAT Failure,2.07,Resolved,Unknown
INC003160,SITE032,2026-01-30,Codec,P3,Mobile,Registration Failure,1.17,Resolved,Network
INC003161,SITE031,2026-03-15,Provisioning,P4,Soft Client,Provisioning Failure,0.32,Resolved,QoS
INC003162,SITE014,2026-03-20,Device Configuration,P3,Soft Client,Registration Failure,2.99,Resolved,User Error
INC003163,SITE017,2026-02-19,Codec,P1,Soft Client,Dialing Issue,26.68,Resolved,Device Issue
INC003164,SITE021,2026-06-04,User Configuration,P3,Mobile,Registration Failure,3.16,Resolved,User Error
INC003165,SITE006,2026-03-28,Codec,P1,Soft Client,Provisioning Failure,1.21,Resolved,QoS
INC003166,SITE010,2026-05-15,UAT,P3,Room Device,UAT Failure,6.96,Resolved,Provisioning
INC003167,SITE019,2026-08-30,Provisioning,P4,Mobile,Provisioning Failure,0.88,Closed,Provisioning
INC003168,SITE013,2026-06-27,User Configuration,P3,Soft Client,Registration Failure,2.01,Resolved,Unknown
INC003169,SITE005,2026-02-24,Call Quality,P4,Desk Phone,Poor Call Quality,1.43,Resolved,User Error
INC003170,SITE017,2026-02-07,User Configuration,P2,Mobile,Device Configuration,2.83,Closed,Device Issue
INC003171,SITE021,2026-04-19,Device Configuration,P3,Desk Phone,Provisioning Failure,4.8,Resolved,User Error
INC003172,SITE025,2026-04-05,Codec,P3,Desk Phone,Device Configuration,2.98,Closed,Configuration
INC003173,SITE001,2026-05-14,QoS,P2,Mobile,UAT Failure,9.3,Resolved,Provisioning
INC003174,SITE031,2026-05-16,Network,P4,Room Device,Poor Call Quality,11.01,Resolved,QoS
INC003175,SITE024,2026-07-07,UAT,P3,Desk Phone,Registration Failure,2.21,In Progress,QoS
INC003176,SITE006,2026-03-20,Call Quality,P3,Soft Client,Provisioning Failure,1.62,Resolved,Configuration
INC003177,SITE012,2026-01-20,Audio,P3,Mobile,No Audio,2.19,In Progress,Network
INC003178,SITE015,2026-01-30,QoS,P3,Desk Phone,Registration Failure,2.05,Resolved,Provisioning
INC003179,SITE004,2026-05-29,Codec,P4,Mobile,No Audio,2.81,Resolved,User Error
INC003180,SITE009,2026-06-04,Network,P3,Desk Phone,Provisioning Failure,0.96,Resolved,Device Issue
INC003181,SITE001,2026-08-14,QoS,P3,Mobile,Registration Failure,2.6,Resolved,Unknown
INC003182,SITE002,2026-01-10,Registration,P2,Soft Client,No Audio,3.88,Closed,QoS
INC003183,SITE022,2026-02-11,Device Configuration,P3,Desk Phone,UAT Failure,3.71,In Progress,Device Issue
INC003184,SITE017,2026-02-21,Audio,P4,Soft Client,Dialing Issue,5.97,Resolved,Network
INC003185,SITE033,2026-05-11,Audio,P3,Soft Client,Provisioning Failure,5.74,Resolved,User Error
INC003186,SITE019,2026-07-09,UAT,P3,Mobile,Poor Call Quality,4.4,In Progress,Unknown
INC003187,SITE014,2026-02-26,Call Quality,P4,Mobile,One-Way Audio,3.93,Resolved,Network
INC003188,SITE009,2026-03-16,Device Configuration,P1,Soft Client,UAT Failure,0.57,Open,Provisioning
INC003189,SITE029,2026-07-22,User Configuration,P3,Desk Phone,Registration Failure,1.39,Resolved,Provisioning
INC003190,SITE022,2026-06-25,User Configuration,P3,Mobile,Device Configuration,2.28,Resolved,Device Issue
INC003191,SITE022,2026-04-28,Audio,P4,Room Device,Poor Call Quality,6.53,Resolved,Provisioning
INC003192,SITE015,2026-06-19,Registration,P3,Desk Phone,Provisioning Failure,6.54,Resolved,User Error
INC003193,SITE025,2026-03-15,Dial Plan,P3,Mobile,Poor Call Quality,4.65,Resolved,Unknown
INC003194,SITE004,2026-03-07,UAT,P4,Mobile,Registration Failure,1.71,Resolved,Provisioning
INC003195,SITE009,2026-03-26,Device Configuration,P3,Mobile,UAT Failure,4.31,Closed,Network
INC003196,SITE007,2026-01-31,User Configuration,P3,Desk Phone,Registration Failure,2.13,Open,QoS
INC003197,SITE032,2026-05-26,Registration,P3,Soft Client,One-Way Audio,2.77,Closed,Provisioning
INC003198,SITE002,2026-06-06,Network,P4,Desk Phone,Registration Failure,1.82,Resolved,Provisioning
INC003199,SITE013,2026-05-20,UAT,P3,Room Device,No Audio,2.22,Resolved,Device Issue
INC003200,SITE027,2026-05-14,UAT,P3,Desk Phone,One-Way Audio,1.18,Resolved,Configuration
INC003201,SITE017,2026-06-14,Device Configuration,P3,Mobile,One-Way Audio,1.41,Open,QoS
INC003202,SITE004,2026-03-23,Device Configuration,P2,Room Device,Registration Failure,1.71,Resolved,QoS
INC003203,SITE016,2026-02-20,Provisioning,P4,Soft Client,Registration Failure,15.9,Open,Network
INC003204,SITE012,2026-07-06,Device Configuration,P3,Room Device,Registration Failure,1.1,Open,QoS
INC003205,SITE011,2026-06-28,Device Configuration,P3,Desk Phone,One-Way Audio,6.85,Resolved,Unknown
INC003206,SITE004,2026-03-21,UAT,P3,Desk Phone,Provisioning Failure,1.66,Open,Unknown
INC003207,SITE032,2026-04-21,Network,P3,Room Device,Poor Call Quality,1.27,Resolved,Provisioning
INC003208,SITE024,2026-05-22,Call Quality,P4,Desk Phone,Registration Failure,10.72,Closed,QoS
INC003209,SITE029,2026-02-14,UAT,P3,Soft Client,One-Way Audio,4.16,Resolved,Device Issue
INC003210,SITE030,2026-03-18,QoS,P2,Room Device,Device Configuration,7.13,Closed,Configuration
INC003211,SITE035,2026-08-08,Device Configuration,P3,Mobile,UAT Failure,8.07,Resolved,Provisioning
INC003212,SITE031,2026-03-19,QoS,P4,Soft Client,No Audio,2.6,Resolved,Unknown
INC003213,SITE015,2026-03-22,Call Quality,P3,Desk Phone,Provisioning Failure,2.23,Resolved,Configuration
INC003214,SITE021,2026-05-01,Dial Plan,P4,Room Device,Device Configuration,1.38,Resolved,Network
INC003215,SITE001,2026-08-06,UAT,P3,Desk Phone,Dialing Issue,1.49,Closed,Network
INC003216,SITE018,2026-04-22,Dial Plan,P4,Room Device,Registration Failure,4.97,Open,Configuration
INC003217,SITE029,2026-05-31,Dial Plan,P4,Mobile,No Audio,2.46,Resolved,QoS
INC003218,SITE029,2026-03-26,Registration,P3,Room Device,Dialing Issue,1.13,Resolved,Network
INC003219,SITE035,2026-02-17,Device Configuration,P4,Soft Client,UAT Failure,2.96,Closed,User Error
INC003220,SITE016,2026-06-30,User Configuration,P3,Room Device,One-Way Audio,6.91,Resolved,Provisioning
INC003221,SITE016,2026-02-26,User Configuration,P2,Desk Phone,Device Configuration,5.57,Resolved,Provisioning
INC003222,SITE005,2026-02-25,Network,P2,Desk Phone,Registration Failure,3.52,Resolved,QoS
INC003223,SITE001,2026-03-09,Registration,P2,Desk Phone,UAT Failure,2.83,Closed,User Error
INC003224,SITE030,2026-05-28,User Configuration,P4,Desk Phone,Poor Call Quality,10.59,In Progress,Configuration
INC003225,SITE035,2026-02-04,Device Configuration,P3,Soft Client,Device Configuration,6.67,Resolved,Unknown
INC003226,SITE003,2026-03-29,UAT,P3,Desk Phone,No Audio,11.49,In Progress,Provisioning
INC003227,SITE027,2026-03-04,User Configuration,P2,Desk Phone,Registration Failure,2.87,Resolved,QoS
INC003228,SITE024,2026-02-03,Codec,P3,Soft Client,Provisioning Failure,1.39,Resolved,Unknown
INC003229,SITE019,2026-02-24,UAT,P3,Desk Phone,UAT Failure,2.71,Resolved,Device Issue
INC003230,SITE007,2026-04-09,UAT,P2,Soft Client,Provisioning Failure,1.53,Resolved,User Error
INC003231,SITE010,2026-01-24,Network,P3,Mobile,No Audio,5.24,In Progress,Device Issue
INC003232,SITE001,2026-01-30,Dial Plan,P4,Mobile,Registration Failure,1.94,Resolved,Network
INC003233,SITE011,2026-07-19,User Configuration,P3,Soft Client,Registration Failure,3.03,In Progress,QoS
INC003234,SITE017,2026-07-09,Call Quality,P3,Room Device,Dialing Issue,2.16,Resolved,User Error
INC003235,SITE029,2026-05-26,Device Configuration,P4,Desk Phone,UAT Failure,3.04,In Progress,Provisioning
INC003236,SITE007,2026-03-28,QoS,P3,Room Device,Poor Call Quality,4.03,Resolved,Configuration
INC003237,SITE004,2026-03-07,Device Configuration,P2,Soft Client,Device Configuration,6.33,Resolved,Device Issue
INC003238,SITE014,2026-07-28,Codec,P3,Mobile,Poor Call Quality,4.84,Resolved,Network
INC003239,SITE012,2026-02-16,Call Quality,P4,Desk Phone,Device Configuration,2.34,Resolved,Network
INC003240,SITE011,2026-06-04,Dial Plan,P3,Desk Phone,Device Configuration,0.65,Resolved,User Error
INC003241,SITE006,2026-07-25,Provisioning,P1,Room Device,Registration Failure,6.01,Resolved,User Error
INC003242,SITE013,2026-03-13,SIP,P3,Room Device,One-Way Audio,26.45,Resolved,Device Issue
INC003243,SITE027,2026-07-20,Device Configuration,P2,Room Device,Poor Call Quality,4.51,Resolved,Provisioning
INC003244,SITE005,2026-01-24,Network,P3,Room Device,One-Way Audio,5.14,Closed,Unknown
INC003245,SITE014,2026-08-11,Registration,P3,Room Device,Provisioning Failure,12.71,Resolved,Network
INC003246,SITE005,2026-01-24,Codec,P1,Desk Phone,Provisioning Failure,2.24,Resolved,Configuration
INC003247,SITE010,2026-05-17,Provisioning,P4,Desk Phone,Dialing Issue,2.17,Resolved,QoS
INC003248,SITE020,2026-08-08,SIP,P1,Mobile,Provisioning Failure,1.42,Resolved,QoS
INC003249,SITE017,2026-05-26,Codec,P2,Desk Phone,Device Configuration,11.62,Closed,User Error
INC003250,SITE023,2026-03-07,Audio,P3,Mobile,Poor Call Quality,1.12,Open,Unknown
INC003251,SITE007,2026-07-01,Audio,P3,Desk Phone,One-Way Audio,1.86,Closed,Provisioning
INC003252,SITE016,2026-08-28,SIP,P2,Soft Client,Poor Call Quality,3.88,In Progress,User Error
INC003253,SITE007,2026-08-13,Registration,P3,Room Device,Provisioning Failure,6.5,Resolved,Configuration
INC003254,SITE018,2026-07-27,Codec,P3,Desk Phone,One-Way Audio,0.75,Resolved,User Error
INC003255,SITE015,2026-01-28,UAT,P3,Mobile,Dialing Issue,1.69,Resolved,User Error
INC003256,SITE023,2026-05-03,Audio,P4,Soft Client,Device Configuration,2.75,Resolved,Device Issue
INC003257,SITE021,2026-05-09,SIP,P4,Mobile,Dialing Issue,3.31,Resolved,User Error
INC003258,SITE019,2026-03-31,QoS,P3,Soft Client,Device Configuration,5.56,Open,Network
INC003259,SITE003,2026-06-20,Device Configuration,P2,Mobile,Provisioning Failure,4.0,Closed,Network
INC003260,SITE035,2026-08-21,Dial Plan,P1,Desk Phone,Dialing Issue,1.87,Resolved,Provisioning
INC003261,SITE018,2026-06-14,Provisioning,P4,Desk Phone,Poor Call Quality,4.7,Resolved,Unknown
INC003262,SITE007,2026-01-27,UAT,P3,Mobile,One-Way Audio,3.31,In Progress,User Error
INC003263,SITE024,2026-02-28,QoS,P3,Desk Phone,Poor Call Quality,10.44,Resolved,QoS
INC003264,SITE014,2026-04-06,QoS,P4,Soft Client,Provisioning Failure,1.57,Resolved,Network
INC003265,SITE024,2026-03-04,Device Configuration,P2,Room Device,Registration Failure,1.52,Open,Network
INC003266,SITE028,2026-01-18,UAT,P3,Desk Phone,Registration Failure,5.41,Resolved,QoS
INC003267,SITE001,2026-03-04,Dial Plan,P3,Desk Phone,Provisioning Failure,7.83,Resolved,Configuration
INC003268,SITE035,2026-03-23,Audio,P3,Desk Phone,Dialing Issue,1.54,Open,Provisioning
INC003269,SITE034,2026-06-14,Device Configuration,P4,Room Device,Poor Call Quality,8.81,Resolved,Unknown
INC003270,SITE016,2026-03-04,Audio,P2,Mobile,Device Configuration,5.03,Open,QoS
INC003271,SITE008,2026-01-22,UAT,P2,Room Device,Device Configuration,2.93,Resolved,User Error
INC003272,SITE027,2026-08-23,SIP,P4,Desk Phone,No Audio,11.79,Resolved,Configuration
INC003273,SITE011,2026-07-25,User Configuration,P3,Room Device,Registration Failure,2.0,Resolved,QoS
INC003274,SITE007,2026-05-26,SIP,P3,Soft Client,One-Way Audio,12.98,In Progress,Provisioning
INC003275,SITE006,2026-02-06,Provisioning,P3,Mobile,Poor Call Quality,10.58,Closed,Unknown
INC003276,SITE027,2026-07-21,Provisioning,P3,Mobile,No Audio,2.31,In Progress,Device Issue
INC003277,SITE014,2026-05-28,Network,P3,Room Device,Registration Failure,1.44,Resolved,Network
INC003278,SITE025,2026-03-07,SIP,P3,Mobile,Provisioning Failure,2.62,Resolved,Unknown
INC003279,SITE008,2026-07-04,Audio,P3,Soft Client,Device Configuration,9.33,Resolved,QoS
INC003280,SITE006,2026-03-05,Codec,P4,Room Device,Device Configuration,1.84,Resolved,User Error
INC003281,SITE022,2026-03-11,User Configuration,P3,Soft Client,UAT Failure,7.74,Resolved,Provisioning
INC003282,SITE032,2026-08-09,QoS,P3,Room Device,One-Way Audio,10.78,In Progress,Provisioning
INC003283,SITE002,2026-01-23,Device Configuration,P3,Room Device,Poor Call Quality,0.71,Closed,QoS
INC003284,SITE025,2026-02-14,Dial Plan,P4,Soft Client,Poor Call Quality,14.54,Resolved,User Error
INC003285,SITE016,2026-01-17,Call Quality,P3,Room Device,Poor Call Quality,6.18,Resolved,QoS
INC003286,SITE009,2026-04-25,SIP,P4,Soft Client,Device Configuration,4.27,Resolved,Provisioning
INC003287,SITE003,2026-04-21,Codec,P3,Desk Phone,No Audio,2.51,Resolved,User Error
INC003288,SITE001,2026-06-18,Device Configuration,P3,Mobile,Registration Failure,2.55,In Progress,Network
INC003289,SITE008,2026-03-08,Registration,P4,Room Device,No Audio,8.08,Resolved,Unknown
INC003290,SITE017,2026-08-05,SIP,P4,Mobile,UAT Failure,12.35,Open,User Error
INC003291,SITE003,2026-07-11,UAT,P2,Mobile,UAT Failure,1.95,Resolved,Provisioning
INC003292,SITE023,2026-02-21,Dial Plan,P4,Mobile,One-Way Audio,2.7,In Progress,Unknown
INC003293,SITE006,2026-03-24,UAT,P3,Desk Phone,UAT Failure,4.57,Resolved,Unknown
INC003294,SITE021,2026-06-19,Call Quality,P3,Mobile,One-Way Audio,5.51,Resolved,Configuration
INC003295,SITE003,2026-06-17,Provisioning,P2,Soft Client,Provisioning Failure,4.82,In Progress,Provisioning
INC003296,SITE029,2026-04-24,Device Configuration,P3,Room Device,One-Way Audio,3.28,Resolved,QoS
INC003297,SITE024,2026-07-25,Device Configuration,P4,Desk Phone,No Audio,1.36,Resolved,User Error
INC003298,SITE015,2026-02-27,SIP,P2,Desk Phone,Registration Failure,6.85,Resolved,Provisioning
INC003299,SITE015,2026-01-23,QoS,P3,Desk Phone,Poor Call Quality,1.88,Resolved,Device Issue
INC003300,SITE029,2026-08-14,Audio,P3,Room Device,Registration Failure,3.82,Resolved,QoS
INC003301,SITE018,2026-01-21,Network,P3,Soft Client,One-Way Audio,0.35,Closed,Device Issue
INC003302,SITE028,2026-01-26,Call Quality,P1,Soft Client,Poor Call Quality,4.63,Open,Network
INC003303,SITE007,2026-06-20,Call Quality,P2,Mobile,Registration Failure,2.26,Resolved,Configuration
INC003304,SITE011,2026-08-19,Codec,P3,Mobile,Provisioning Failure,1.76,Open,Provisioning
INC003305,SITE006,2026-06-04,UAT,P4,Room Device,Device Configuration,4.97,In Progress,Provisioning
INC003306,SITE030,2026-06-28,SIP,P3,Desk Phone,One-Way Audio,3.84,Resolved,Unknown
INC003307,SITE001,2026-02-08,Call Quality,P3,Mobile,No Audio,16.79,Resolved,Provisioning
INC003308,SITE009,2026-03-08,Provisioning,P3,Room Device,Poor Call Quality,2.02,Resolved,Unknown
INC003309,SITE028,2026-05-26,Provisioning,P3,Mobile,Poor Call Quality,10.12,Open,Unknown
INC003310,SITE022,2026-05-12,UAT,P2,Soft Client,Poor Call Quality,4.54,In Progress,Provisioning
INC003311,SITE011,2026-01-19,Call Quality,P3,Desk Phone,Poor Call Quality,3.44,Resolved,User Error
INC003312,SITE021,2026-08-05,UAT,P4,Room Device,Provisioning Failure,1.46,Resolved,Configuration
INC003313,SITE016,2026-02-12,Codec,P4,Room Device,Registration Failure,3.78,Resolved,User Error
INC003314,SITE028,2026-04-06,Registration,P3,Soft Client,Device Configuration,3.68,In Progress,User Error
INC003315,SITE024,2026-04-13,User Configuration,P4,Soft Client,Dialing Issue,14.37,Resolved,Network
INC003316,SITE032,2026-06-07,Dial Plan,P3,Soft Client,Poor Call Quality,13.91,Closed,User Error
INC003317,SITE017,2026-03-14,Network,P3,Room Device,Registration Failure,2.6,Resolved,Unknown
INC003318,SITE033,2026-04-03,Device Configuration,P3,Room Device,Registration Failure,3.97,Resolved,Unknown
INC003319,SITE002,2026-03-24,Provisioning,P4,Room Device,One-Way Audio,2.31,Resolved,Device Issue
INC003320,SITE033,2026-01-02,Registration,P3,Room Device,Device Configuration,2.76,In Progress,User Error
INC003321,SITE011,2026-03-17,Audio,P4,Desk Phone,UAT Failure,3.68,Resolved,Configuration
INC003322,SITE034,2026-08-28,UAT,P2,Room Device,Registration Failure,5.06,Open,Device Issue
INC003323,SITE028,2026-04-20,Audio,P3,Mobile,Dialing Issue,2.03,Open,QoS
INC003324,SITE001,2026-06-12,Registration,P3,Mobile,Dialing Issue,5.51,In Progress,Unknown
INC003325,SITE031,2026-03-26,Network,P3,Desk Phone,Dialing Issue,2.62,In Progress,Device Issue
INC003326,SITE021,2026-06-14,Call Quality,P3,Mobile,Provisioning Failure,0.66,Closed,Device Issue
INC003327,SITE024,2026-05-04,Network,P2,Soft Client,Registration Failure,2.21,Resolved,User Error
INC003328,SITE001,2026-07-21,User Configuration,P3,Mobile,No Audio,1.86,Closed,Device Issue
INC003329,SITE022,2026-01-30,Call Quality,P3,Soft Client,UAT Failure,2.41,In Progress,Unknown
INC003330,SITE002,2026-07-12,SIP,P3,Desk Phone,Provisioning Failure,3.2,Closed,User Error
INC003331,SITE020,2026-01-25,Device Configuration,P3,Mobile,Dialing Issue,3.58,Resolved,QoS
INC003332,SITE022,2026-01-20,Network,P3,Mobile,Dialing Issue,7.24,In Progress,Unknown
INC003333,SITE016,2026-04-14,Codec,P4,Soft Client,Registration Failure,1.32,Resolved,Configuration
INC003334,SITE008,2026-07-11,Provisioning,P3,Mobile,Poor Call Quality,1.04,Resolved,Provisioning
INC003335,SITE010,2026-04-11,Registration,P3,Soft Client,Poor Call Quality,5.03,In Progress,User Error
INC003336,SITE007,2026-08-09,Audio,P4,Soft Client,Poor Call Quality,0.48,In Progress,Configuration
INC003337,SITE004,2026-04-21,Call Quality,P3,Room Device,Provisioning Failure,4.56,Resolved,Configuration
INC003338,SITE015,2026-08-10,Network,P4,Room Device,One-Way Audio,3.23,In Progress,Device Issue
INC003339,SITE010,2026-07-20,User Configuration,P4,Soft Client,No Audio,7.52,Open,Network
INC003340,SITE012,2026-01-19,QoS,P4,Room Device,Dialing Issue,2.34,Closed,Network
INC003341,SITE034,2026-08-16,Dial Plan,P1,Soft Client,Provisioning Failure,1.61,Open,QoS
INC003342,SITE026,2026-04-16,QoS,P3,Mobile,Registration Failure,2.07,Resolved,Unknown
INC003343,SITE031,2026-05-24,Device Configuration,P3,Mobile,Poor Call Quality,2.0,In Progress,User Error
INC003344,SITE013,2026-06-12,Codec,P3,Soft Client,Poor Call Quality,3.79,In Progress,Network
INC003345,SITE034,2026-05-09,Audio,P3,Desk Phone,One-Way Audio,1.95,Resolved,Unknown
INC003346,SITE012,2026-06-07,SIP,P3,Room Device,Registration Failure,6.76,Resolved,Provisioning
INC003347,SITE011,2026-08-24,Network,P4,Desk Phone,Dialing Issue,13.43,Resolved,Configuration
INC003348,SITE015,2026-04-15,SIP,P4,Mobile,Dialing Issue,15.22,Resolved,Network
INC003349,SITE035,2026-03-15,UAT,P2,Room Device,Registration Failure,4.15,Resolved,Configuration
INC003350,SITE005,2026-06-01,User Configuration,P4,Desk Phone,UAT Failure,2.18,Open,Device Issue
INC003351,SITE016,2026-06-24,Audio,P3,Mobile,Registration Failure,1.45,Resolved,Device Issue
INC003352,SITE012,2026-04-25,SIP,P4,Room Device,UAT Failure,3.86,In Progress,Configuration
INC003353,SITE035,2026-03-12,Device Configuration,P2,Room Device,UAT Failure,9.12,Resolved,Provisioning
INC003354,SITE020,2026-05-03,UAT,P4,Desk Phone,Provisioning Failure,15.9,Resolved,User Error
INC003355,SITE011,2026-05-06,Device Configuration,P2,Desk Phone,UAT Failure,2.97,Closed,Device Issue
INC003356,SITE024,2026-03-04,UAT,P3,Soft Client,Registration Failure,2.28,Closed,Network
INC003357,SITE025,2026-02-25,UAT,P2,Desk Phone,UAT Failure,6.38,Resolved,QoS
INC003358,SITE002,2026-07-09,QoS,P2,Mobile,Registration Failure,7.61,Resolved,Device Issue
INC003359,SITE033,2026-04-06,QoS,P3,Mobile,UAT Failure,2.53,Resolved,Network
INC003360,SITE027,2026-04-06,UAT,P4,Mobile,One-Way Audio,6.67,Resolved,User Error
INC003361,SITE009,2026-05-02,Registration,P2,Desk Phone,Registration Failure,11.97,Resolved,Network
INC003362,SITE004,2026-04-17,Call Quality,P4,Room Device,Device Configuration,1.56,Resolved,Device Issue
INC003363,SITE007,2026-01-20,Provisioning,P2,Soft Client,Dialing Issue,2.57,Closed,QoS
INC003364,SITE026,2026-07-24,Device Configuration,P4,Soft Client,One-Way Audio,8.31,Closed,Network
INC003365,SITE022,2026-05-01,Provisioning,P2,Soft Client,Registration Failure,10.48,Open,User Error
INC003366,SITE023,2026-07-12,Call Quality,P3,Soft Client,One-Way Audio,5.09,In Progress,Unknown
INC003367,SITE006,2026-07-25,Codec,P4,Soft Client,Poor Call Quality,2.48,Resolved,Device Issue
INC003368,SITE014,2026-08-26,Network,P4,Desk Phone,One-Way Audio,5.25,Open,Device Issue
INC003369,SITE015,2026-08-18,SIP,P3,Room Device,Device Configuration,1.42,Closed,Device Issue
INC003370,SITE016,2026-03-30,Provisioning,P3,Mobile,No Audio,1.37,Closed,QoS
INC003371,SITE002,2026-07-12,User Configuration,P3,Mobile,Device Configuration,1.2,Open,User Error
INC003372,SITE005,2026-05-08,Network,P3,Soft Client,One-Way Audio,7.53,Resolved,QoS
INC003373,SITE015,2026-02-27,Network,P3,Desk Phone,Registration Failure,6.14,Resolved,Unknown
INC003374,SITE024,2026-07-12,Dial Plan,P4,Room Device,UAT Failure,7.41,Resolved,Device Issue
INC003375,SITE018,2026-08-06,Call Quality,P4,Mobile,Poor Call Quality,9.35,Resolved,Network
INC003376,SITE008,2026-05-25,UAT,P2,Room Device,Dialing Issue,6.8,In Progress,Network
INC003377,SITE019,2026-01-23,User Configuration,P3,Soft Client,Poor Call Quality,3.5,Resolved,QoS
INC003378,SITE014,2026-01-16,Registration,P3,Mobile,Device Configuration,2.05,Closed,Configuration
INC003379,SITE019,2026-07-03,User Configuration,P3,Soft Client,Registration Failure,7.13,Resolved,QoS
INC003380,SITE017,2026-06-07,User Configuration,P4,Mobile,UAT Failure,2.46,Closed,Provisioning
INC003381,SITE021,2026-07-24,Call Quality,P3,Desk Phone,Device Configuration,2.72,Resolved,Configuration
INC003382,SITE017,2026-08-16,Registration,P3,Mobile,UAT Failure,3.93,Closed,Provisioning
INC003383,SITE027,2026-07-06,Codec,P3,Room Device,Dialing Issue,2.47,Open,Provisioning
INC003384,SITE019,2026-07-29,Dial Plan,P3,Mobile,UAT Failure,10.95,Resolved,Configuration
INC003385,SITE014,2026-07-24,Call Quality,P4,Room Device,Provisioning Failure,1.61,Resolved,Unknown
INC003386,SITE002,2026-05-26,Device Configuration,P3,Desk Phone,Device Configuration,4.14,Resolved,Provisioning
INC003387,SITE012,2026-05-16,Dial Plan,P3,Room Device,Provisioning Failure,1.77,In Progress,QoS
INC003388,SITE021,2026-05-21,SIP,P2,Desk Phone,UAT Failure,0.84,Closed,Network
INC003389,SITE027,2026-07-13,Codec,P3,Soft Client,Registration Failure,4.5,Resolved,User Error
INC003390,SITE023,2026-03-05,Network,P3,Soft Client,Poor Call Quality,4.53,Resolved,Provisioning
INC003391,SITE029,2026-03-10,User Configuration,P2,Desk Phone,One-Way Audio,3.33,Closed,Device Issue
INC003392,SITE009,2026-01-29,User Configuration,P3,Desk Phone,Registration Failure,5.66,Open,Unknown
INC003393,SITE034,2026-03-30,SIP,P4,Desk Phone,Device Configuration,5.08,Open,Provisioning
INC003394,SITE034,2026-06-14,UAT,P2,Mobile,Poor Call Quality,5.88,Open,Unknown
INC003395,SITE015,2026-08-16,QoS,P2,Desk Phone,Device Configuration,1.42,In Progress,Device Issue
INC003396,SITE033,2026-03-22,Call Quality,P3,Desk Phone,UAT Failure,2.92,Resolved,Network
INC003397,SITE009,2026-02-12,SIP,P3,Soft Client,UAT Failure,6.93,Resolved,Provisioning
INC003398,SITE035,2026-03-18,Codec,P3,Desk Phone,Device Configuration,9.94,Resolved,User Error
INC003399,SITE023,2026-03-26,SIP,P3,Mobile,Dialing Issue,4.67,Resolved,Provisioning
INC003400,SITE022,2026-06-30,Dial Plan,P4,Soft Client,One-Way Audio,2.28,Resolved,Network
INC003401,SITE014,2026-06-10,Dial Plan,P3,Mobile,Registration Failure,0.97,Resolved,Device Issue
INC003402,SITE002,2026-01-25,Device Configuration,P3,Mobile,Provisioning Failure,3.2,Resolved,Network
INC003403,SITE033,2026-06-17,Network,P4,Room Device,One-Way Audio,3.0,Resolved,Device Issue
INC003404,SITE023,2026-05-31,User Configuration,P2,Mobile,Poor Call Quality,10.71,Resolved,Configuration
INC003405,SITE032,2026-03-04,Device Configuration,P2,Soft Client,Dialing Issue,5.02,Resolved,User Error
INC003406,SITE024,2026-01-18,Provisioning,P2,Soft Client,Poor Call Quality,2.88,Resolved,QoS
INC003407,SITE012,2026-06-11,Codec,P4,Mobile,One-Way Audio,4.43,Resolved,Configuration
INC003408,SITE030,2026-07-06,Dial Plan,P3,Room Device,Registration Failure,1.13,In Progress,Provisioning
INC003409,SITE009,2026-06-24,Network,P2,Desk Phone,UAT Failure,3.8,Resolved,Network
INC003410,SITE017,2026-01-21,Call Quality,P3,Soft Client,Device Configuration,2.96,Closed,User Error
INC003411,SITE033,2026-03-11,Registration,P3,Desk Phone,Provisioning Failure,5.87,Closed,Network
INC003412,SITE023,2026-03-20,Dial Plan,P3,Mobile,One-Way Audio,3.08,Closed,Provisioning
INC003413,SITE035,2026-05-02,Network,P1,Mobile,Poor Call Quality,2.86,In Progress,Provisioning
INC003414,SITE015,2026-04-24,UAT,P4,Desk Phone,Registration Failure,3.63,Resolved,User Error
INC003415,SITE027,2026-06-26,Registration,P3,Room Device,Provisioning Failure,3.94,Resolved,Device Issue
INC003416,SITE020,2026-04-19,Dial Plan,P3,Room Device,Device Configuration,2.84,Resolved,User Error
INC003417,SITE011,2026-04-13,User Configuration,P3,Room Device,UAT Failure,8.48,Closed,QoS
INC003418,SITE018,2026-05-28,Registration,P3,Mobile,One-Way Audio,4.77,Closed,Unknown
INC003419,SITE026,2026-08-03,Network,P1,Room Device,No Audio,2.99,Resolved,Unknown
INC003420,SITE021,2026-07-08,User Configuration,P3,Mobile,Device Configuration,3.37,Resolved,Provisioning
INC003421,SITE013,2026-04-02,Device Configuration,P3,Room Device,UAT Failure,3.49,Resolved,Network
INC003422,SITE012,2026-08-18,UAT,P3,Soft Client,One-Way Audio,1.55,Closed,Provisioning
INC003423,SITE024,2026-05-01,Network,P4,Mobile,UAT Failure,4.99,Resolved,QoS
INC003424,SITE018,2026-05-25,Dial Plan,P2,Soft Client,One-Way Audio,2.67,Resolved,Network
INC003425,SITE029,2026-06-29,Dial Plan,P3,Mobile,Registration Failure,1.33,Resolved,Configuration
INC003426,SITE021,2026-04-30,Dial Plan,P3,Mobile,Poor Call Quality,7.15,Closed,Network
INC003427,SITE003,2026-05-09,Dial Plan,P4,Room Device,Provisioning Failure,8.28,Resolved,QoS
INC003428,SITE013,2026-05-14,Device Configuration,P3,Desk Phone,Device Configuration,5.72,Resolved,QoS
INC003429,SITE011,2026-05-16,Audio,P4,Mobile,Provisioning Failure,5.16,Closed,Unknown
INC003430,SITE008,2026-05-30,Audio,P4,Soft Client,Device Configuration,1.43,In Progress,Provisioning
INC003431,SITE020,2026-04-29,User Configuration,P4,Soft Client,UAT Failure,4.51,Resolved,Configuration
INC003432,SITE001,2026-01-05,Audio,P4,Mobile,Registration Failure,1.38,Resolved,Unknown
INC003433,SITE025,2026-08-09,User Configuration,P3,Room Device,Poor Call Quality,1.04,Resolved,Configuration
INC003434,SITE018,2026-01-23,UAT,P3,Desk Phone,Poor Call Quality,1.39,Resolved,User Error
INC003435,SITE033,2026-06-02,User Configuration,P3,Mobile,One-Way Audio,1.88,Resolved,QoS
INC003436,SITE018,2026-01-14,Device Configuration,P3,Soft Client,Poor Call Quality,4.93,Resolved,Provisioning
INC003437,SITE009,2026-04-09,QoS,P4,Mobile,Provisioning Failure,4.96,Resolved,Device Issue
INC003438,SITE021,2026-02-12,UAT,P4,Mobile,One-Way Audio,7.4,In Progress,User Error
INC003439,SITE014,2026-08-27,Network,P4,Room Device,UAT Failure,4.31,Open,Device Issue
INC003440,SITE028,2026-03-22,Device Configuration,P3,Desk Phone,No Audio,3.49,Open,Device Issue
INC003441,SITE001,2026-04-05,User Configuration,P4,Room Device,Device Configuration,3.86,Resolved,QoS
INC003442,SITE034,2026-03-11,SIP,P4,Soft Client,Poor Call Quality,2.64,Resolved,Configuration
INC003443,SITE018,2026-03-17,QoS,P4,Room Device,Poor Call Quality,3.21,Open,Device Issue
INC003444,SITE019,2026-05-19,UAT,P4,Mobile,Poor Call Quality,1.18,Resolved,Configuration
INC003445,SITE032,2026-04-09,Dial Plan,P3,Desk Phone,Provisioning Failure,2.05,Resolved,QoS
INC003446,SITE014,2026-07-14,User Configuration,P4,Soft Client,Dialing Issue,3.15,Closed,Configuration
INC003447,SITE022,2026-01-21,Network,P3,Soft Client,One-Way Audio,13.11,In Progress,Unknown
INC003448,SITE003,2026-06-03,Dial Plan,P3,Room Device,Registration Failure,3.36,Open,Device Issue
INC003449,SITE028,2026-07-14,Audio,P2,Soft Client,Device Configuration,5.25,Closed,Device Issue
INC003450,SITE001,2026-06-16,Registration,P4,Desk Phone,One-Way Audio,3.77,Resolved,User Error
INC003451,SITE005,2026-07-21,Call Quality,P3,Mobile,UAT Failure,1.28,In Progress,Device Issue
INC003452,SITE035,2026-05-10,Registration,P3,Room Device,Registration Failure,4.22,Resolved,User Error
INC003453,SITE030,2026-05-26,Registration,P3,Mobile,Device Configuration,4.46,Resolved,User Error
INC003454,SITE028,2026-01-09,User Configuration,P2,Mobile,Dialing Issue,0.98,Resolved,QoS
INC003455,SITE023,2026-04-22,QoS,P3,Soft Client,Dialing Issue,2.52,Resolved,Network
INC003456,SITE028,2026-01-11,User Configuration,P2,Room Device,One-Way Audio,1.48,Open,Device Issue
INC003457,SITE034,2026-06-28,UAT,P3,Room Device,UAT Failure,3.65,In Progress,Unknown
INC003458,SITE026,2026-01-11,Device Configuration,P3,Desk Phone,Device Configuration,8.83,Resolved,Unknown
INC003459,SITE018,2026-03-14,Provisioning,P3,Mobile,No Audio,2.94,Resolved,Configuration
INC003460,SITE021,2026-01-18,QoS,P3,Room Device,Device Configuration,8.03,Closed,Configuration
INC003461,SITE021,2026-08-29,SIP,P3,Soft Client,Dialing Issue,11.75,Resolved,Configuration
INC003462,SITE028,2026-06-11,Call Quality,P2,Room Device,Device Configuration,1.73,Resolved,Provisioning
INC003463,SITE014,2026-07-30,Codec,P1,Room Device,Dialing Issue,11.96,Resolved,Configuration
INC003464,SITE027,2026-05-02,Network,P2,Room Device,Poor Call Quality,1.18,Resolved,User Error
INC003465,SITE001,2026-01-09,Dial Plan,P4,Mobile,Device Configuration,4.01,Resolved,User Error
INC003466,SITE025,2026-08-16,Registration,P3,Room Device,Provisioning Failure,2.44,Resolved,QoS
INC003467,SITE033,2026-03-04,Registration,P3,Soft Client,Poor Call Quality,1.49,Resolved,Provisioning
INC003468,SITE018,2026-02-09,Call Quality,P4,Desk Phone,One-Way Audio,2.24,Resolved,Network
INC003469,SITE025,2026-02-07,Call Quality,P3,Mobile,Dialing Issue,7.64,Open,User Error
INC003470,SITE024,2026-06-06,Codec,P2,Desk Phone,Dialing Issue,3.86,Open,QoS
INC003471,SITE022,2026-05-14,Codec,P3,Desk Phone,Dialing Issue,5.12,Resolved,Provisioning
INC003472,SITE032,2026-06-20,Audio,P3,Desk Phone,Registration Failure,8.64,Resolved,Network
INC003473,SITE029,2026-07-24,User Configuration,P2,Desk Phone,Provisioning Failure,3.68,Closed,Provisioning
INC003474,SITE025,2026-01-03,QoS,P3,Desk Phone,Registration Failure,4.88,Resolved,Provisioning
INC003475,SITE009,2026-02-01,User Configuration,P3,Soft Client,Dialing Issue,4.59,Resolved,Unknown
INC003476,SITE007,2026-02-04,Call Quality,P3,Soft Client,Device Configuration,4.54,Resolved,Unknown
INC003477,SITE033,2026-02-13,Audio,P3,Room Device,Provisioning Failure,2.55,Resolved,Provisioning
INC003478,SITE014,2026-08-23,User Configuration,P2,Mobile,No Audio,2.37,Resolved,Unknown
INC003479,SITE003,2026-08-25,SIP,P3,Soft Client,Provisioning Failure,0.77,Open,Provisioning
INC003480,SITE017,2026-08-06,User Configuration,P3,Soft Client,Provisioning Failure,3.24,In Progress,Device Issue
INC003481,SITE018,2026-06-29,Provisioning,P4,Mobile,UAT Failure,3.73,Resolved,Provisioning
INC003482,SITE027,2026-06-04,User Configuration,P3,Soft Client,Provisioning Failure,7.22,Open,Configuration
INC003483,SITE029,2026-01-18,Network,P3,Desk Phone,Registration Failure,1.33,Closed,Configuration
INC003484,SITE005,2026-08-12,Device Configuration,P3,Desk Phone,Registration Failure,0.61,Resolved,Device Issue
INC003485,SITE016,2026-05-04,Network,P3,Soft Client,Provisioning Failure,9.71,Resolved,User Error
INC003486,SITE012,2026-03-28,Registration,P3,Soft Client,Provisioning Failure,2.34,In Progress,QoS
INC003487,SITE020,2026-08-09,Network,P2,Room Device,Device Configuration,9.56,Resolved,Network
INC003488,SITE015,2026-01-19,Network,P3,Soft Client,Poor Call Quality,3.43,Closed,Configuration
INC003489,SITE035,2026-03-31,UAT,P3,Soft Client,UAT Failure,14.21,Resolved,QoS
INC003490,SITE007,2026-04-23,Device Configuration,P2,Mobile,Poor Call Quality,1.69,Resolved,User Error
INC003491,SITE028,2026-01-14,Codec,P2,Desk Phone,No Audio,2.94,Resolved,Configuration
INC003492,SITE027,2026-01-02,Provisioning,P4,Desk Phone,Poor Call Quality,3.9,Resolved,Device Issue
INC003493,SITE010,2026-05-28,QoS,P3,Desk Phone,Dialing Issue,1.81,Resolved,QoS
INC003494,SITE016,2026-02-08,UAT,P3,Soft Client,Poor Call Quality,6.52,Resolved,Unknown
INC003495,SITE012,2026-06-23,Call Quality,P3,Soft Client,Dialing Issue,11.25,Resolved,Unknown
INC003496,SITE019,2026-01-19,Provisioning,P4,Mobile,Dialing Issue,2.0,In Progress,Unknown
INC003497,SITE024,2026-01-12,QoS,P4,Desk Phone,Device Configuration,8.13,In Progress,QoS
INC003498,SITE019,2026-05-04,User Configuration,P1,Desk Phone,No Audio,5.13,In Progress,Network
INC003499,SITE030,2026-07-09,Call Quality,P4,Soft Client,Provisioning Failure,1.2,Resolved,Network
INC003500,SITE026,2026-05-31,Network,P3,Soft Client,No Audio,5.97,Resolved,Unknown
INC003501,SITE033,2026-06-25,UAT,P4,Mobile,No Audio,3.24,In Progress,User Error
INC003502,SITE007,2026-06-04,Device Configuration,P4,Desk Phone,UAT Failure,1.74,In Progress,Unknown
INC003503,SITE028,2026-08-01,SIP,P3,Mobile,No Audio,4.89,Resolved,User Error
INC003504,SITE011,2026-03-07,Registration,P3,Soft Client,Device Configuration,1.28,Open,Provisioning
INC003505,SITE006,2026-07-27,Registration,P3,Room Device,Registration Failure,2.21,Resolved,User Error
INC003506,SITE011,2026-03-13,Codec,P3,Soft Client,Dialing Issue,7.19,Resolved,Network
INC003507,SITE008,2026-01-25,Provisioning,P3,Soft Client,Poor Call Quality,4.24,Resolved,QoS
INC003508,SITE035,2026-01-01,QoS,P4,Desk Phone,UAT Failure,3.86,Resolved,Device Issue
INC003509,SITE021,2026-01-19,Network,P3,Desk Phone,No Audio,1.81,In Progress,Unknown
INC003510,SITE025,2026-01-28,User Configuration,P2,Mobile,Device Configuration,1.98,Resolved,Unknown
INC003511,SITE031,2026-02-13,Dial Plan,P3,Room Device,Device Configuration,4.74,Resolved,Network
INC003512,SITE029,2026-03-20,Call Quality,P3,Mobile,No Audio,1.98,Resolved,Network
INC003513,SITE008,2026-04-25,Codec,P3,Room Device,No Audio,2.19,Resolved,Configuration
INC003514,SITE007,2026-06-01,Call Quality,P3,Mobile,Registration Failure,2.91,Closed,Provisioning
INC003515,SITE011,2026-08-25,Provisioning,P3,Desk Phone,One-Way Audio,4.17,Resolved,Configuration
INC003516,SITE025,2026-08-03,Provisioning,P2,Soft Client,Provisioning Failure,10.02,Resolved,Configuration
INC003517,SITE030,2026-06-07,QoS,P4,Desk Phone,Device Configuration,1.64,Resolved,User Error
INC003518,SITE002,2026-05-09,Network,P2,Mobile,Device Configuration,2.29,Resolved,Provisioning
INC003519,SITE031,2026-04-13,Provisioning,P4,Soft Client,Provisioning Failure,0.84,Closed,QoS
INC003520,SITE020,2026-06-29,Registration,P2,Room Device,UAT Failure,7.81,Resolved,Device Issue
INC003521,SITE011,2026-05-26,Device Configuration,P3,Soft Client,Registration Failure,3.53,Closed,Unknown
INC003522,SITE007,2026-03-28,Registration,P3,Mobile,Dialing Issue,1.58,Resolved,Device Issue
INC003523,SITE019,2026-07-01,Audio,P4,Room Device,Registration Failure,5.72,Resolved,Configuration
INC003524,SITE007,2026-01-22,Call Quality,P3,Room Device,No Audio,7.81,In Progress,Unknown
INC003525,SITE023,2026-04-10,Network,P4,Soft Client,No Audio,2.1,Open,Device Issue
INC003526,SITE030,2026-08-09,User Configuration,P3,Soft Client,No Audio,1.2,Closed,Configuration
INC003527,SITE005,2026-08-01,QoS,P3,Mobile,No Audio,6.39,Open,Unknown
INC003528,SITE020,2026-02-03,SIP,P3,Mobile,One-Way Audio,1.63,Closed,Configuration
INC003529,SITE003,2026-05-25,Audio,P3,Soft Client,Dialing Issue,3.33,Resolved,User Error
INC003530,SITE011,2026-04-12,UAT,P2,Desk Phone,UAT Failure,5.75,Resolved,Network
INC003531,SITE019,2026-07-06,SIP,P3,Soft Client,No Audio,2.04,Closed,QoS
INC003532,SITE033,2026-07-17,Call Quality,P3,Room Device,One-Way Audio,4.3,Resolved,User Error
INC003533,SITE015,2026-05-30,QoS,P3,Soft Client,UAT Failure,3.55,In Progress,Configuration
INC003534,SITE014,2026-04-03,Codec,P3,Mobile,No Audio,16.66,Resolved,QoS
INC003535,SITE017,2026-01-12,Call Quality,P4,Soft Client,No Audio,3.81,Open,Configuration
INC003536,SITE028,2026-06-04,Provisioning,P3,Mobile,One-Way Audio,2.22,Resolved,Configuration
INC003537,SITE023,2026-03-26,Registration,P2,Soft Client,UAT Failure,3.17,Resolved,Configuration
INC003538,SITE034,2026-03-21,Network,P3,Mobile,Poor Call Quality,7.53,In Progress,QoS
INC003539,SITE031,2026-01-27,Provisioning,P3,Mobile,Dialing Issue,3.36,Resolved,QoS
INC003540,SITE022,2026-08-13,Audio,P3,Mobile,One-Way Audio,1.31,Open,Configuration
INC003541,SITE009,2026-01-08,SIP,P3,Desk Phone,Registration Failure,5.35,In Progress,Configuration
INC003542,SITE013,2026-03-21,Call Quality,P3,Soft Client,One-Way Audio,3.22,Resolved,Device Issue
INC003543,SITE013,2026-01-21,SIP,P3,Room Device,No Audio,10.69,Resolved,Device Issue
INC003544,SITE026,2026-04-05,Network,P4,Mobile,UAT Failure,3.61,Resolved,QoS
INC003545,SITE035,2026-02-16,Provisioning,P3,Soft Client,Dialing Issue,1.1,Open,Network
INC003546,SITE015,2026-03-14,SIP,P4,Soft Client,UAT Failure,7.74,Closed,Provisioning
INC003547,SITE023,2026-08-02,Device Configuration,P3,Room Device,One-Way Audio,12.29,In Progress,Configuration
INC003548,SITE013,2026-06-05,QoS,P2,Mobile,Dialing Issue,6.11,Resolved,QoS
INC003549,SITE021,2026-07-23,Network,P2,Mobile,Poor Call Quality,2.18,Resolved,Unknown
INC003550,SITE004,2026-04-05,Network,P3,Room Device,Poor Call Quality,2.66,In Progress,Device Issue
INC003551,SITE034,2026-05-03,Codec,P3,Soft Client,Poor Call Quality,0.76,Resolved,QoS
INC003552,SITE012,2026-02-18,Codec,P3,Room Device,UAT Failure,6.4,Open,User Error
INC003553,SITE019,2026-08-31,Call Quality,P3,Room Device,Dialing Issue,10.83,Closed,QoS
INC003554,SITE003,2026-02-13,Network,P2,Mobile,Registration Failure,2.54,Closed,Network
INC003555,SITE031,2026-06-19,User Configuration,P4,Mobile,Provisioning Failure,3.87,Resolved,User Error
INC003556,SITE012,2026-04-05,Call Quality,P4,Mobile,One-Way Audio,1.57,Resolved,User Error
INC003557,SITE012,2026-06-06,Network,P2,Mobile,Poor Call Quality,3.7,Resolved,Device Issue
INC003558,SITE015,2026-04-04,Device Configuration,P3,Desk Phone,UAT Failure,11.16,Closed,Unknown
INC003559,SITE018,2026-01-21,UAT,P3,Room Device,Device Configuration,4.53,Resolved,Configuration
INC003560,SITE016,2026-06-26,Registration,P3,Mobile,No Audio,4.98,In Progress,Provisioning
INC003561,SITE029,2026-06-15,SIP,P3,Mobile,Device Configuration,1.79,Resolved,Device Issue
INC003562,SITE001,2026-01-27,Registration,P2,Desk Phone,Poor Call Quality,3.18,In Progress,Network
INC003563,SITE035,2026-03-29,UAT,P3,Soft Client,No Audio,2.83,Resolved,QoS
INC003564,SITE008,2026-06-01,Device Configuration,P2,Desk Phone,Poor Call Quality,5.12,In Progress,Unknown
INC003565,SITE025,2026-01-03,Provisioning,P3,Mobile,Provisioning Failure,10.41,Resolved,Provisioning
INC003566,SITE013,2026-04-01,Network,P3,Room Device,Poor Call Quality,4.34,Resolved,Device Issue
INC003567,SITE015,2026-07-26,SIP,P1,Desk Phone,Poor Call Quality,3.3,Resolved,Device Issue
INC003568,SITE022,2026-04-21,QoS,P3,Desk Phone,Registration Failure,1.75,Closed,Provisioning
INC003569,SITE013,2026-03-15,Device Configuration,P4,Soft Client,Provisioning Failure,2.27,Resolved,Configuration
INC003570,SITE011,2026-06-03,Network,P2,Soft Client,Registration Failure,3.38,In Progress,Unknown
INC003571,SITE035,2026-06-12,Network,P3,Soft Client,Provisioning Failure,1.28,Resolved,QoS
INC003572,SITE002,2026-02-19,Provisioning,P3,Room Device,Provisioning Failure,2.32,Resolved,QoS
INC003573,SITE024,2026-08-06,Dial Plan,P2,Desk Phone,Device Configuration,15.08,Resolved,Device Issue
INC003574,SITE011,2026-07-02,Network,P4,Mobile,Registration Failure,1.76,Resolved,Configuration
INC003575,SITE005,2026-04-04,Audio,P3,Mobile,Dialing Issue,5.4,Open,Configuration
INC003576,SITE031,2026-04-23,Provisioning,P3,Soft Client,Provisioning Failure,1.92,Resolved,Device Issue
INC003577,SITE008,2026-02-03,Audio,P1,Desk Phone,One-Way Audio,2.01,Resolved,Unknown
INC003578,SITE024,2026-08-02,Codec,P3,Room Device,Device Configuration,4.75,Resolved,Network
INC003579,SITE005,2026-07-29,Dial Plan,P2,Mobile,Poor Call Quality,3.23,Closed,Unknown
INC003580,SITE002,2026-01-28,SIP,P3,Room Device,Dialing Issue,2.5,Resolved,User Error
INC003581,SITE018,2026-02-15,Registration,P3,Soft Client,Dialing Issue,4.87,Closed,Device Issue
INC003582,SITE030,2026-01-08,SIP,P3,Mobile,Dialing Issue,2.07,Open,User Error
INC003583,SITE001,2026-03-02,Registration,P2,Mobile,No Audio,1.53,Resolved,User Error
INC003584,SITE012,2026-03-12,Registration,P3,Mobile,Dialing Issue,6.72,Resolved,QoS
INC003585,SITE002,2026-01-05,User Configuration,P3,Desk Phone,Registration Failure,9.29,Resolved,Provisioning
INC003586,SITE029,2026-01-04,Registration,P4,Room Device,UAT Failure,9.86,Resolved,User Error
INC003587,SITE014,2026-05-30,UAT,P4,Soft Client,UAT Failure,13.5,Resolved,Network
INC003588,SITE019,2026-07-19,QoS,P3,Room Device,Provisioning Failure,1.83,Resolved,QoS
INC003589,SITE026,2026-01-04,UAT,P4,Room Device,One-Way Audio,3.27,Resolved,Network
INC003590,SITE014,2026-08-19,Call Quality,P3,Desk Phone,Device Configuration,7.74,Closed,Unknown
INC003591,SITE015,2026-08-05,Provisioning,P2,Desk Phone,Registration Failure,2.74,Open,Provisioning
INC003592,SITE016,2026-01-09,Registration,P2,Room Device,One-Way Audio,2.12,Resolved,Configuration
INC003593,SITE015,2026-02-11,SIP,P4,Mobile,Device Configuration,2.77,In Progress,Provisioning
INC003594,SITE004,2026-05-26,QoS,P3,Mobile,Poor Call Quality,4.73,Resolved,Unknown
INC003595,SITE010,2026-03-21,QoS,P4,Room Device,Registration Failure,3.5,Closed,QoS
INC003596,SITE035,2026-01-13,UAT,P3,Room Device,No Audio,1.23,In Progress,Device Issue
INC003597,SITE014,2026-06-25,Device Configuration,P4,Room Device,No Audio,7.21,Resolved,QoS
INC003598,SITE013,2026-06-12,Codec,P3,Mobile,UAT Failure,4.34,Resolved,User Error
INC003599,SITE013,2026-06-26,QoS,P3,Mobile,No Audio,2.94,Closed,Unknown
INC003600,SITE034,2026-03-13,Audio,P3,Mobile,Dialing Issue,13.87,Open,Provisioning
INC003601,SITE003,2026-02-18,QoS,P3,Room Device,Dialing Issue,7.22,Resolved,Provisioning
INC003602,SITE008,2026-08-24,Provisioning,P3,Room Device,No Audio,2.52,In Progress,Device Issue
INC003603,SITE025,2026-03-01,Device Configuration,P2,Mobile,Registration Failure,2.69,Resolved,Provisioning
INC003604,SITE001,2026-03-13,Codec,P4,Desk Phone,Dialing Issue,3.85,Resolved,QoS
INC003605,SITE032,2026-08-02,Registration,P3,Soft Client,Device Configuration,10.23,Closed,Unknown
INC003606,SITE034,2026-03-02,Call Quality,P3,Mobile,One-Way Audio,6.08,Resolved,Network
INC003607,SITE029,2026-04-04,Call Quality,P3,Soft Client,UAT Failure,2.37,Resolved,Unknown
INC003608,SITE027,2026-06-12,Call Quality,P3,Mobile,Provisioning Failure,4.03,Resolved,Provisioning
INC003609,SITE014,2026-01-08,Network,P4,Mobile,Poor Call Quality,8.53,Resolved,Provisioning
INC003610,SITE007,2026-04-23,Device Configuration,P4,Room Device,Registration Failure,1.61,Resolved,Network
INC003611,SITE031,2026-03-30,SIP,P4,Desk Phone,Device Configuration,4.85,Resolved,Provisioning
INC003612,SITE016,2026-04-28,Registration,P3,Mobile,UAT Failure,1.7,Resolved,Network
INC003613,SITE022,2026-03-22,Device Configuration,P3,Mobile,Provisioning Failure,1.19,Resolved,Provisioning
INC003614,SITE005,2026-08-06,Network,P3,Mobile,No Audio,0.96,In Progress,Network
INC003615,SITE015,2026-05-02,UAT,P3,Soft Client,Poor Call Quality,1.91,Resolved,Provisioning
INC003616,SITE009,2026-05-14,Dial Plan,P4,Soft Client,Registration Failure,2.0,Open,Network
INC003617,SITE022,2026-08-01,Audio,P4,Soft Client,Provisioning Failure,0.91,In Progress,User Error
INC003618,SITE021,2026-07-30,Codec,P4,Desk Phone,One-Way Audio,2.72,In Progress,Device Issue
INC003619,SITE010,2026-08-01,QoS,P3,Room Device,Poor Call Quality,2.45,Resolved,QoS
INC003620,SITE010,2026-06-22,Device Configuration,P3,Room Device,Provisioning Failure,1.42,In Progress,Provisioning
INC003621,SITE004,2026-03-04,User Configuration,P4,Room Device,UAT Failure,1.67,Closed,Unknown
INC003622,SITE022,2026-07-16,Codec,P3,Room Device,Dialing Issue,1.32,Resolved,Network
INC003623,SITE007,2026-05-06,Audio,P3,Desk Phone,Dialing Issue,1.97,In Progress,Provisioning
INC003624,SITE007,2026-07-14,Registration,P3,Soft Client,Registration Failure,12.81,In Progress,Device Issue
INC003625,SITE030,2026-06-15,Dial Plan,P3,Mobile,No Audio,1.63,In Progress,User Error
INC003626,SITE021,2026-08-30,User Configuration,P4,Mobile,UAT Failure,18.15,Open,User Error
INC003627,SITE006,2026-04-07,QoS,P4,Desk Phone,Provisioning Failure,2.43,Resolved,User Error
INC003628,SITE013,2026-04-18,Registration,P3,Desk Phone,No Audio,2.26,Resolved,QoS
INC003629,SITE023,2026-01-06,Provisioning,P4,Soft Client,Device Configuration,6.1,Resolved,Device Issue
INC003630,SITE021,2026-06-11,QoS,P3,Desk Phone,Dialing Issue,2.35,Resolved,Provisioning
INC003631,SITE012,2026-01-28,Audio,P2,Mobile,One-Way Audio,1.34,Open,Unknown
INC003632,SITE022,2026-05-02,Codec,P2,Desk Phone,UAT Failure,11.16,Resolved,User Error
INC003633,SITE011,2026-01-09,Device Configuration,P3,Desk Phone,Poor Call Quality,2.2,Resolved,Provisioning
INC003634,SITE008,2026-03-28,Audio,P3,Soft Client,Dialing Issue,2.78,Closed,Network
INC003635,SITE023,2026-06-21,UAT,P4,Desk Phone,Provisioning Failure,3.06,Resolved,QoS
INC003636,SITE031,2026-01-29,Registration,P3,Soft Client,UAT Failure,6.89,Resolved,User Error
INC003637,SITE032,2026-06-11,Codec,P3,Soft Client,One-Way Audio,10.58,Resolved,QoS
INC003638,SITE013,2026-05-19,Device Configuration,P4,Room Device,Poor Call Quality,1.64,Closed,QoS
INC003639,SITE017,2026-05-23,Dial Plan,P3,Desk Phone,Poor Call Quality,4.77,Resolved,User Error
INC003640,SITE003,2026-07-19,Device Configuration,P3,Room Device,Dialing Issue,2.04,Resolved,Unknown
INC003641,SITE028,2026-07-08,Audio,P3,Mobile,Device Configuration,4.55,Resolved,Configuration
INC003642,SITE007,2026-06-14,UAT,P4,Room Device,Registration Failure,2.55,Resolved,Network
INC003643,SITE002,2026-08-31,UAT,P4,Desk Phone,Registration Failure,5.45,Resolved,Unknown
INC003644,SITE013,2026-02-13,Provisioning,P3,Desk Phone,Device Configuration,1.34,Resolved,QoS
INC003645,SITE014,2026-03-14,Codec,P3,Desk Phone,One-Way Audio,5.12,Resolved,Unknown
INC003646,SITE004,2026-05-05,Registration,P3,Soft Client,Provisioning Failure,6.88,Resolved,QoS
INC003647,SITE022,2026-01-04,Codec,P4,Soft Client,Dialing Issue,2.26,Resolved,Configuration
INC003648,SITE018,2026-08-03,Codec,P4,Desk Phone,Registration Failure,4.93,Resolved,Unknown
INC003649,SITE007,2026-06-16,Call Quality,P3,Mobile,UAT Failure,7.42,Resolved,User Error
INC003650,SITE009,2026-08-05,Audio,P4,Soft Client,One-Way Audio,2.63,Resolved,Configuration
INC003651,SITE033,2026-06-10,Audio,P3,Room Device,Poor Call Quality,5.54,Resolved,Network
INC003652,SITE024,2026-02-02,Codec,P3,Mobile,One-Way Audio,6.74,In Progress,QoS
INC003653,SITE027,2026-03-29,Provisioning,P3,Mobile,One-Way Audio,3.3,Open,User Error
INC003654,SITE014,2026-07-07,Provisioning,P3,Desk Phone,Poor Call Quality,5.19,Resolved,Provisioning
INC003655,SITE024,2026-01-31,UAT,P4,Soft Client,Provisioning Failure,7.06,Closed,Unknown
INC003656,SITE020,2026-04-22,QoS,P4,Room Device,No Audio,1.72,Resolved,Network
INC003657,SITE026,2026-06-06,SIP,P3,Soft Client,Registration Failure,7.75,Open,Device Issue
INC003658,SITE019,2026-05-09,Network,P3,Soft Client,Registration Failure,1.64,Resolved,Configuration
INC003659,SITE009,2026-03-14,User Configuration,P3,Desk Phone,UAT Failure,1.99,Open,Provisioning
INC003660,SITE018,2026-01-16,Registration,P3,Mobile,Provisioning Failure,4.66,Closed,Configuration
INC003661,SITE014,2026-04-18,Codec,P3,Mobile,UAT Failure,3.22,In Progress,Provisioning
INC003662,SITE001,2026-03-03,Codec,P3,Mobile,One-Way Audio,1.42,Resolved,Unknown
INC003663,SITE013,2026-06-03,Registration,P2,Desk Phone,Provisioning Failure,10.97,Open,Device Issue
INC003664,SITE011,2026-02-26,Device Configuration,P3,Room Device,Device Configuration,4.09,Closed,Device Issue
INC003665,SITE015,2026-07-31,QoS,P4,Desk Phone,Poor Call Quality,3.68,Resolved,Device Issue
INC003666,SITE004,2026-07-10,User Configuration,P4,Room Device,Poor Call Quality,6.83,Resolved,Device Issue
INC003667,SITE023,2026-04-12,Device Configuration,P4,Mobile,Poor Call Quality,2.95,Resolved,User Error
INC003668,SITE010,2026-02-26,Audio,P3,Desk Phone,Registration Failure,4.74,Resolved,Network
INC003669,SITE033,2026-01-25,Device Configuration,P3,Soft Client,Poor Call Quality,0.85,Open,Provisioning
INC003670,SITE011,2026-04-04,Codec,P4,Soft Client,No Audio,2.0,Resolved,Configuration
INC003671,SITE014,2026-06-04,Audio,P3,Room Device,One-Way Audio,3.78,Resolved,QoS
INC003672,SITE020,2026-08-10,Network,P3,Soft Client,Provisioning Failure,0.86,Closed,Network
INC003673,SITE035,2026-08-22,Codec,P3,Desk Phone,Registration Failure,4.74,Resolved,Unknown
INC003674,SITE032,2026-06-06,UAT,P2,Room Device,Device Configuration,2.37,Resolved,User Error
INC003675,SITE011,2026-07-18,QoS,P4,Soft Client,One-Way Audio,3.81,Open,Unknown
INC003676,SITE031,2026-03-02,SIP,P3,Soft Client,Provisioning Failure,5.15,Resolved,Device Issue
INC003677,SITE011,2026-01-16,SIP,P3,Soft Client,One-Way Audio,2.45,Resolved,Configuration
INC003678,SITE012,2026-02-02,Codec,P2,Desk Phone,Device Configuration,13.63,Resolved,Provisioning
INC003679,SITE031,2026-05-01,SIP,P3,Soft Client,No Audio,2.79,Resolved,Provisioning
INC003680,SITE034,2026-06-20,Device Configuration,P4,Room Device,One-Way Audio,3.29,Resolved,Configuration
INC003681,SITE025,2026-04-12,Codec,P4,Room Device,Poor Call Quality,0.56,Resolved,Device Issue
INC003682,SITE009,2026-08-07,Audio,P1,Soft Client,One-Way Audio,2.01,Resolved,User Error
INC003683,SITE033,2026-04-08,UAT,P3,Room Device,Poor Call Quality,2.81,In Progress,Unknown
INC003684,SITE010,2026-01-22,QoS,P3,Room Device,Dialing Issue,3.14,Resolved,Provisioning
INC003685,SITE014,2026-06-13,Audio,P4,Soft Client,UAT Failure,1.36,Resolved,Network
INC003686,SITE021,2026-06-09,Provisioning,P3,Soft Client,Dialing Issue,6.76,Open,QoS
INC003687,SITE012,2026-02-07,Codec,P2,Soft Client,Registration Failure,5.01,Resolved,Device Issue
INC003688,SITE019,2026-06-26,Codec,P3,Soft Client,Device Configuration,4.22,Resolved,Unknown
INC003689,SITE028,2026-02-25,SIP,P4,Room Device,Poor Call Quality,10.42,Resolved,Configuration
INC003690,SITE019,2026-08-04,Device Configuration,P3,Desk Phone,No Audio,6.53,Resolved,Device Issue
INC003691,SITE035,2026-04-17,Dial Plan,P4,Mobile,No Audio,0.78,Resolved,User Error
INC003692,SITE022,2026-01-28,Network,P4,Mobile,One-Way Audio,4.65,Resolved,Unknown
INC003693,SITE001,2026-02-01,Provisioning,P1,Soft Client,Device Configuration,3.98,Resolved,Device Issue
INC003694,SITE002,2026-08-15,QoS,P3,Desk Phone,No Audio,2.68,Resolved,Provisioning
INC003695,SITE022,2026-04-07,Provisioning,P4,Room Device,No Audio,2.18,Resolved,Device Issue
INC003696,SITE018,2026-04-01,User Configuration,P3,Soft Client,Poor Call Quality,5.96,Resolved,Provisioning
INC003697,SITE002,2026-08-04,Registration,P3,Room Device,Device Configuration,2.54,Open,User Error
INC003698,SITE035,2026-08-13,QoS,P3,Desk Phone,Provisioning Failure,1.14,Resolved,Provisioning
INC003699,SITE009,2026-01-04,Codec,P3,Room Device,Registration Failure,2.03,In Progress,Configuration
INC003700,SITE003,2026-08-09,Call Quality,P3,Desk Phone,Registration Failure,2.12,Resolved,Unknown
INC003701,SITE029,2026-07-10,User Configuration,P3,Desk Phone,UAT Failure,2.65,Closed,Configuration
INC003702,SITE034,2026-04-26,Device Configuration,P4,Mobile,Device Configuration,7.21,Resolved,Provisioning
INC003703,SITE023,2026-03-05,Audio,P3,Mobile,Provisioning Failure,2.87,Resolved,QoS
INC003704,SITE033,2026-08-08,QoS,P3,Mobile,UAT Failure,2.6,Resolved,Configuration
INC003705,SITE032,2026-05-09,Audio,P2,Mobile,No Audio,2.38,Closed,Configuration
INC003706,SITE021,2026-08-12,User Configuration,P3,Room Device,Poor Call Quality,3.27,In Progress,Unknown
INC003707,SITE026,2026-08-02,Call Quality,P3,Mobile,UAT Failure,2.38,Resolved,Device Issue
INC003708,SITE021,2026-03-21,Device Configuration,P4,Soft Client,No Audio,2.74,Resolved,User Error
INC003709,SITE006,2026-07-15,Codec,P3,Mobile,Poor Call Quality,4.96,Resolved,User Error
INC003710,SITE004,2026-05-03,Dial Plan,P2,Soft Client,Dialing Issue,4.08,Resolved,Network
INC003711,SITE019,2026-01-21,Dial Plan,P3,Mobile,Provisioning Failure,2.49,In Progress,QoS
INC003712,SITE021,2026-07-21,Call Quality,P3,Mobile,No Audio,2.8,Resolved,Unknown
INC003713,SITE016,2026-03-31,User Configuration,P3,Soft Client,Poor Call Quality,3.47,Closed,Network
INC003714,SITE025,2026-08-18,User Configuration,P4,Mobile,Dialing Issue,0.76,Open,Network
INC003715,SITE001,2026-03-09,SIP,P3,Mobile,Dialing Issue,3.19,Closed,Provisioning
INC003716,SITE007,2026-04-27,SIP,P2,Soft Client,Dialing Issue,2.77,Closed,User Error
INC003717,SITE009,2026-02-13,UAT,P3,Mobile,UAT Failure,2.95,Resolved,User Error
INC003718,SITE002,2026-06-20,Call Quality,P3,Mobile,No Audio,4.0,Resolved,Device Issue
INC003719,SITE014,2026-07-25,Audio,P3,Soft Client,One-Way Audio,1.71,Resolved,QoS
INC003720,SITE006,2026-01-19,Registration,P3,Room Device,Device Configuration,2.29,Resolved,Unknown
INC003721,SITE026,2026-06-29,Codec,P4,Soft Client,Registration Failure,2.57,Closed,Unknown
INC003722,SITE026,2026-06-09,User Configuration,P4,Soft Client,One-Way Audio,5.74,In Progress,Network
INC003723,SITE018,2026-03-13,UAT,P2,Soft Client,Provisioning Failure,5.36,Resolved,User Error
INC003724,SITE001,2026-05-22,Registration,P3,Room Device,Device Configuration,3.83,In Progress,Configuration
INC003725,SITE020,2026-02-17,UAT,P3,Room Device,No Audio,1.18,Closed,Network
INC003726,SITE027,2026-01-08,Codec,P2,Room Device,Poor Call Quality,2.31,Resolved,Unknown
INC003727,SITE029,2026-08-07,User Configuration,P2,Mobile,Device Configuration,0.75,Resolved,Provisioning
INC003728,SITE035,2026-08-18,UAT,P3,Desk Phone,Registration Failure,7.42,Resolved,Provisioning
INC003729,SITE016,2026-07-31,Audio,P2,Desk Phone,Provisioning Failure,2.38,Closed,User Error
INC003730,SITE015,2026-03-10,Device Configuration,P4,Desk Phone,Registration Failure,4.53,Resolved,Provisioning
INC003731,SITE028,2026-03-02,Dial Plan,P3,Room Device,Device Configuration,4.97,Resolved,Configuration
INC003732,SITE001,2026-03-22,User Configuration,P4,Soft Client,UAT Failure,2.4,Resolved,Provisioning
INC003733,SITE028,2026-02-21,User Configuration,P2,Soft Client,Registration Failure,1.71,Resolved,Configuration
INC003734,SITE034,2026-06-15,Codec,P3,Soft Client,No Audio,0.87,Resolved,QoS
INC003735,SITE034,2026-04-01,Provisioning,P3,Desk Phone,Poor Call Quality,1.53,Closed,QoS
INC003736,SITE028,2026-08-31,Network,P3,Soft Client,Provisioning Failure,9.46,Open,QoS
INC003737,SITE012,2026-06-07,Network,P3,Desk Phone,One-Way Audio,5.57,Open,Provisioning
INC003738,SITE009,2026-02-07,Network,P3,Mobile,UAT Failure,1.89,Resolved,Device Issue
INC003739,SITE035,2026-05-02,User Configuration,P2,Mobile,Dialing Issue,1.31,Closed,Configuration
INC003740,SITE023,2026-07-27,Call Quality,P4,Desk Phone,Dialing Issue,1.93,Resolved,Provisioning
INC003741,SITE026,2026-08-16,Registration,P2,Soft Client,No Audio,3.66,Open,Unknown
INC003742,SITE002,2026-06-30,Call Quality,P4,Mobile,UAT Failure,3.06,Resolved,User Error
INC003743,SITE023,2026-02-22,Codec,P2,Soft Client,Provisioning Failure,1.85,Resolved,Unknown
INC003744,SITE003,2026-03-30,Registration,P2,Mobile,Device Configuration,3.6,Open,Provisioning
INC003745,SITE007,2026-08-05,UAT,P3,Soft Client,Device Configuration,1.84,Resolved,User Error
INC003746,SITE022,2026-04-27,SIP,P4,Soft Client,Registration Failure,8.32,Resolved,Network
INC003747,SITE002,2026-08-02,Provisioning,P4,Soft Client,Registration Failure,1.0,Resolved,User Error
INC003748,SITE015,2026-02-20,Dial Plan,P2,Room Device,One-Way Audio,7.43,Resolved,Unknown
INC003749,SITE021,2026-06-07,Provisioning,P4,Desk Phone,Dialing Issue,5.25,Resolved,User Error
INC003750,SITE028,2026-03-07,User Configuration,P1,Room Device,Dialing Issue,3.22,Resolved,Device Issue
INC003751,SITE033,2026-05-16,Codec,P4,Mobile,Dialing Issue,3.9,In Progress,Network
INC003752,SITE013,2026-02-25,Registration,P3,Room Device,Dialing Issue,5.96,Resolved,QoS
INC003753,SITE011,2026-03-13,Dial Plan,P3,Desk Phone,Poor Call Quality,1.2,In Progress,QoS
INC003754,SITE012,2026-08-21,User Configuration,P3,Desk Phone,Provisioning Failure,10.42,Resolved,User Error
INC003755,SITE028,2026-05-11,UAT,P1,Soft Client,Provisioning Failure,15.4,Resolved,Network
INC003756,SITE023,2026-06-10,Audio,P3,Mobile,Provisioning Failure,2.83,Resolved,Network
INC003757,SITE025,2026-03-25,Registration,P3,Mobile,Dialing Issue,4.27,Resolved,Configuration
INC003758,SITE010,2026-06-16,Provisioning,P3,Mobile,Poor Call Quality,4.75,Resolved,Device Issue
INC003759,SITE009,2026-05-15,Codec,P3,Soft Client,No Audio,4.86,In Progress,Configuration
INC003760,SITE008,2026-07-13,Audio,P4,Mobile,No Audio,5.21,Resolved,Network
INC003761,SITE010,2026-07-20,SIP,P3,Room Device,No Audio,5.04,In Progress,User Error
INC003762,SITE021,2026-01-20,UAT,P4,Room Device,One-Way Audio,3.38,Resolved,Device Issue
INC003763,SITE005,2026-02-21,Call Quality,P2,Mobile,Poor Call Quality,8.57,Resolved,User Error
INC003764,SITE014,2026-01-05,UAT,P3,Soft Client,Registration Failure,1.24,Closed,Unknown
INC003765,SITE022,2026-02-15,SIP,P3,Soft Client,One-Way Audio,1.56,Resolved,Network
INC003766,SITE019,2026-05-06,SIP,P3,Room Device,Dialing Issue,6.97,Resolved,Configuration
INC003767,SITE028,2026-02-14,Provisioning,P3,Room Device,Poor Call Quality,3.92,Open,User Error
INC003768,SITE027,2026-03-25,QoS,P3,Room Device,Poor Call Quality,3.31,Resolved,Configuration
INC003769,SITE010,2026-01-06,Registration,P3,Soft Client,UAT Failure,1.91,Resolved,Network
INC003770,SITE032,2026-01-22,Registration,P3,Mobile,Provisioning Failure,4.5,Resolved,Device Issue
INC003771,SITE012,2026-01-07,SIP,P4,Desk Phone,No Audio,8.94,Resolved,Unknown
INC003772,SITE008,2026-05-06,Provisioning,P4,Soft Client,Device Configuration,11.33,In Progress,Device Issue
INC003773,SITE017,2026-02-15,Call Quality,P4,Mobile,Dialing Issue,4.83,Resolved,Provisioning
INC003774,SITE026,2026-02-11,Registration,P4,Desk Phone,UAT Failure,1.72,Closed,User Error
INC003775,SITE032,2026-05-01,UAT,P3,Room Device,Device Configuration,4.13,Resolved,Provisioning
INC003776,SITE031,2026-06-26,Codec,P3,Room Device,No Audio,2.6,Resolved,Network
INC003777,SITE032,2026-06-16,Call Quality,P4,Room Device,Device Configuration,2.33,Closed,Device Issue
INC003778,SITE006,2026-07-30,User Configuration,P2,Desk Phone,Provisioning Failure,1.64,Resolved,Network
INC003779,SITE024,2026-07-21,Call Quality,P4,Room Device,UAT Failure,2.95,Resolved,QoS
INC003780,SITE009,2026-02-05,Provisioning,P3,Soft Client,UAT Failure,1.68,Closed,QoS
INC003781,SITE018,2026-04-10,Dial Plan,P3,Mobile,Poor Call Quality,1.53,Resolved,User Error
INC003782,SITE031,2026-08-03,Codec,P3,Soft Client,No Audio,7.34,Closed,Device Issue
INC003783,SITE016,2026-07-15,Provisioning,P1,Soft Client,Provisioning Failure,16.87,Resolved,QoS
INC003784,SITE023,2026-02-21,Dial Plan,P3,Mobile,One-Way Audio,16.78,Resolved,Provisioning
INC003785,SITE012,2026-01-19,Device Configuration,P3,Desk Phone,Registration Failure,4.41,In Progress,Network
INC003786,SITE016,2026-08-27,SIP,P3,Desk Phone,No Audio,21.56,Resolved,Unknown
INC003787,SITE031,2026-07-19,SIP,P3,Mobile,Registration Failure,1.63,Resolved,Configuration
INC003788,SITE034,2026-06-26,Audio,P3,Desk Phone,Device Configuration,1.69,Resolved,QoS
INC003789,SITE033,2026-03-29,Network,P3,Soft Client,UAT Failure,8.82,Resolved,QoS
INC003790,SITE020,2026-02-11,Registration,P3,Mobile,Poor Call Quality,2.49,Resolved,Configuration
INC003791,SITE033,2026-08-31,Audio,P3,Mobile,No Audio,3.13,Open,Device Issue
INC003792,SITE004,2026-08-04,UAT,P3,Mobile,One-Way Audio,4.63,Resolved,QoS
INC003793,SITE025,2026-07-15,User Configuration,P3,Soft Client,Provisioning Failure,3.33,Resolved,Configuration
INC003794,SITE008,2026-08-29,Codec,P4,Room Device,No Audio,1.29,Resolved,QoS
INC003795,SITE002,2026-08-08,Audio,P2,Mobile,Device Configuration,5.31,In Progress,Provisioning
INC003796,SITE007,2026-02-02,Device Configuration,P1,Desk Phone,UAT Failure,1.43,Resolved,Configuration
INC003797,SITE031,2026-06-20,Audio,P3,Room Device,Provisioning Failure,0.82,Closed,Configuration
INC003798,SITE011,2026-05-21,Network,P2,Desk Phone,Dialing Issue,3.75,Resolved,Unknown
INC003799,SITE003,2026-04-29,Codec,P4,Desk Phone,Registration Failure,1.48,Closed,Unknown
INC003800,SITE032,2026-06-04,Call Quality,P3,Mobile,Dialing Issue,2.01,In Progress,Provisioning
INC003801,SITE001,2026-08-14,Audio,P1,Desk Phone,Dialing Issue,3.04,Resolved,Provisioning
INC003802,SITE013,2026-05-27,SIP,P4,Mobile,Registration Failure,3.19,Resolved,QoS
INC003803,SITE022,2026-02-05,Provisioning,P3,Desk Phone,One-Way Audio,3.14,Resolved,Device Issue
INC003804,SITE025,2026-06-09,Registration,P2,Soft Client,UAT Failure,5.22,Resolved,QoS
INC003805,SITE012,2026-08-05,UAT,P3,Desk Phone,UAT Failure,9.98,Resolved,QoS
INC003806,SITE004,2026-01-28,User Configuration,P3,Soft Client,One-Way Audio,1.95,Closed,Provisioning
INC003807,SITE027,2026-05-27,Codec,P3,Mobile,No Audio,5.67,In Progress,User Error
INC003808,SITE032,2026-05-31,User Configuration,P4,Soft Client,Device Configuration,3.66,Open,Device Issue
INC003809,SITE027,2026-02-15,Provisioning,P3,Mobile,No Audio,5.84,Resolved,Configuration
INC003810,SITE029,2026-05-14,User Configuration,P4,Room Device,Device Configuration,3.58,In Progress,User Error
INC003811,SITE005,2026-07-22,SIP,P3,Mobile,No Audio,2.13,In Progress,Configuration
INC003812,SITE020,2026-08-06,User Configuration,P3,Mobile,No Audio,3.82,Resolved,Unknown
INC003813,SITE019,2026-02-14,Dial Plan,P3,Soft Client,Device Configuration,8.25,Closed,Device Issue
INC003814,SITE018,2026-04-05,Codec,P4,Soft Client,Registration Failure,1.55,Closed,Configuration
INC003815,SITE017,2026-05-31,User Configuration,P4,Soft Client,Registration Failure,1.23,Resolved,QoS
INC003816,SITE004,2026-02-21,SIP,P3,Room Device,Provisioning Failure,3.84,Resolved,Provisioning
INC003817,SITE023,2026-06-25,Codec,P4,Desk Phone,UAT Failure,3.17,Resolved,User Error
INC003818,SITE025,2026-08-28,Device Configuration,P2,Mobile,UAT Failure,10.22,Resolved,Network
INC003819,SITE023,2026-05-14,QoS,P3,Soft Client,No Audio,3.51,Open,Network
INC003820,SITE026,2026-03-09,Registration,P2,Room Device,No Audio,3.56,Resolved,QoS
INC003821,SITE021,2026-04-19,SIP,P3,Desk Phone,No Audio,4.72,Resolved,User Error
INC003822,SITE025,2026-05-30,Audio,P2,Room Device,Poor Call Quality,3.25,Resolved,User Error
INC003823,SITE016,2026-07-20,Dial Plan,P3,Room Device,Device Configuration,8.64,Closed,Provisioning
INC003824,SITE025,2026-02-01,Call Quality,P3,Desk Phone,Dialing Issue,3.33,Resolved,Device Issue
INC003825,SITE008,2026-04-22,UAT,P3,Room Device,No Audio,4.36,Resolved,Provisioning
INC003826,SITE017,2026-01-06,Audio,P3,Room Device,Device Configuration,7.98,Resolved,Configuration
INC003827,SITE031,2026-05-24,Dial Plan,P3,Room Device,Provisioning Failure,6.88,Resolved,Provisioning
INC003828,SITE012,2026-02-17,Audio,P3,Soft Client,Device Configuration,5.02,In Progress,Configuration
INC003829,SITE006,2026-02-10,SIP,P2,Mobile,One-Way Audio,1.47,Resolved,User Error
INC003830,SITE019,2026-04-18,QoS,P3,Soft Client,UAT Failure,2.54,In Progress,Network
INC003831,SITE014,2026-07-04,Network,P3,Soft Client,Registration Failure,2.12,Resolved,Network
INC003832,SITE002,2026-01-21,SIP,P3,Mobile,Registration Failure,3.0,Resolved,Network
INC003833,SITE031,2026-06-10,Call Quality,P3,Soft Client,No Audio,3.32,Open,Provisioning
INC003834,SITE007,2026-06-26,SIP,P2,Desk Phone,Provisioning Failure,4.91,Closed,Configuration
INC003835,SITE018,2026-02-23,Network,P3,Room Device,Registration Failure,2.16,In Progress,QoS
INC003836,SITE018,2026-02-26,Network,P3,Desk Phone,No Audio,12.18,Resolved,Provisioning
INC003837,SITE024,2026-07-15,Provisioning,P3,Room Device,Dialing Issue,23.45,Closed,Network
INC003838,SITE009,2026-02-03,Network,P4,Mobile,Provisioning Failure,3.47,Open,Network
INC003839,SITE027,2026-03-15,Dial Plan,P3,Desk Phone,Poor Call Quality,2.21,Closed,Network
INC003840,SITE009,2026-08-15,Dial Plan,P4,Room Device,Provisioning Failure,2.05,Closed,QoS
INC003841,SITE005,2026-08-13,Dial Plan,P3,Soft Client,UAT Failure,9.63,Resolved,User Error
INC003842,SITE029,2026-06-10,Provisioning,P3,Mobile,Device Configuration,0.94,Resolved,Network
INC003843,SITE004,2026-02-20,Network,P3,Mobile,One-Way Audio,2.49,Resolved,Device Issue
INC003844,SITE011,2026-01-05,Provisioning,P3,Mobile,Device Configuration,4.09,Resolved,User Error
INC003845,SITE011,2026-04-23,Registration,P2,Mobile,Dialing Issue,9.84,Closed,Unknown
INC003846,SITE008,2026-08-23,Audio,P3,Desk Phone,Dialing Issue,10.01,Resolved,User Error
INC003847,SITE022,2026-08-16,Provisioning,P4,Mobile,One-Way Audio,2.37,Resolved,Network
INC003848,SITE031,2026-02-08,Network,P3,Mobile,Device Configuration,1.29,In Progress,User Error
INC003849,SITE001,2026-05-22,Codec,P3,Mobile,Poor Call Quality,13.4,Resolved,Configuration
INC003850,SITE021,2026-07-04,Provisioning,P3,Desk Phone,Device Configuration,1.1,Resolved,Device Issue
INC003851,SITE012,2026-08-26,Audio,P3,Room Device,No Audio,5.32,Closed,User Error
INC003852,SITE002,2026-06-29,Registration,P4,Desk Phone,UAT Failure,6.92,Resolved,Device Issue
INC003853,SITE035,2026-06-04,Provisioning,P2,Mobile,Device Configuration,1.63,Resolved,Provisioning
INC003854,SITE027,2026-07-18,Registration,P3,Soft Client,No Audio,1.5,In Progress,Provisioning
INC003855,SITE006,2026-07-19,Network,P3,Room Device,Dialing Issue,1.4,Open,User Error
INC003856,SITE021,2026-07-17,Audio,P3,Room Device,Dialing Issue,5.32,Resolved,User Error
INC003857,SITE014,2026-04-03,Call Quality,P4,Desk Phone,UAT Failure,5.22,Resolved,User Error
INC003858,SITE008,2026-03-31,Registration,P4,Soft Client,No Audio,4.75,Resolved,Network
INC003859,SITE011,2026-06-12,Codec,P4,Soft Client,Poor Call Quality,3.88,Open,Unknown
INC003860,SITE003,2026-03-16,Audio,P4,Desk Phone,One-Way Audio,16.9,Resolved,Unknown
INC003861,SITE001,2026-03-22,Network,P3,Room Device,Provisioning Failure,2.48,In Progress,Configuration
INC003862,SITE022,2026-06-19,Registration,P4,Desk Phone,Dialing Issue,1.76,In Progress,Configuration
INC003863,SITE016,2026-02-27,Audio,P4,Desk Phone,One-Way Audio,8.7,Resolved,Device Issue
INC003864,SITE034,2026-04-16,Audio,P2,Soft Client,No Audio,2.46,Resolved,Unknown
INC003865,SITE017,2026-05-04,Device Configuration,P3,Desk Phone,UAT Failure,6.69,Resolved,Provisioning
INC003866,SITE017,2026-06-01,User Configuration,P3,Mobile,Dialing Issue,2.83,Resolved,Provisioning
INC003867,SITE028,2026-01-14,UAT,P4,Soft Client,Dialing Issue,7.71,Resolved,Device Issue
INC003868,SITE024,2026-02-01,Provisioning,P3,Room Device,No Audio,2.08,Resolved,User Error
INC003869,SITE024,2026-03-20,SIP,P4,Soft Client,Registration Failure,6.12,Closed,Unknown
INC003870,SITE029,2026-05-20,Registration,P4,Mobile,UAT Failure,0.91,Resolved,Provisioning
INC003871,SITE008,2026-07-10,Device Configuration,P3,Room Device,One-Way Audio,2.68,Open,Provisioning
INC003872,SITE034,2026-01-17,Codec,P3,Room Device,Provisioning Failure,1.47,Resolved,QoS
INC003873,SITE003,2026-05-28,Call Quality,P2,Mobile,No Audio,3.68,In Progress,Configuration
INC003874,SITE033,2026-08-25,User Configuration,P4,Soft Client,UAT Failure,3.57,In Progress,Network
INC003875,SITE035,2026-04-25,Codec,P3,Desk Phone,Dialing Issue,3.11,In Progress,Network
INC003876,SITE027,2026-03-11,Registration,P3,Soft Client,Poor Call Quality,1.54,Closed,Configuration
INC003877,SITE009,2026-01-24,UAT,P4,Desk Phone,Dialing Issue,8.44,Resolved,User Error
INC003878,SITE028,2026-06-11,Provisioning,P3,Room Device,Registration Failure,2.92,Closed,Network
INC003879,SITE020,2026-05-15,Call Quality,P4,Desk Phone,Poor Call Quality,5.19,In Progress,Unknown
INC003880,SITE017,2026-01-17,Call Quality,P3,Room Device,No Audio,5.82,Resolved,Network
INC003881,SITE008,2026-06-04,Provisioning,P3,Desk Phone,UAT Failure,2.19,Resolved,User Error
INC003882,SITE014,2026-02-13,Audio,P4,Mobile,One-Way Audio,8.34,In Progress,Device Issue
INC003883,SITE030,2026-04-27,Device Configuration,P4,Soft Client,Poor Call Quality,2.46,Resolved,Unknown
INC003884,SITE030,2026-05-08,QoS,P3,Room Device,No Audio,3.3,Resolved,Provisioning
INC003885,SITE019,2026-07-17,UAT,P3,Room Device,One-Way Audio,2.46,Resolved,Provisioning
INC003886,SITE006,2026-03-16,Dial Plan,P4,Room Device,Registration Failure,4.52,Resolved,Network
INC003887,SITE023,2026-03-20,Codec,P2,Desk Phone,UAT Failure,8.38,Resolved,Network
INC003888,SITE035,2026-04-20,Device Configuration,P3,Desk Phone,UAT Failure,3.1,Resolved,User Error
INC003889,SITE010,2026-05-03,User Configuration,P3,Mobile,One-Way Audio,4.35,Closed,Network
INC003890,SITE022,2026-01-27,SIP,P3,Desk Phone,Poor Call Quality,4.72,Resolved,Configuration
INC003891,SITE030,2026-07-05,QoS,P4,Room Device,Poor Call Quality,3.48,In Progress,QoS
INC003892,SITE021,2026-06-08,UAT,P3,Mobile,Device Configuration,4.93,Resolved,Device Issue
INC003893,SITE010,2026-01-02,User Configuration,P2,Soft Client,UAT Failure,9.17,In Progress,Configuration
INC003894,SITE025,2026-03-08,Call Quality,P3,Desk Phone,Provisioning Failure,1.48,Resolved,Device Issue
INC003895,SITE010,2026-08-01,Device Configuration,P4,Room Device,Device Configuration,8.88,In Progress,Provisioning
INC003896,SITE018,2026-02-26,UAT,P2,Soft Client,Poor Call Quality,4.63,Closed,User Error
INC003897,SITE003,2026-08-18,Call Quality,P4,Desk Phone,Registration Failure,1.21,Resolved,Configuration
INC003898,SITE015,2026-07-23,Network,P3,Desk Phone,One-Way Audio,2.25,Closed,Provisioning
INC003899,SITE003,2026-01-14,SIP,P3,Desk Phone,No Audio,1.59,Resolved,Network
INC003900,SITE007,2026-02-05,Provisioning,P2,Desk Phone,Poor Call Quality,7.44,Resolved,Device Issue
INC003901,SITE019,2026-02-08,Call Quality,P4,Mobile,Device Configuration,4.27,Resolved,Device Issue
INC003902,SITE016,2026-03-11,Audio,P4,Desk Phone,One-Way Audio,3.52,Resolved,Configuration
INC003903,SITE025,2026-07-17,SIP,P3,Soft Client,Poor Call Quality,2.58,Closed,Configuration
INC003904,SITE021,2026-05-19,Network,P3,Mobile,UAT Failure,4.15,In Progress,QoS
INC003905,SITE015,2026-03-19,Device Configuration,P2,Room Device,Dialing Issue,2.28,In Progress,Device Issue
INC003906,SITE004,2026-07-30,Call Quality,P3,Mobile,Device Configuration,8.67,Resolved,Provisioning
INC003907,SITE007,2026-05-28,QoS,P2,Room Device,Dialing Issue,5.19,Resolved,Unknown
INC003908,SITE031,2026-02-17,Device Configuration,P3,Room Device,Poor Call Quality,14.35,In Progress,Unknown
INC003909,SITE007,2026-01-22,Provisioning,P3,Soft Client,Provisioning Failure,6.1,Open,QoS
INC003910,SITE008,2026-01-02,Codec,P3,Mobile,No Audio,1.48,In Progress,QoS
INC003911,SITE020,2026-02-16,User Configuration,P2,Mobile,Dialing Issue,2.71,Resolved,Provisioning
INC003912,SITE007,2026-02-27,SIP,P2,Mobile,No Audio,1.66,In Progress,QoS
INC003913,SITE023,2026-07-24,SIP,P3,Desk Phone,UAT Failure,1.66,Resolved,QoS
INC003914,SITE005,2026-01-17,Codec,P3,Soft Client,No Audio,1.35,Closed,Provisioning
INC003915,SITE022,2026-06-27,Network,P3,Desk Phone,Registration Failure,3.08,Resolved,QoS
INC003916,SITE034,2026-05-01,Call Quality,P3,Room Device,Poor Call Quality,4.28,Open,Unknown
INC003917,SITE010,2026-02-25,UAT,P4,Desk Phone,Poor Call Quality,2.79,Closed,User Error
INC003918,SITE018,2026-04-15,Dial Plan,P3,Desk Phone,Dialing Issue,0.87,Resolved,User Error
INC003919,SITE005,2026-01-29,Network,P2,Soft Client,Provisioning Failure,1.76,Closed,User Error
INC003920,SITE017,2026-08-11,Registration,P4,Mobile,Registration Failure,6.07,In Progress,User Error
INC003921,SITE021,2026-02-26,Dial Plan,P4,Soft Client,Registration Failure,11.35,Open,Provisioning
INC003922,SITE017,2026-07-14,Call Quality,P3,Desk Phone,Device Configuration,5.05,In Progress,Network
INC003923,SITE014,2026-03-30,Registration,P4,Room Device,Device Configuration,2.04,Resolved,Device Issue
INC003924,SITE034,2026-06-21,SIP,P3,Room Device,Registration Failure,7.08,Resolved,Unknown
INC003925,SITE011,2026-05-08,Call Quality,P1,Mobile,Provisioning Failure,1.52,In Progress,Configuration
INC003926,SITE004,2026-08-16,Call Quality,P1,Soft Client,No Audio,2.65,Resolved,User Error
INC003927,SITE005,2026-03-14,Codec,P3,Room Device,Provisioning Failure,3.2,Resolved,QoS
INC003928,SITE035,2026-04-13,Provisioning,P3,Soft Client,One-Way Audio,1.98,Resolved,User Error
INC003929,SITE008,2026-05-23,QoS,P2,Mobile,Poor Call Quality,1.41,Closed,Device Issue
INC003930,SITE028,2026-02-15,Provisioning,P4,Desk Phone,Registration Failure,13.54,Resolved,User Error
INC003931,SITE031,2026-02-15,Dial Plan,P4,Mobile,One-Way Audio,2.2,Resolved,Provisioning
INC003932,SITE010,2026-02-02,Network,P3,Desk Phone,Poor Call Quality,2.27,Resolved,Network
INC003933,SITE014,2026-07-19,User Configuration,P4,Desk Phone,One-Way Audio,6.18,Resolved,QoS
INC003934,SITE015,2026-03-14,Codec,P2,Room Device,Registration Failure,2.42,Resolved,QoS
INC003935,SITE012,2026-04-16,Network,P2,Soft Client,One-Way Audio,8.89,Open,Unknown
INC003936,SITE009,2026-07-16,UAT,P3,Room Device,Registration Failure,3.13,Resolved,Device Issue
INC003937,SITE018,2026-04-07,Device Configuration,P3,Mobile,Poor Call Quality,2.85,Resolved,QoS
INC003938,SITE031,2026-04-05,Device Configuration,P4,Soft Client,No Audio,5.31,Resolved,User Error
INC003939,SITE021,2026-07-28,User Configuration,P3,Room Device,No Audio,4.48,Resolved,Unknown
INC003940,SITE026,2026-04-19,Provisioning,P2,Soft Client,Provisioning Failure,7.72,Closed,User Error
INC003941,SITE004,2026-01-25,QoS,P3,Soft Client,Provisioning Failure,9.87,Resolved,Device Issue
INC003942,SITE005,2026-02-20,Registration,P2,Room Device,Device Configuration,5.79,Resolved,Network
INC003943,SITE005,2026-06-14,Network,P3,Soft Client,No Audio,3.14,Closed,Configuration
INC003944,SITE027,2026-01-02,Device Configuration,P3,Room Device,Device Configuration,1.45,In Progress,QoS
INC003945,SITE030,2026-04-29,SIP,P2,Room Device,Registration Failure,1.94,In Progress,Device Issue
INC003946,SITE014,2026-08-20,Call Quality,P3,Room Device,Device Configuration,3.65,Resolved,QoS
INC003947,SITE018,2026-08-01,QoS,P2,Mobile,Dialing Issue,2.25,Resolved,Provisioning
INC003948,SITE003,2026-05-11,Provisioning,P4,Mobile,Device Configuration,1.09,Open,QoS
INC003949,SITE026,2026-03-19,User Configuration,P3,Desk Phone,UAT Failure,6.72,Resolved,QoS
INC003950,SITE021,2026-06-22,Codec,P3,Room Device,Poor Call Quality,1.99,Resolved,Network
INC003951,SITE016,2026-02-25,Device Configuration,P3,Room Device,Device Configuration,11.87,Closed,Device Issue
INC003952,SITE029,2026-05-19,Audio,P3,Mobile,UAT Failure,1.63,Resolved,Device Issue
INC003953,SITE018,2026-01-17,Provisioning,P3,Mobile,Provisioning Failure,2.53,In Progress,User Error
INC003954,SITE004,2026-04-02,SIP,P3,Mobile,Dialing Issue,2.36,Resolved,Configuration
INC003955,SITE018,2026-01-14,Registration,P4,Mobile,Poor Call Quality,3.62,Resolved,Device Issue
INC003956,SITE005,2026-03-19,Registration,P3,Room Device,No Audio,1.22,Resolved,Configuration
INC003957,SITE028,2026-04-15,UAT,P3,Mobile,Provisioning Failure,1.19,Resolved,QoS
INC003958,SITE020,2026-05-31,QoS,P2,Desk Phone,Dialing Issue,7.02,Resolved,Device Issue
INC003959,SITE003,2026-05-27,Audio,P3,Room Device,No Audio,3.28,Closed,Configuration
INC003960,SITE007,2026-04-21,Call Quality,P3,Soft Client,Registration Failure,4.05,In Progress,User Error
INC003961,SITE002,2026-04-11,Dial Plan,P1,Room Device,Registration Failure,3.95,Resolved,Device Issue
INC003962,SITE022,2026-03-01,Provisioning,P4,Soft Client,One-Way Audio,4.72,In Progress,QoS
INC003963,SITE017,2026-05-15,SIP,P3,Soft Client,No Audio,12.66,Resolved,Device Issue
INC003964,SITE029,2026-01-02,Registration,P3,Soft Client,Dialing Issue,2.97,Resolved,Network
INC003965,SITE033,2026-02-17,Provisioning,P4,Desk Phone,Provisioning Failure,7.17,Resolved,Configuration
INC003966,SITE007,2026-07-13,Call Quality,P3,Room Device,No Audio,7.61,Resolved,Provisioning
INC003967,SITE014,2026-05-17,Registration,P3,Soft Client,Dialing Issue,2.67,Resolved,Network
INC003968,SITE020,2026-03-09,Registration,P2,Mobile,Provisioning Failure,6.49,In Progress,Provisioning
INC003969,SITE019,2026-07-09,Provisioning,P4,Soft Client,Device Configuration,1.42,Resolved,User Error
INC003970,SITE022,2026-03-05,Registration,P3,Room Device,Provisioning Failure,1.49,Resolved,Unknown
INC003971,SITE016,2026-07-31,Provisioning,P3,Desk Phone,One-Way Audio,4.91,Closed,Network
INC003972,SITE004,2026-02-03,Device Configuration,P3,Desk Phone,UAT Failure,6.18,Open,User Error
INC003973,SITE009,2026-08-09,Audio,P3,Soft Client,One-Way Audio,7.54,Closed,Provisioning
INC003974,SITE011,2026-05-08,QoS,P3,Soft Client,One-Way Audio,3.1,Open,Unknown
INC003975,SITE031,2026-05-06,Registration,P3,Room Device,Device Configuration,16.28,Resolved,Provisioning
INC003976,SITE016,2026-05-30,QoS,P3,Room Device,Provisioning Failure,5.05,Resolved,Unknown
INC003977,SITE026,2026-06-01,Device Configuration,P3,Desk Phone,Provisioning Failure,1.87,In Progress,Configuration
INC003978,SITE001,2026-02-23,QoS,P2,Room Device,One-Way Audio,1.9,Resolved,User Error
INC003979,SITE033,2026-01-30,Audio,P2,Mobile,UAT Failure,2.66,Resolved,Configuration
INC003980,SITE010,2026-04-21,Network,P3,Mobile,No Audio,5.99,Open,Network
INC003981,SITE001,2026-02-18,Device Configuration,P3,Soft Client,Registration Failure,4.57,Resolved,Unknown
INC003982,SITE018,2026-08-05,QoS,P3,Mobile,Dialing Issue,5.72,Open,Device Issue
INC003983,SITE025,2026-01-27,SIP,P3,Mobile,Registration Failure,3.57,Closed,Provisioning
INC003984,SITE004,2026-08-14,Codec,P3,Mobile,Dialing Issue,1.28,Closed,Provisioning
INC003985,SITE033,2026-05-19,Device Configuration,P1,Room Device,Device Configuration,9.53,Resolved,Device Issue
INC003986,SITE003,2026-01-24,Network,P4,Room Device,Device Configuration,2.41,Resolved,QoS
INC003987,SITE012,2026-08-29,Device Configuration,P3,Mobile,Poor Call Quality,2.3,Resolved,Network
INC003988,SITE013,2026-04-01,Codec,P2,Room Device,Poor Call Quality,4.57,Open,Configuration
INC003989,SITE015,2026-08-30,Audio,P3,Mobile,Poor Call Quality,5.09,In Progress,User Error
INC003990,SITE031,2026-06-26,Audio,P3,Desk Phone,Device Configuration,12.3,Resolved,QoS
INC003991,SITE034,2026-01-04,Codec,P3,Soft Client,Device Configuration,1.07,Resolved,Provisioning
INC003992,SITE029,2026-01-23,Codec,P2,Room Device,Dialing Issue,2.78,Open,Configuration
INC003993,SITE032,2026-03-29,Codec,P4,Desk Phone,Dialing Issue,6.57,Closed,Provisioning
INC003994,SITE017,2026-04-21,Call Quality,P3,Room Device,One-Way Audio,5.45,Resolved,Unknown
INC003995,SITE001,2026-08-15,Registration,P3,Room Device,Provisioning Failure,4.76,In Progress,Network
INC003996,SITE026,2026-05-06,Dial Plan,P3,Soft Client,Device Configuration,4.63,Resolved,Provisioning
INC003997,SITE015,2026-02-21,Provisioning,P3,Desk Phone,Poor Call Quality,3.19,In Progress,Unknown
INC003998,SITE017,2026-03-09,Codec,P2,Desk Phone,Device Configuration,3.47,Resolved,Provisioning
INC003999,SITE001,2026-06-18,UAT,P4,Desk Phone,Poor Call Quality,5.17,In Progress,Configuration
INC004000,SITE020,2026-08-06,Call Quality,P2,Room Device,Dialing Issue,4.68,Resolved,QoS
INC004001,SITE034,2026-06-01,Device Configuration,P2,Mobile,Dialing Issue,4.35,In Progress,QoS
INC004002,SITE028,2026-04-03,Network,P3,Room Device,No Audio,6.6,Resolved,QoS
INC004003,SITE029,2026-07-05,Audio,P2,Soft Client,Device Configuration,15.09,Resolved,QoS
INC004004,SITE013,2026-08-02,QoS,P4,Soft Client,Registration Failure,12.81,Resolved,Network
INC004005,SITE026,2026-07-27,Call Quality,P3,Desk Phone,Registration Failure,1.88,Closed,QoS
INC004006,SITE029,2026-08-04,QoS,P3,Mobile,Poor Call Quality,2.77,Resolved,Unknown
INC004007,SITE006,2026-06-23,User Configuration,P4,Desk Phone,Poor Call Quality,5.68,Resolved,User Error
INC004008,SITE035,2026-01-18,Provisioning,P2,Soft Client,No Audio,0.96,In Progress,Network
INC004009,SITE004,2026-04-16,Audio,P4,Mobile,Provisioning Failure,6.48,Closed,Unknown
INC004010,SITE032,2026-06-18,Call Quality,P3,Desk Phone,Device Configuration,2.51,Resolved,Device Issue
INC004011,SITE001,2026-04-10,User Configuration,P4,Room Device,One-Way Audio,2.53,Resolved,Device Issue
INC004012,SITE020,2026-07-24,UAT,P4,Room Device,Device Configuration,5.72,Open,Device Issue
INC004013,SITE014,2026-03-06,Network,P3,Soft Client,Poor Call Quality,6.65,Resolved,Network
INC004014,SITE027,2026-08-08,Call Quality,P3,Mobile,No Audio,3.12,In Progress,Device Issue
INC004015,SITE021,2026-01-28,Dial Plan,P2,Soft Client,Dialing Issue,10.57,In Progress,QoS
INC004016,SITE011,2026-04-21,Dial Plan,P3,Soft Client,Device Configuration,3.9,Resolved,Unknown
INC004017,SITE012,2026-05-08,Provisioning,P3,Soft Client,One-Way Audio,8.43,In Progress,Device Issue
INC004018,SITE025,2026-06-14,QoS,P3,Desk Phone,One-Way Audio,1.5,Resolved,Unknown
INC004019,SITE009,2026-03-20,SIP,P3,Desk Phone,Poor Call Quality,5.71,In Progress,QoS
INC004020,SITE008,2026-01-25,Codec,P4,Soft Client,UAT Failure,1.43,Resolved,Network
INC004021,SITE022,2026-05-09,UAT,P3,Room Device,Provisioning Failure,3.05,Closed,Unknown
INC004022,SITE013,2026-03-04,UAT,P3,Desk Phone,No Audio,10.12,Closed,Unknown
INC004023,SITE009,2026-03-16,Provisioning,P4,Soft Client,Device Configuration,1.72,Resolved,Configuration
INC004024,SITE015,2026-05-28,SIP,P4,Soft Client,No Audio,3.29,In Progress,Unknown
INC004025,SITE007,2026-02-22,User Configuration,P4,Room Device,Provisioning Failure,8.36,Resolved,Network
INC004026,SITE013,2026-01-03,UAT,P3,Room Device,Device Configuration,10.16,Resolved,Unknown
INC004027,SITE014,2026-01-10,Device Configuration,P3,Mobile,Provisioning Failure,1.92,Closed,Network
INC004028,SITE009,2026-06-12,SIP,P3,Room Device,Provisioning Failure,4.38,Open,Configuration
INC004029,SITE020,2026-07-03,UAT,P2,Soft Client,Provisioning Failure,3.73,Resolved,Unknown
INC004030,SITE001,2026-04-19,User Configuration,P3,Desk Phone,UAT Failure,3.95,Resolved,User Error
INC004031,SITE019,2026-08-13,Registration,P2,Mobile,Poor Call Quality,1.47,Resolved,Provisioning
INC004032,SITE002,2026-02-23,UAT,P3,Room Device,Dialing Issue,2.37,Resolved,QoS
INC004033,SITE007,2026-05-10,Device Configuration,P4,Room Device,UAT Failure,2.29,Closed,Unknown
INC004034,SITE016,2026-02-14,Call Quality,P3,Room Device,Registration Failure,2.74,Resolved,User Error
INC004035,SITE014,2026-04-24,Dial Plan,P3,Soft Client,Dialing Issue,0.69,Closed,User Error
INC004036,SITE013,2026-06-20,Provisioning,P3,Room Device,One-Way Audio,2.92,Resolved,Device Issue
INC004037,SITE030,2026-01-21,User Configuration,P3,Desk Phone,No Audio,2.01,Resolved,Configuration
INC004038,SITE035,2026-04-27,Dial Plan,P2,Soft Client,UAT Failure,3.1,In Progress,Network
INC004039,SITE020,2026-03-08,UAT,P3,Soft Client,Poor Call Quality,6.09,Closed,Configuration
INC004040,SITE022,2026-06-20,Network,P3,Soft Client,Dialing Issue,0.71,Resolved,Network
INC004041,SITE009,2026-01-29,Registration,P4,Room Device,Provisioning Failure,1.21,Closed,Device Issue
INC004042,SITE012,2026-07-08,Device Configuration,P3,Soft Client,No Audio,4.5,In Progress,Provisioning
INC004043,SITE024,2026-02-18,SIP,P3,Desk Phone,No Audio,5.03,Resolved,Provisioning
INC004044,SITE002,2026-05-11,UAT,P3,Room Device,UAT Failure,3.82,In Progress,Configuration
INC004045,SITE004,2026-08-18,Audio,P4,Soft Client,UAT Failure,2.05,Resolved,QoS
INC004046,SITE007,2026-06-29,UAT,P3,Soft Client,UAT Failure,1.87,Resolved,Unknown
INC004047,SITE016,2026-08-07,Registration,P4,Soft Client,Poor Call Quality,4.35,Resolved,User Error
INC004048,SITE020,2026-04-23,UAT,P3,Mobile,Registration Failure,2.6,In Progress,User Error
INC004049,SITE031,2026-01-18,Codec,P2,Mobile,One-Way Audio,1.21,Resolved,User Error
INC004050,SITE005,2026-04-21,Audio,P2,Room Device,Registration Failure,5.66,Resolved,Device Issue
INC004051,SITE034,2026-06-13,Provisioning,P2,Soft Client,Dialing Issue,4.94,Resolved,Provisioning
INC004052,SITE020,2026-05-27,Device Configuration,P3,Desk Phone,UAT Failure,1.65,In Progress,Device Issue
INC004053,SITE010,2026-03-20,UAT,P1,Room Device,Poor Call Quality,1.6,In Progress,QoS
INC004054,SITE028,2026-04-15,Call Quality,P4,Soft Client,Registration Failure,5.84,Resolved,Network
INC004055,SITE019,2026-05-11,User Configuration,P2,Desk Phone,Provisioning Failure,2.58,In Progress,User Error
INC004056,SITE012,2026-03-28,UAT,P3,Room Device,One-Way Audio,3.57,Resolved,QoS
INC004057,SITE019,2026-07-16,Call Quality,P3,Desk Phone,Poor Call Quality,4.91,Resolved,Device Issue
INC004058,SITE015,2026-06-16,UAT,P3,Soft Client,UAT Failure,1.14,Resolved,Network
INC004059,SITE019,2026-04-24,Audio,P2,Mobile,Dialing Issue,2.49,Resolved,QoS
INC004060,SITE031,2026-01-26,Device Configuration,P3,Room Device,Poor Call Quality,3.41,Open,Configuration
INC004061,SITE033,2026-03-17,Dial Plan,P3,Mobile,Dialing Issue,4.66,Resolved,Network
INC004062,SITE019,2026-05-17,User Configuration,P2,Desk Phone,No Audio,5.13,Closed,QoS
INC004063,SITE034,2026-07-09,Provisioning,P3,Room Device,UAT Failure,5.7,Open,Configuration
INC004064,SITE005,2026-02-21,Provisioning,P3,Soft Client,Dialing Issue,4.45,Resolved,Configuration
INC004065,SITE016,2026-01-29,Audio,P2,Room Device,Device Configuration,7.64,In Progress,Provisioning
INC004066,SITE035,2026-05-21,Registration,P2,Soft Client,One-Way Audio,2.27,Resolved,QoS
INC004067,SITE008,2026-06-01,Registration,P3,Room Device,Dialing Issue,2.0,Resolved,Unknown
INC004068,SITE002,2026-01-04,QoS,P3,Room Device,No Audio,1.97,Resolved,Provisioning
INC004069,SITE030,2026-01-18,Audio,P3,Soft Client,Device Configuration,1.03,Resolved,QoS
INC004070,SITE024,2026-03-19,QoS,P2,Soft Client,Poor Call Quality,6.56,Resolved,Provisioning
INC004071,SITE011,2026-04-12,SIP,P3,Desk Phone,Registration Failure,12.93,In Progress,Provisioning
INC004072,SITE033,2026-07-08,User Configuration,P3,Desk Phone,One-Way Audio,8.49,In Progress,Device Issue
INC004073,SITE016,2026-04-07,Network,P4,Mobile,No Audio,2.06,Closed,Network
INC004074,SITE016,2026-02-10,Registration,P3,Mobile,Provisioning Failure,2.14,Resolved,User Error
INC004075,SITE016,2026-02-06,Audio,P4,Room Device,Dialing Issue,3.09,Resolved,Network
INC004076,SITE023,2026-05-10,Network,P4,Room Device,One-Way Audio,0.86,Resolved,User Error
INC004077,SITE005,2026-06-23,Codec,P3,Desk Phone,One-Way Audio,7.77,Resolved,Network
INC004078,SITE015,2026-02-27,Codec,P2,Room Device,Poor Call Quality,11.14,In Progress,Network
INC004079,SITE010,2026-06-26,Network,P3,Desk Phone,One-Way Audio,4.35,Resolved,Unknown
INC004080,SITE009,2026-04-14,Audio,P4,Room Device,Device Configuration,34.68,Resolved,Provisioning
INC004081,SITE003,2026-08-29,Device Configuration,P4,Room Device,Device Configuration,2.2,Resolved,Unknown
INC004082,SITE008,2026-04-25,SIP,P3,Soft Client,UAT Failure,14.99,In Progress,Unknown
INC004083,SITE025,2026-04-02,Provisioning,P3,Room Device,UAT Failure,2.02,Resolved,Device Issue
INC004084,SITE029,2026-02-17,Call Quality,P4,Desk Phone,Dialing Issue,2.81,In Progress,Unknown
INC004085,SITE001,2026-01-29,User Configuration,P4,Soft Client,Poor Call Quality,2.36,Resolved,Unknown
INC004086,SITE027,2026-01-27,Network,P3,Room Device,Provisioning Failure,4.92,Resolved,Network
INC004087,SITE013,2026-04-26,Codec,P3,Desk Phone,No Audio,2.67,Resolved,QoS
INC004088,SITE015,2026-05-24,UAT,P3,Desk Phone,Device Configuration,2.99,Resolved,User Error
INC004089,SITE025,2026-07-29,Dial Plan,P2,Soft Client,Device Configuration,4.54,Closed,Network
INC004090,SITE003,2026-03-23,Codec,P4,Room Device,Registration Failure,1.77,Resolved,User Error
INC004091,SITE018,2026-03-29,Provisioning,P3,Desk Phone,Provisioning Failure,1.91,Resolved,Network
INC004092,SITE013,2026-06-23,User Configuration,P3,Soft Client,Poor Call Quality,9.35,Resolved,User Error
INC004093,SITE032,2026-06-29,SIP,P3,Mobile,Registration Failure,3.36,In Progress,Provisioning
INC004094,SITE010,2026-05-28,User Configuration,P3,Soft Client,Provisioning Failure,1.88,In Progress,User Error
INC004095,SITE027,2026-06-29,UAT,P3,Mobile,Registration Failure,2.6,In Progress,Network
INC004096,SITE025,2026-07-14,QoS,P3,Desk Phone,No Audio,1.48,Open,Device Issue
INC004097,SITE033,2026-07-19,Audio,P3,Mobile,Dialing Issue,9.97,Resolved,Device Issue
INC004098,SITE030,2026-02-03,QoS,P3,Desk Phone,Provisioning Failure,2.94,Resolved,User Error
INC004099,SITE018,2026-02-17,Provisioning,P2,Desk Phone,No Audio,0.65,Resolved,Unknown
INC004100,SITE032,2026-03-04,Registration,P4,Mobile,No Audio,7.34,Resolved,Device Issue
INC004101,SITE005,2026-06-01,Device Configuration,P3,Room Device,Dialing Issue,2.28,Resolved,User Error
INC004102,SITE018,2026-06-29,Network,P3,Soft Client,Provisioning Failure,4.04,Resolved,Provisioning
INC004103,SITE035,2026-03-05,Call Quality,P4,Room Device,UAT Failure,2.11,Resolved,User Error
INC004104,SITE007,2026-04-09,QoS,P3,Desk Phone,Poor Call Quality,1.58,Resolved,Network
INC004105,SITE012,2026-08-28,Dial Plan,P3,Mobile,No Audio,3.39,Resolved,Provisioning
INC004106,SITE009,2026-08-01,Provisioning,P2,Desk Phone,Registration Failure,3.64,In Progress,Device Issue
INC004107,SITE008,2026-01-08,QoS,P2,Room Device,Device Configuration,2.82,Resolved,Device Issue
INC004108,SITE011,2026-01-25,Codec,P3,Desk Phone,Registration Failure,2.25,Closed,Unknown
INC004109,SITE019,2026-05-04,Codec,P2,Desk Phone,Dialing Issue,15.02,Resolved,Device Issue
INC004110,SITE034,2026-06-06,Provisioning,P3,Room Device,Device Configuration,5.72,Resolved,Configuration
INC004111,SITE034,2026-06-19,Device Configuration,P4,Desk Phone,No Audio,2.76,Open,Unknown
INC004112,SITE026,2026-03-01,Registration,P4,Mobile,Registration Failure,2.61,Open,Device Issue
INC004113,SITE029,2026-06-01,Audio,P4,Desk Phone,Dialing Issue,8.08,In Progress,QoS
INC004114,SITE013,2026-01-15,Codec,P4,Soft Client,No Audio,1.72,Resolved,User Error
INC004115,SITE015,2026-04-26,Registration,P3,Room Device,Registration Failure,3.48,Resolved,Unknown
INC004116,SITE019,2026-07-18,Registration,P3,Desk Phone,Dialing Issue,3.89,Resolved,Configuration
INC004117,SITE013,2026-04-16,SIP,P3,Room Device,Poor Call Quality,3.36,Resolved,Provisioning
INC004118,SITE029,2026-04-18,Dial Plan,P4,Desk Phone,Dialing Issue,1.08,Closed,QoS
INC004119,SITE019,2026-07-28,Device Configuration,P4,Room Device,No Audio,2.04,Resolved,Device Issue
INC004120,SITE008,2026-03-18,Network,P2,Mobile,No Audio,3.07,Open,Configuration
INC004121,SITE034,2026-06-03,UAT,P3,Room Device,No Audio,1.49,Resolved,Network
INC004122,SITE011,2026-01-30,UAT,P3,Room Device,One-Way Audio,1.55,In Progress,Unknown
INC004123,SITE013,2026-04-18,Provisioning,P4,Desk Phone,Provisioning Failure,1.42,Open,Provisioning
INC004124,SITE030,2026-04-29,Dial Plan,P4,Room Device,No Audio,4.81,Resolved,User Error
INC004125,SITE028,2026-07-24,Network,P3,Mobile,No Audio,2.92,Resolved,Configuration
INC004126,SITE031,2026-06-24,Device Configuration,P3,Soft Client,One-Way Audio,2.81,Resolved,Configuration
INC004127,SITE008,2026-03-27,Dial Plan,P4,Desk Phone,One-Way Audio,3.6,In Progress,Device Issue
INC004128,SITE032,2026-08-29,Codec,P3,Mobile,One-Way Audio,1.83,Closed,QoS
INC004129,SITE018,2026-03-09,Network,P2,Mobile,Provisioning Failure,2.31,Closed,User Error
INC004130,SITE004,2026-02-21,Device Configuration,P3,Room Device,One-Way Audio,4.24,Resolved,Device Issue
INC004131,SITE026,2026-01-20,Call Quality,P1,Desk Phone,Provisioning Failure,6.52,In Progress,Configuration
INC004132,SITE010,2026-01-07,UAT,P4,Desk Phone,UAT Failure,10.11,Closed,QoS
INC004133,SITE018,2026-05-27,Audio,P3,Soft Client,One-Way Audio,3.12,Open,Device Issue
INC004134,SITE009,2026-08-07,UAT,P3,Soft Client,UAT Failure,4.55,Resolved,Device Issue
INC004135,SITE034,2026-03-22,Registration,P1,Soft Client,Device Configuration,1.9,In Progress,Network
INC004136,SITE021,2026-03-10,Registration,P3,Soft Client,UAT Failure,1.22,Open,Device Issue
INC004137,SITE003,2026-05-25,QoS,P3,Mobile,UAT Failure,8.53,Open,Device Issue
INC004138,SITE033,2026-06-16,Registration,P3,Soft Client,UAT Failure,4.08,Closed,QoS
INC004139,SITE016,2026-04-24,Call Quality,P3,Soft Client,One-Way Audio,5.12,In Progress,Network
INC004140,SITE008,2026-04-10,SIP,P3,Desk Phone,UAT Failure,2.69,Closed,Unknown
INC004141,SITE035,2026-01-04,Provisioning,P4,Soft Client,Dialing Issue,4.77,Resolved,Unknown
INC004142,SITE005,2026-07-23,Codec,P3,Mobile,Dialing Issue,8.41,Open,Network
INC004143,SITE033,2026-06-07,Call Quality,P3,Soft Client,Provisioning Failure,1.48,Closed,QoS
INC004144,SITE032,2026-01-19,Call Quality,P3,Room Device,Device Configuration,1.08,In Progress,QoS
INC004145,SITE021,2026-08-26,SIP,P3,Soft Client,Registration Failure,3.84,Resolved,QoS
INC004146,SITE026,2026-02-19,Call Quality,P2,Soft Client,Dialing Issue,7.08,Resolved,Provisioning
INC004147,SITE027,2026-05-25,User Configuration,P3,Soft Client,No Audio,5.16,Resolved,Network
INC004148,SITE007,2026-05-04,User Configuration,P3,Mobile,Provisioning Failure,12.04,Resolved,Provisioning
INC004149,SITE032,2026-02-28,Network,P2,Room Device,Dialing Issue,1.45,Resolved,QoS
INC004150,SITE014,2026-03-06,Dial Plan,P3,Desk Phone,Poor Call Quality,2.31,Closed,Unknown
INC004151,SITE009,2026-06-01,SIP,P4,Desk Phone,Registration Failure,3.48,Resolved,Provisioning
INC004152,SITE013,2026-01-30,SIP,P3,Soft Client,UAT Failure,3.05,Resolved,Device Issue
INC004153,SITE006,2026-07-07,Provisioning,P3,Room Device,One-Way Audio,7.3,Resolved,Network
INC004154,SITE001,2026-08-09,Provisioning,P3,Soft Client,Provisioning Failure,1.59,Resolved,Provisioning
INC004155,SITE024,2026-01-04,SIP,P3,Desk Phone,Registration Failure,2.03,Open,Network
INC004156,SITE029,2026-03-03,UAT,P3,Room Device,Registration Failure,3.36,Resolved,Network
INC004157,SITE006,2026-03-31,Provisioning,P4,Soft Client,Device Configuration,1.41,In Progress,Network
INC004158,SITE011,2026-05-04,QoS,P1,Soft Client,Poor Call Quality,1.25,Closed,Device Issue
INC004159,SITE018,2026-08-07,SIP,P2,Mobile,Device Configuration,3.02,Closed,QoS
INC004160,SITE002,2026-05-20,User Configuration,P3,Room Device,Device Configuration,1.73,Resolved,Unknown
INC004161,SITE022,2026-08-04,Codec,P3,Soft Client,Poor Call Quality,5.55,Resolved,Device Issue
INC004162,SITE021,2026-01-22,Registration,P3,Soft Client,Dialing Issue,1.78,Resolved,Network
INC004163,SITE035,2026-02-18,SIP,P4,Soft Client,Device Configuration,0.31,Closed,User Error
INC004164,SITE008,2026-02-13,Device Configuration,P3,Desk Phone,Provisioning Failure,9.42,Closed,Device Issue
INC004165,SITE020,2026-07-10,Network,P4,Desk Phone,Provisioning Failure,11.78,Resolved,Network
INC004166,SITE001,2026-01-10,Provisioning,P3,Desk Phone,No Audio,2.61,In Progress,User Error
INC004167,SITE032,2026-02-01,SIP,P4,Mobile,Registration Failure,5.28,Closed,Configuration
INC004168,SITE035,2026-01-01,Device Configuration,P2,Mobile,One-Way Audio,1.53,Resolved,Provisioning
INC004169,SITE004,2026-05-13,Provisioning,P4,Mobile,Device Configuration,4.05,Closed,User Error
INC004170,SITE001,2026-03-13,UAT,P4,Soft Client,Dialing Issue,8.01,Resolved,Device Issue
INC004171,SITE018,2026-08-03,Call Quality,P3,Desk Phone,No Audio,4.03,Resolved,Network
INC004172,SITE017,2026-03-12,Call Quality,P4,Desk Phone,Dialing Issue,2.04,Open,Device Issue
INC004173,SITE021,2026-03-05,Call Quality,P3,Mobile,Device Configuration,1.44,Open,Provisioning
INC004174,SITE008,2026-06-24,SIP,P3,Mobile,One-Way Audio,0.79,Resolved,Device Issue
INC004175,SITE003,2026-06-02,QoS,P3,Mobile,UAT Failure,8.07,Resolved,Configuration
INC004176,SITE031,2026-04-15,Dial Plan,P2,Soft Client,One-Way Audio,5.67,Open,Provisioning
INC004177,SITE022,2026-07-02,Registration,P4,Room Device,Provisioning Failure,1.73,Resolved,Device Issue
INC004178,SITE010,2026-07-10,Audio,P4,Soft Client,Device Configuration,2.63,Closed,Provisioning
INC004179,SITE026,2026-05-03,Provisioning,P4,Mobile,Dialing Issue,3.16,Resolved,Unknown
INC004180,SITE003,2026-03-31,Registration,P3,Mobile,Device Configuration,1.78,Resolved,Unknown
INC004181,SITE021,2026-07-25,Provisioning,P3,Desk Phone,Device Configuration,3.58,Resolved,Unknown
INC004182,SITE022,2026-01-03,Codec,P1,Mobile,Poor Call Quality,1.48,Resolved,User Error
INC004183,SITE030,2026-01-06,Dial Plan,P3,Room Device,Device Configuration,2.86,Closed,QoS
INC004184,SITE002,2026-08-27,QoS,P3,Room Device,One-Way Audio,5.09,Resolved,QoS
INC004185,SITE029,2026-01-03,UAT,P4,Mobile,Registration Failure,2.99,Resolved,Device Issue
INC004186,SITE002,2026-07-04,Device Configuration,P4,Soft Client,Device Configuration,2.16,Resolved,Device Issue
INC004187,SITE005,2026-07-20,Dial Plan,P3,Mobile,Dialing Issue,2.72,Resolved,Device Issue
INC004188,SITE005,2026-06-24,Registration,P3,Soft Client,UAT Failure,2.37,Resolved,Configuration
INC004189,SITE005,2026-02-02,SIP,P4,Desk Phone,One-Way Audio,3.97,Open,QoS
INC004190,SITE025,2026-06-02,Call Quality,P3,Mobile,Device Configuration,4.48,Resolved,Provisioning
INC004191,SITE031,2026-04-29,Call Quality,P3,Room Device,Poor Call Quality,2.16,Resolved,Network
INC004192,SITE006,2026-05-10,QoS,P4,Room Device,Dialing Issue,2.15,Resolved,Device Issue
INC004193,SITE020,2026-03-09,UAT,P4,Desk Phone,No Audio,3.13,Resolved,Device Issue
INC004194,SITE028,2026-05-22,Dial Plan,P2,Room Device,Registration Failure,6.78,Resolved,Configuration
INC004195,SITE012,2026-01-21,Device Configuration,P4,Soft Client,UAT Failure,1.18,In Progress,QoS
INC004196,SITE027,2026-05-24,Codec,P3,Soft Client,Device Configuration,3.29,In Progress,Unknown
INC004197,SITE006,2026-05-28,UAT,P3,Desk Phone,UAT Failure,1.86,Open,Provisioning
INC004198,SITE005,2026-03-25,QoS,P4,Room Device,No Audio,5.38,Resolved,QoS
INC004199,SITE014,2026-01-30,Device Configuration,P3,Soft Client,No Audio,3.07,Resolved,Provisioning
INC004200,SITE035,2026-03-30,Audio,P3,Desk Phone,No Audio,6.77,Resolved,Configuration
INC004201,SITE033,2026-05-24,SIP,P4,Desk Phone,Registration Failure,2.02,Resolved,Configuration
INC004202,SITE019,2026-06-13,Network,P2,Mobile,No Audio,3.6,Resolved,Configuration
INC004203,SITE012,2026-05-13,Audio,P3,Soft Client,UAT Failure,1.38,Resolved,Provisioning
INC004204,SITE016,2026-08-12,Registration,P2,Mobile,Poor Call Quality,10.63,In Progress,Device Issue
INC004205,SITE034,2026-08-27,Provisioning,P1,Desk Phone,One-Way Audio,1.36,Resolved,Provisioning
INC004206,SITE032,2026-02-11,QoS,P3,Room Device,UAT Failure,9.19,Resolved,Network
INC004207,SITE027,2026-04-08,Registration,P3,Desk Phone,Dialing Issue,5.19,Resolved,User Error
INC004208,SITE027,2026-01-26,Dial Plan,P3,Room Device,Dialing Issue,5.04,Closed,User Error
INC004209,SITE025,2026-07-14,Audio,P3,Mobile,Provisioning Failure,1.55,Resolved,Network
INC004210,SITE031,2026-06-14,User Configuration,P3,Desk Phone,One-Way Audio,3.01,Resolved,User Error
INC004211,SITE021,2026-08-19,UAT,P4,Desk Phone,Poor Call Quality,2.57,Resolved,Unknown
INC004212,SITE025,2026-03-19,UAT,P3,Desk Phone,Poor Call Quality,0.93,Resolved,Provisioning
INC004213,SITE015,2026-02-25,QoS,P4,Room Device,No Audio,6.43,Resolved,Configuration
INC004214,SITE005,2026-08-27,User Configuration,P3,Mobile,One-Way Audio,3.04,Resolved,Device Issue
INC004215,SITE007,2026-01-06,Audio,P4,Soft Client,No Audio,10.57,Open,Network
INC004216,SITE034,2026-03-04,QoS,P3,Mobile,Registration Failure,19.87,Resolved,Configuration
INC004217,SITE015,2026-08-08,Registration,P3,Mobile,No Audio,1.14,Closed,QoS
INC004218,SITE018,2026-08-31,SIP,P3,Mobile,Registration Failure,3.33,Resolved,Network
INC004219,SITE020,2026-05-27,Network,P2,Desk Phone,Registration Failure,4.45,Resolved,Configuration
INC004220,SITE028,2026-04-20,Device Configuration,P2,Room Device,One-Way Audio,7.38,Open,Provisioning
INC004221,SITE020,2026-03-19,Call Quality,P2,Soft Client,UAT Failure,4.42,Resolved,Network
INC004222,SITE001,2026-07-29,Provisioning,P3,Room Device,Registration Failure,1.87,Resolved,Provisioning
INC004223,SITE012,2026-06-10,User Configuration,P3,Soft Client,Device Configuration,5.15,Open,User Error
INC004224,SITE015,2026-08-24,User Configuration,P3,Mobile,No Audio,4.97,Closed,QoS
INC004225,SITE020,2026-03-13,Network,P3,Desk Phone,Dialing Issue,5.09,In Progress,Provisioning
INC004226,SITE010,2026-05-28,SIP,P4,Soft Client,UAT Failure,2.25,Resolved,QoS
INC004227,SITE026,2026-08-12,Codec,P1,Room Device,Dialing Issue,3.13,Resolved,Unknown
INC004228,SITE030,2026-07-02,Provisioning,P4,Desk Phone,Registration Failure,4.32,In Progress,Device Issue
INC004229,SITE024,2026-04-07,Audio,P2,Soft Client,Device Configuration,1.67,In Progress,Unknown
INC004230,SITE027,2026-03-07,QoS,P3,Room Device,Poor Call Quality,1.41,In Progress,Unknown
INC004231,SITE006,2026-02-26,SIP,P3,Mobile,Provisioning Failure,1.78,Resolved,User Error
INC004232,SITE020,2026-07-17,Dial Plan,P2,Mobile,Provisioning Failure,7.17,Open,Provisioning
INC004233,SITE032,2026-08-07,Device Configuration,P3,Room Device,Provisioning Failure,3.69,Resolved,QoS
INC004234,SITE007,2026-01-31,Provisioning,P2,Mobile,Device Configuration,4.98,Open,Network
INC004235,SITE006,2026-02-10,Audio,P3,Soft Client,Poor Call Quality,0.44,Open,Configuration
INC004236,SITE010,2026-02-02,QoS,P3,Soft Client,Provisioning Failure,2.64,Resolved,Device Issue
INC004237,SITE031,2026-06-09,Call Quality,P4,Soft Client,Device Configuration,1.47,Resolved,Configuration
INC004238,SITE033,2026-04-19,UAT,P3,Soft Client,Poor Call Quality,2.45,Resolved,Unknown
INC004239,SITE034,2026-03-09,SIP,P4,Desk Phone,One-Way Audio,1.56,Resolved,Device Issue
INC004240,SITE003,2026-04-14,User Configuration,P3,Room Device,Provisioning Failure,2.64,Resolved,User Error
INC004241,SITE012,2026-06-12,Network,P3,Mobile,UAT Failure,1.3,Resolved,Unknown
INC004242,SITE028,2026-05-05,Registration,P3,Room Device,Poor Call Quality,2.71,Resolved,User Error
INC004243,SITE020,2026-02-22,SIP,P2,Soft Client,Dialing Issue,7.39,Closed,Network
INC004244,SITE023,2026-08-09,Call Quality,P4,Room Device,Provisioning Failure,3.24,In Progress,User Error
INC004245,SITE019,2026-05-27,Dial Plan,P3,Mobile,Device Configuration,3.51,Resolved,User Error
INC004246,SITE027,2026-01-14,Audio,P2,Desk Phone,Dialing Issue,7.22,Resolved,Configuration
INC004247,SITE001,2026-02-10,QoS,P3,Mobile,No Audio,4.41,Resolved,Configuration
INC004248,SITE001,2026-01-20,UAT,P3,Desk Phone,Registration Failure,1.62,Resolved,User Error
INC004249,SITE026,2026-07-12,Codec,P4,Mobile,No Audio,4.25,Closed,User Error
INC004250,SITE018,2026-07-08,Device Configuration,P4,Mobile,Poor Call Quality,3.75,Open,Provisioning
INC004251,SITE035,2026-01-28,UAT,P4,Desk Phone,Device Configuration,2.81,Resolved,Network
INC004252,SITE020,2026-07-21,Registration,P3,Mobile,Registration Failure,2.16,Resolved,Provisioning
INC004253,SITE010,2026-03-22,Provisioning,P3,Mobile,Device Configuration,1.16,Resolved,Unknown
INC004254,SITE014,2026-02-24,QoS,P3,Room Device,Provisioning Failure,0.95,Closed,Configuration
INC004255,SITE031,2026-01-03,Audio,P3,Desk Phone,Provisioning Failure,2.45,Resolved,Network
INC004256,SITE020,2026-02-07,Device Configuration,P3,Soft Client,No Audio,3.99,Closed,QoS
INC004257,SITE001,2026-02-16,Device Configuration,P3,Desk Phone,One-Way Audio,5.55,Resolved,QoS
INC004258,SITE003,2026-03-18,Network,P3,Mobile,No Audio,6.63,In Progress,Provisioning
INC004259,SITE012,2026-04-24,Registration,P4,Room Device,One-Way Audio,2.29,Resolved,Configuration
INC004260,SITE012,2026-06-17,Codec,P4,Desk Phone,No Audio,7.29,Resolved,Unknown
INC004261,SITE028,2026-06-02,Device Configuration,P4,Soft Client,UAT Failure,3.1,Resolved,Provisioning
INC004262,SITE029,2026-06-24,Device Configuration,P4,Soft Client,Dialing Issue,6.37,Resolved,Unknown
INC004263,SITE016,2026-04-30,Registration,P4,Mobile,UAT Failure,2.45,Resolved,Configuration
INC004264,SITE032,2026-07-07,Call Quality,P3,Soft Client,Provisioning Failure,4.54,Closed,Provisioning
INC004265,SITE028,2026-05-18,Dial Plan,P3,Soft Client,Provisioning Failure,4.2,Resolved,Unknown
INC004266,SITE008,2026-03-27,Call Quality,P3,Mobile,Device Configuration,4.01,Resolved,Unknown
INC004267,SITE011,2026-02-14,User Configuration,P3,Mobile,UAT Failure,5.35,Open,Device Issue
INC004268,SITE004,2026-03-21,SIP,P2,Room Device,UAT Failure,2.39,Closed,Device Issue
INC004269,SITE029,2026-04-27,UAT,P3,Mobile,Provisioning Failure,2.12,Open,Provisioning
INC004270,SITE031,2026-03-09,SIP,P3,Mobile,Dialing Issue,3.88,In Progress,Configuration
INC004271,SITE011,2026-05-01,QoS,P1,Mobile,Provisioning Failure,2.91,Closed,QoS
INC004272,SITE022,2026-07-22,Provisioning,P3,Desk Phone,Registration Failure,1.21,Resolved,Unknown
INC004273,SITE002,2026-02-02,Codec,P4,Desk Phone,Poor Call Quality,2.54,Closed,Network
INC004274,SITE033,2026-02-13,User Configuration,P4,Mobile,One-Way Audio,7.83,In Progress,Configuration
INC004275,SITE018,2026-03-22,Audio,P3,Room Device,UAT Failure,1.07,Open,Configuration
INC004276,SITE022,2026-04-25,Audio,P3,Soft Client,Provisioning Failure,8.99,Resolved,Device Issue
INC004277,SITE030,2026-06-18,Codec,P3,Mobile,Dialing Issue,5.19,Closed,Network
INC004278,SITE001,2026-04-05,Device Configuration,P2,Mobile,Device Configuration,8.06,Resolved,Network
INC004279,SITE014,2026-07-13,Codec,P4,Soft Client,No Audio,0.97,In Progress,Configuration
INC004280,SITE016,2026-07-19,Network,P3,Soft Client,Dialing Issue,3.98,Open,Provisioning
INC004281,SITE006,2026-05-25,Provisioning,P2,Room Device,UAT Failure,10.87,Closed,Network
INC004282,SITE027,2026-08-05,Network,P3,Mobile,Registration Failure,3.16,Resolved,Unknown
INC004283,SITE025,2026-06-08,Codec,P3,Room Device,Provisioning Failure,1.44,Resolved,Network
INC004284,SITE010,2026-02-10,Dial Plan,P3,Desk Phone,Poor Call Quality,1.04,Resolved,Provisioning
INC004285,SITE025,2026-07-03,Call Quality,P3,Soft Client,Provisioning Failure,9.9,Open,Provisioning
INC004286,SITE025,2026-06-13,Network,P4,Soft Client,Provisioning Failure,1.92,Resolved,Network
INC004287,SITE024,2026-03-25,User Configuration,P4,Room Device,UAT Failure,2.97,Resolved,Configuration
INC004288,SITE021,2026-06-15,Audio,P3,Soft Client,Device Configuration,1.12,Resolved,Provisioning
INC004289,SITE005,2026-02-10,SIP,P4,Desk Phone,UAT Failure,1.37,In Progress,Network
INC004290,SITE019,2026-08-25,Registration,P3,Desk Phone,One-Way Audio,3.96,In Progress,User Error
INC004291,SITE022,2026-05-18,UAT,P2,Soft Client,Registration Failure,4.49,Resolved,Provisioning
INC004292,SITE013,2026-05-19,User Configuration,P3,Desk Phone,Registration Failure,0.73,Resolved,QoS
INC004293,SITE020,2026-02-01,SIP,P3,Soft Client,No Audio,5.27,Resolved,Unknown
INC004294,SITE032,2026-01-06,Dial Plan,P3,Room Device,Device Configuration,3.26,Closed,Device Issue
INC004295,SITE035,2026-07-07,Call Quality,P3,Soft Client,UAT Failure,6.11,In Progress,Configuration
INC004296,SITE001,2026-04-04,Device Configuration,P2,Room Device,Poor Call Quality,2.97,Closed,Network
INC004297,SITE030,2026-01-14,Codec,P4,Desk Phone,Device Configuration,3.6,Resolved,User Error
INC004298,SITE005,2026-01-01,UAT,P3,Mobile,Provisioning Failure,4.0,Resolved,Unknown
INC004299,SITE028,2026-01-31,Provisioning,P3,Room Device,Dialing Issue,3.78,Resolved,Configuration
INC004300,SITE014,2026-07-28,User Configuration,P3,Desk Phone,One-Way Audio,2.39,Closed,Network
INC004301,SITE033,2026-05-21,Call Quality,P4,Soft Client,No Audio,1.74,Resolved,Provisioning
INC004302,SITE022,2026-07-28,Device Configuration,P2,Soft Client,UAT Failure,3.85,Open,Configuration
INC004303,SITE033,2026-07-05,QoS,P4,Desk Phone,Provisioning Failure,8.58,Resolved,Unknown
INC004304,SITE034,2026-03-19,Registration,P3,Soft Client,UAT Failure,1.46,Open,Configuration
INC004305,SITE014,2026-08-20,Network,P1,Mobile,UAT Failure,1.54,Resolved,Provisioning
INC004306,SITE021,2026-04-02,Registration,P3,Soft Client,Device Configuration,0.79,Resolved,Device Issue
INC004307,SITE004,2026-08-30,Audio,P4,Soft Client,Device Configuration,8.58,Resolved,QoS
INC004308,SITE025,2026-07-02,Call Quality,P4,Soft Client,One-Way Audio,1.12,Resolved,Provisioning
INC004309,SITE002,2026-03-27,Provisioning,P3,Soft Client,UAT Failure,2.66,Resolved,Provisioning
INC004310,SITE012,2026-04-14,Codec,P1,Desk Phone,UAT Failure,4.66,Closed,Configuration
INC004311,SITE016,2026-06-05,Provisioning,P3,Soft Client,Provisioning Failure,8.76,In Progress,User Error
INC004312,SITE015,2026-04-10,Network,P3,Mobile,Registration Failure,8.91,Resolved,Device Issue
INC004313,SITE017,2026-08-24,Network,P3,Desk Phone,Provisioning Failure,2.89,Resolved,Provisioning
INC004314,SITE011,2026-05-04,Registration,P3,Desk Phone,Registration Failure,4.83,In Progress,QoS
INC004315,SITE010,2026-03-02,Provisioning,P3,Room Device,Device Configuration,1.86,In Progress,User Error
INC004316,SITE001,2026-04-26,User Configuration,P3,Room Device,Provisioning Failure,1.41,Resolved,User Error
INC004317,SITE009,2026-08-19,Call Quality,P4,Soft Client,One-Way Audio,3.73,Resolved,Unknown
INC004318,SITE034,2026-01-15,User Configuration,P4,Mobile,Device Configuration,0.83,Resolved,Unknown
INC004319,SITE002,2026-04-14,SIP,P3,Soft Client,No Audio,2.59,Resolved,QoS
INC004320,SITE024,2026-05-03,Codec,P3,Desk Phone,Registration Failure,2.15,Resolved,Device Issue
INC004321,SITE003,2026-05-15,Audio,P4,Soft Client,Poor Call Quality,4.76,Resolved,Device Issue
INC004322,SITE024,2026-06-09,Provisioning,P2,Soft Client,UAT Failure,1.43,Open,Network
INC004323,SITE011,2026-04-18,Dial Plan,P3,Soft Client,Poor Call Quality,2.8,In Progress,Device Issue
INC004324,SITE010,2026-07-17,SIP,P3,Mobile,Dialing Issue,2.89,Resolved,User Error
INC004325,SITE024,2026-02-16,Codec,P4,Mobile,UAT Failure,2.13,Resolved,User Error
INC004326,SITE007,2026-04-15,Audio,P2,Room Device,Dialing Issue,3.48,Resolved,User Error
INC004327,SITE006,2026-03-13,QoS,P3,Desk Phone,No Audio,11.46,Resolved,Unknown
INC004328,SITE013,2026-08-22,UAT,P2,Room Device,Provisioning Failure,1.49,Resolved,Unknown
INC004329,SITE017,2026-01-03,Audio,P3,Desk Phone,One-Way Audio,2.25,Resolved,QoS
INC004330,SITE027,2026-01-21,Provisioning,P3,Soft Client,Poor Call Quality,3.97,In Progress,Network
INC004331,SITE013,2026-03-28,Call Quality,P3,Room Device,One-Way Audio,1.74,Resolved,Unknown
INC004332,SITE011,2026-05-26,Audio,P4,Desk Phone,Provisioning Failure,1.58,Open,Device Issue
INC004333,SITE018,2026-04-12,SIP,P3,Soft Client,Poor Call Quality,2.89,Resolved,QoS
INC004334,SITE005,2026-01-16,Provisioning,P3,Soft Client,No Audio,1.49,Resolved,QoS
INC004335,SITE013,2026-04-13,Audio,P4,Room Device,No Audio,2.74,In Progress,Configuration
INC004336,SITE016,2026-03-13,SIP,P3,Desk Phone,UAT Failure,1.17,Resolved,Network
INC004337,SITE015,2026-08-14,Dial Plan,P4,Soft Client,Poor Call Quality,0.95,In Progress,User Error
INC004338,SITE028,2026-01-13,Codec,P3,Room Device,One-Way Audio,2.31,Open,Configuration
INC004339,SITE009,2026-06-20,User Configuration,P2,Soft Client,One-Way Audio,1.06,In Progress,Unknown
INC004340,SITE015,2026-07-19,SIP,P4,Room Device,Provisioning Failure,3.8,Resolved,Device Issue
INC004341,SITE004,2026-04-30,Call Quality,P3,Soft Client,No Audio,3.83,Resolved,Provisioning
INC004342,SITE018,2026-01-25,Audio,P3,Room Device,Provisioning Failure,3.21,Resolved,User Error
INC004343,SITE005,2026-05-31,Network,P2,Room Device,Registration Failure,5.19,Resolved,Network
INC004344,SITE028,2026-07-06,Device Configuration,P4,Soft Client,One-Way Audio,8.31,Resolved,Network
INC004345,SITE005,2026-02-03,Codec,P2,Desk Phone,Device Configuration,2.53,Resolved,Configuration
INC004346,SITE030,2026-05-01,Device Configuration,P3,Room Device,UAT Failure,2.36,In Progress,User Error
INC004347,SITE017,2026-03-22,Registration,P3,Desk Phone,UAT Failure,1.54,Resolved,Unknown
INC004348,SITE031,2026-03-12,UAT,P3,Soft Client,Provisioning Failure,3.76,Resolved,User Error
INC004349,SITE010,2026-02-12,UAT,P3,Soft Client,No Audio,2.57,Open,Device Issue
INC004350,SITE002,2026-04-23,Provisioning,P4,Soft Client,No Audio,2.53,Resolved,User Error
INC004351,SITE008,2026-06-02,Audio,P3,Room Device,One-Way Audio,2.95,Resolved,Configuration
INC004352,SITE019,2026-02-10,SIP,P3,Desk Phone,One-Way Audio,8.33,Resolved,Device Issue
INC004353,SITE027,2026-07-02,UAT,P3,Mobile,Dialing Issue,5.99,Resolved,Network
INC004354,SITE007,2026-02-13,User Configuration,P3,Desk Phone,Registration Failure,3.24,Resolved,Provisioning
INC004355,SITE003,2026-06-08,Provisioning,P4,Desk Phone,UAT Failure,3.15,Closed,QoS
INC004356,SITE030,2026-03-26,Network,P4,Desk Phone,UAT Failure,6.32,In Progress,User Error
INC004357,SITE021,2026-07-26,UAT,P3,Mobile,Registration Failure,7.05,Closed,QoS
INC004358,SITE021,2026-05-05,Audio,P2,Desk Phone,Poor Call Quality,2.55,Resolved,Provisioning
INC004359,SITE023,2026-01-11,Network,P4,Mobile,Poor Call Quality,4.1,Closed,Device Issue
INC004360,SITE017,2026-01-29,QoS,P3,Room Device,One-Way Audio,6.98,Resolved,Network
INC004361,SITE007,2026-03-23,Dial Plan,P3,Soft Client,UAT Failure,2.85,Resolved,Device Issue
INC004362,SITE030,2026-04-17,UAT,P1,Room Device,Registration Failure,3.51,Open,Provisioning
INC004363,SITE034,2026-01-01,Registration,P3,Soft Client,UAT Failure,3.64,Resolved,Configuration
INC004364,SITE023,2026-04-03,Call Quality,P4,Mobile,Device Configuration,0.91,Resolved,Device Issue
INC004365,SITE003,2026-02-24,Codec,P3,Room Device,UAT Failure,1.84,Open,Provisioning
INC004366,SITE032,2026-08-26,Dial Plan,P3,Mobile,One-Way Audio,6.01,Resolved,Unknown
INC004367,SITE002,2026-06-23,Call Quality,P3,Desk Phone,One-Way Audio,1.56,Resolved,Unknown
INC004368,SITE034,2026-07-16,Audio,P3,Mobile,UAT Failure,8.42,Closed,Network
INC004369,SITE017,2026-03-01,UAT,P3,Soft Client,Poor Call Quality,5.72,Resolved,Unknown
INC004370,SITE018,2026-07-09,Network,P4,Soft Client,No Audio,2.45,Resolved,Network
INC004371,SITE016,2026-03-08,User Configuration,P3,Desk Phone,One-Way Audio,2.57,Resolved,Provisioning
INC004372,SITE003,2026-02-19,User Configuration,P3,Desk Phone,Provisioning Failure,7.1,Resolved,User Error
INC004373,SITE034,2026-01-22,SIP,P3,Room Device,Dialing Issue,4.51,In Progress,QoS
INC004374,SITE012,2026-07-01,Registration,P4,Soft Client,Dialing Issue,4.24,Closed,Device Issue
INC004375,SITE028,2026-02-15,Codec,P3,Desk Phone,One-Way Audio,1.51,In Progress,Provisioning
INC004376,SITE002,2026-02-19,Registration,P3,Room Device,UAT Failure,2.0,Closed,User Error
INC004377,SITE035,2026-03-21,User Configuration,P4,Mobile,Device Configuration,2.91,Resolved,QoS
INC004378,SITE023,2026-08-12,SIP,P2,Desk Phone,Registration Failure,5.5,Open,User Error
INC004379,SITE004,2026-03-31,User Configuration,P3,Mobile,Provisioning Failure,3.85,Resolved,Provisioning
INC004380,SITE008,2026-04-16,User Configuration,P3,Desk Phone,Poor Call Quality,2.96,In Progress,QoS
INC004381,SITE021,2026-01-05,Registration,P2,Soft Client,Device Configuration,4.58,Closed,Configuration
INC004382,SITE026,2026-07-22,Device Configuration,P2,Mobile,Dialing Issue,3.35,Closed,QoS
INC004383,SITE015,2026-08-05,Call Quality,P4,Room Device,Poor Call Quality,4.58,In Progress,Device Issue
INC004384,SITE014,2026-01-13,UAT,P3,Room Device,Provisioning Failure,1.19,Open,Unknown
INC004385,SITE021,2026-03-14,QoS,P3,Desk Phone,Device Configuration,4.39,Resolved,User Error
INC004386,SITE027,2026-06-04,Call Quality,P2,Room Device,Dialing Issue,7.28,In Progress,Unknown
INC004387,SITE007,2026-05-14,QoS,P4,Soft Client,Poor Call Quality,6.85,Resolved,QoS
INC004388,SITE010,2026-07-24,UAT,P4,Desk Phone,Registration Failure,10.5,Resolved,Device Issue
INC004389,SITE033,2026-07-11,Registration,P3,Mobile,No Audio,2.58,Resolved,Network
INC004390,SITE030,2026-08-08,Dial Plan,P4,Soft Client,Provisioning Failure,2.18,Resolved,Configuration
INC004391,SITE007,2026-06-30,Device Configuration,P2,Mobile,Device Configuration,2.05,In Progress,Provisioning
INC004392,SITE015,2026-03-03,Dial Plan,P3,Mobile,Registration Failure,4.23,Resolved,Device Issue
INC004393,SITE015,2026-08-22,QoS,P3,Room Device,Device Configuration,3.64,Closed,Network
INC004394,SITE033,2026-08-17,QoS,P2,Mobile,No Audio,5.48,Open,Provisioning
INC004395,SITE027,2026-03-06,Codec,P3,Mobile,One-Way Audio,9.99,Open,QoS
INC004396,SITE018,2026-02-07,Call Quality,P2,Room Device,Provisioning Failure,3.18,Open,QoS
INC004397,SITE027,2026-05-09,Registration,P3,Room Device,One-Way Audio,3.81,Resolved,User Error
INC004398,SITE015,2026-07-18,Registration,P3,Mobile,Registration Failure,7.27,Resolved,Device Issue
INC004399,SITE012,2026-05-06,User Configuration,P3,Soft Client,No Audio,2.71,Open,QoS
INC004400,SITE033,2026-02-07,Network,P3,Desk Phone,Provisioning Failure,2.88,Resolved,User Error
INC004401,SITE019,2026-08-27,QoS,P3,Desk Phone,No Audio,1.38,Resolved,Device Issue
INC004402,SITE035,2026-04-16,Device Configuration,P4,Desk Phone,UAT Failure,2.09,Resolved,Unknown
INC004403,SITE033,2026-04-18,User Configuration,P4,Desk Phone,Device Configuration,4.49,In Progress,Device Issue
INC004404,SITE031,2026-06-10,Dial Plan,P3,Soft Client,Registration Failure,12.1,Resolved,Unknown
INC004405,SITE035,2026-08-19,Device Configuration,P3,Soft Client,UAT Failure,2.87,Resolved,Unknown
INC004406,SITE035,2026-05-23,QoS,P3,Desk Phone,Poor Call Quality,4.53,Resolved,User Error
INC004407,SITE033,2026-03-17,Provisioning,P3,Room Device,No Audio,2.82,Resolved,Unknown
INC004408,SITE014,2026-04-23,Codec,P3,Soft Client,UAT Failure,0.79,Resolved,QoS
INC004409,SITE003,2026-01-02,Codec,P3,Room Device,No Audio,1.21,In Progress,Unknown
INC004410,SITE010,2026-03-09,Network,P2,Desk Phone,Registration Failure,5.61,In Progress,Unknown
INC004411,SITE018,2026-04-22,Dial Plan,P3,Desk Phone,Registration Failure,2.67,Resolved,Network
INC004412,SITE031,2026-08-12,Device Configuration,P3,Desk Phone,Provisioning Failure,5.12,Open,User Error
INC004413,SITE010,2026-07-29,Codec,P4,Mobile,Device Configuration,4.49,Resolved,Network
INC004414,SITE016,2026-04-01,QoS,P4,Soft Client,Poor Call Quality,4.6,Resolved,User Error
INC004415,SITE014,2026-05-28,Audio,P3,Soft Client,Registration Failure,1.81,Closed,Unknown
INC004416,SITE017,2026-02-01,Codec,P2,Room Device,Dialing Issue,3.93,In Progress,Network
INC004417,SITE032,2026-07-23,SIP,P3,Soft Client,Device Configuration,7.79,Resolved,Device Issue
INC004418,SITE017,2026-06-28,Network,P3,Room Device,Device Configuration,4.15,Resolved,Configuration
INC004419,SITE003,2026-08-26,Network,P3,Desk Phone,Device Configuration,9.38,In Progress,Unknown
INC004420,SITE029,2026-05-28,User Configuration,P3,Desk Phone,Dialing Issue,4.46,In Progress,Provisioning
INC004421,SITE009,2026-06-02,QoS,P3,Mobile,No Audio,5.68,Resolved,User Error
INC004422,SITE003,2026-01-22,Registration,P3,Mobile,Dialing Issue,6.55,Resolved,Provisioning
INC004423,SITE034,2026-08-31,Audio,P3,Mobile,Device Configuration,2.09,Resolved,Unknown
INC004424,SITE015,2026-05-14,User Configuration,P3,Soft Client,One-Way Audio,7.54,Closed,Unknown
INC004425,SITE031,2026-04-30,Network,P3,Desk Phone,UAT Failure,2.38,Resolved,Unknown
INC004426,SITE013,2026-03-10,Codec,P4,Room Device,Poor Call Quality,7.63,Resolved,Unknown
INC004427,SITE008,2026-02-06,Codec,P2,Room Device,No Audio,1.28,Resolved,Unknown
INC004428,SITE010,2026-08-10,Call Quality,P3,Room Device,No Audio,5.59,Closed,Network
INC004429,SITE010,2026-04-13,Registration,P4,Soft Client,One-Way Audio,1.49,Resolved,QoS
INC004430,SITE025,2026-04-17,UAT,P2,Desk Phone,Poor Call Quality,2.16,Resolved,Provisioning
INC004431,SITE003,2026-08-12,Network,P3,Soft Client,UAT Failure,2.69,Resolved,Device Issue
INC004432,SITE004,2026-06-13,Audio,P3,Room Device,Device Configuration,12.18,Resolved,QoS
INC004433,SITE031,2026-03-26,User Configuration,P3,Soft Client,Device Configuration,2.13,In Progress,User Error
INC004434,SITE016,2026-05-30,Provisioning,P2,Desk Phone,No Audio,3.61,In Progress,Device Issue
INC004435,SITE001,2026-04-20,SIP,P3,Soft Client,One-Way Audio,4.2,Resolved,Network
INC004436,SITE011,2026-06-09,Registration,P3,Soft Client,No Audio,2.3,Resolved,Provisioning
INC004437,SITE019,2026-02-09,Network,P3,Desk Phone,Provisioning Failure,4.87,Resolved,Device Issue
INC004438,SITE017,2026-08-12,User Configuration,P3,Desk Phone,No Audio,3.73,Closed,Configuration
INC004439,SITE006,2026-05-03,Device Configuration,P2,Soft Client,Device Configuration,1.96,Resolved,Unknown
INC004440,SITE024,2026-07-28,Provisioning,P3,Mobile,No Audio,5.19,Closed,Unknown
INC004441,SITE032,2026-06-27,Dial Plan,P3,Mobile,Provisioning Failure,8.34,Resolved,Network
INC004442,SITE031,2026-04-09,Audio,P3,Mobile,Provisioning Failure,3.56,Resolved,Configuration
INC004443,SITE029,2026-02-21,Audio,P3,Room Device,One-Way Audio,3.44,Closed,Configuration
INC004444,SITE032,2026-06-22,Registration,P2,Soft Client,Dialing Issue,2.66,In Progress,QoS
INC004445,SITE034,2026-06-27,Audio,P3,Mobile,UAT Failure,3.4,Resolved,Unknown
INC004446,SITE019,2026-05-26,Call Quality,P3,Room Device,No Audio,1.93,Resolved,Configuration
INC004447,SITE005,2026-01-05,QoS,P3,Desk Phone,No Audio,3.41,Resolved,Configuration
INC004448,SITE030,2026-04-25,User Configuration,P3,Soft Client,Provisioning Failure,4.5,Open,QoS
INC004449,SITE016,2026-06-25,Codec,P4,Desk Phone,UAT Failure,7.87,Open,Configuration
INC004450,SITE017,2026-07-02,Registration,P3,Mobile,No Audio,5.07,Resolved,Network
INC004451,SITE015,2026-03-05,Call Quality,P3,Room Device,No Audio,6.23,In Progress,Network
INC004452,SITE026,2026-02-27,UAT,P4,Soft Client,Poor Call Quality,1.32,Resolved,Unknown
INC004453,SITE017,2026-04-16,QoS,P3,Desk Phone,One-Way Audio,2.06,Closed,QoS
INC004454,SITE026,2026-01-26,Codec,P1,Room Device,Provisioning Failure,5.68,Open,QoS
INC004455,SITE020,2026-02-23,User Configuration,P4,Soft Client,Provisioning Failure,3.44,Resolved,QoS
INC004456,SITE035,2026-08-14,Device Configuration,P3,Soft Client,UAT Failure,4.9,Resolved,Unknown
INC004457,SITE026,2026-04-11,Call Quality,P3,Soft Client,Registration Failure,0.46,Resolved,Device Issue
INC004458,SITE034,2026-04-01,UAT,P2,Room Device,Provisioning Failure,5.4,Resolved,Network
INC004459,SITE012,2026-01-20,Audio,P3,Soft Client,Poor Call Quality,1.04,Open,Network
INC004460,SITE031,2026-01-14,Call Quality,P1,Soft Client,Registration Failure,7.33,Closed,Configuration
INC004461,SITE035,2026-06-11,Network,P4,Desk Phone,One-Way Audio,15.89,Resolved,Configuration
INC004462,SITE007,2026-08-30,QoS,P4,Room Device,Registration Failure,1.35,In Progress,Unknown
INC004463,SITE019,2026-08-21,Codec,P3,Desk Phone,One-Way Audio,2.6,Resolved,Network
INC004464,SITE020,2026-05-03,Dial Plan,P3,Mobile,One-Way Audio,2.01,Open,Configuration
INC004465,SITE025,2026-01-08,Audio,P3,Desk Phone,Poor Call Quality,4.31,Resolved,Device Issue
INC004466,SITE025,2026-04-03,Codec,P3,Soft Client,Registration Failure,1.85,Resolved,QoS
INC004467,SITE019,2026-08-30,Provisioning,P3,Soft Client,No Audio,2.67,Resolved,Network
INC004468,SITE025,2026-06-17,Registration,P3,Room Device,Registration Failure,1.29,Open,Provisioning
INC004469,SITE025,2026-06-15,Call Quality,P3,Desk Phone,Registration Failure,4.94,Resolved,Configuration
INC004470,SITE005,2026-06-16,Network,P3,Soft Client,Provisioning Failure,3.0,Open,Configuration
INC004471,SITE026,2026-07-13,UAT,P3,Room Device,No Audio,1.51,Resolved,Device Issue
INC004472,SITE019,2026-02-20,Dial Plan,P4,Mobile,Poor Call Quality,2.03,Resolved,QoS
INC004473,SITE022,2026-06-10,QoS,P3,Soft Client,One-Way Audio,1.87,Resolved,Configuration
INC004474,SITE034,2026-02-21,Device Configuration,P3,Room Device,Poor Call Quality,4.35,In Progress,Network
INC004475,SITE006,2026-07-16,Call Quality,P1,Room Device,No Audio,4.09,Closed,Device Issue
INC004476,SITE028,2026-01-22,Registration,P3,Room Device,Device Configuration,3.01,Resolved,Provisioning
INC004477,SITE011,2026-05-03,Device Configuration,P4,Room Device,Provisioning Failure,5.07,Resolved,User Error
INC004478,SITE019,2026-06-05,Audio,P2,Room Device,Dialing Issue,2.54,Resolved,QoS
INC004479,SITE021,2026-04-29,Network,P1,Desk Phone,Provisioning Failure,6.96,Resolved,Network
INC004480,SITE002,2026-05-12,SIP,P3,Desk Phone,Dialing Issue,4.08,Resolved,Configuration
INC004481,SITE027,2026-01-18,Codec,P4,Room Device,Poor Call Quality,1.6,Resolved,Network
INC004482,SITE035,2026-05-01,Audio,P4,Room Device,Poor Call Quality,4.59,Closed,Unknown
INC004483,SITE024,2026-01-22,Provisioning,P3,Mobile,Poor Call Quality,15.59,Resolved,Provisioning
INC004484,SITE035,2026-07-29,Dial Plan,P3,Desk Phone,UAT Failure,3.55,Resolved,Provisioning
INC004485,SITE033,2026-02-19,Device Configuration,P4,Mobile,No Audio,3.94,In Progress,Unknown
INC004486,SITE001,2026-03-11,Call Quality,P3,Soft Client,Provisioning Failure,6.62,Resolved,Provisioning
INC004487,SITE002,2026-01-26,Dial Plan,P2,Mobile,Provisioning Failure,2.71,Resolved,QoS
INC004488,SITE028,2026-07-28,Provisioning,P2,Room Device,Dialing Issue,1.9,Closed,Device Issue
INC004489,SITE029,2026-05-10,Call Quality,P3,Mobile,No Audio,2.24,Open,Provisioning
INC004490,SITE028,2026-03-23,Codec,P3,Soft Client,Dialing Issue,2.75,Resolved,Network
INC004491,SITE027,2026-01-10,Call Quality,P2,Desk Phone,Registration Failure,1.74,Open,Device Issue
INC004492,SITE016,2026-05-18,SIP,P3,Soft Client,Device Configuration,4.21,In Progress,QoS
INC004493,SITE003,2026-07-30,SIP,P4,Soft Client,No Audio,14.58,Closed,Unknown
INC004494,SITE003,2026-04-18,Provisioning,P2,Soft Client,One-Way Audio,6.04,Open,Network
INC004495,SITE030,2026-03-01,Audio,P4,Desk Phone,Dialing Issue,2.78,In Progress,Device Issue
INC004496,SITE031,2026-04-29,UAT,P3,Room Device,UAT Failure,3.11,Resolved,Configuration
INC004497,SITE018,2026-05-20,Codec,P2,Soft Client,Device Configuration,2.13,Resolved,QoS
INC004498,SITE007,2026-02-20,Codec,P3,Soft Client,No Audio,6.8,Closed,Configuration
INC004499,SITE023,2026-02-07,User Configuration,P3,Soft Client,Dialing Issue,6.8,Resolved,Device Issue
INC004500,SITE027,2026-06-14,Call Quality,P4,Soft Client,No Audio,3.32,Resolved,QoS
INC004501,SITE004,2026-08-26,QoS,P2,Soft Client,UAT Failure,4.03,In Progress,Network
INC004502,SITE030,2026-08-18,QoS,P2,Desk Phone,One-Way Audio,5.44,In Progress,User Error
INC004503,SITE002,2026-03-02,SIP,P4,Soft Client,Dialing Issue,4.7,Resolved,Configuration
INC004504,SITE028,2026-03-21,Codec,P3,Desk Phone,UAT Failure,3.17,Resolved,Unknown
INC004505,SITE019,2026-07-14,Provisioning,P3,Mobile,Registration Failure,3.31,Resolved,QoS
INC004506,SITE010,2026-06-08,SIP,P3,Soft Client,Device Configuration,5.23,Resolved,Provisioning
INC004507,SITE013,2026-03-06,Dial Plan,P2,Desk Phone,No Audio,2.21,Open,Configuration
INC004508,SITE034,2026-04-18,Provisioning,P4,Desk Phone,Device Configuration,3.02,Resolved,Configuration
INC004509,SITE023,2026-02-20,SIP,P3,Mobile,Provisioning Failure,2.14,Resolved,Provisioning
INC004510,SITE020,2026-03-01,Network,P3,Soft Client,Provisioning Failure,2.34,In Progress,Provisioning
INC004511,SITE013,2026-03-01,Provisioning,P3,Desk Phone,Device Configuration,2.23,Resolved,Network
INC004512,SITE033,2026-02-01,Call Quality,P3,Mobile,Poor Call Quality,3.77,Resolved,Device Issue
INC004513,SITE012,2026-08-11,Device Configuration,P3,Soft Client,Dialing Issue,4.49,In Progress,QoS
INC004514,SITE011,2026-01-06,Device Configuration,P4,Mobile,UAT Failure,5.2,Resolved,User Error
INC004515,SITE010,2026-05-08,Registration,P4,Desk Phone,One-Way Audio,1.6,Resolved,Network
INC004516,SITE020,2026-06-21,SIP,P3,Soft Client,Dialing Issue,0.74,Open,Configuration
INC004517,SITE004,2026-03-06,User Configuration,P4,Room Device,One-Way Audio,1.25,In Progress,Device Issue
INC004518,SITE007,2026-07-04,SIP,P4,Desk Phone,Device Configuration,2.96,Resolved,Unknown
INC004519,SITE013,2026-04-21,Registration,P3,Mobile,Registration Failure,1.73,Open,Device Issue
INC004520,SITE025,2026-07-20,UAT,P3,Soft Client,No Audio,2.75,Resolved,QoS
INC004521,SITE033,2026-07-21,UAT,P4,Room Device,Dialing Issue,0.76,Resolved,QoS
INC004522,SITE011,2026-05-21,Call Quality,P4,Mobile,Poor Call Quality,2.61,Open,Provisioning
INC004523,SITE003,2026-04-26,QoS,P3,Room Device,Device Configuration,3.45,Resolved,Provisioning
INC004524,SITE028,2026-07-18,Provisioning,P3,Soft Client,One-Way Audio,11.58,Closed,Network
INC004525,SITE016,2026-05-08,UAT,P2,Mobile,Registration Failure,9.67,Resolved,Network
INC004526,SITE011,2026-06-02,Network,P3,Room Device,One-Way Audio,0.82,Resolved,Configuration
INC004527,SITE018,2026-01-26,SIP,P3,Desk Phone,No Audio,7.17,In Progress,User Error
INC004528,SITE026,2026-02-08,Provisioning,P4,Room Device,UAT Failure,3.19,Closed,User Error
INC004529,SITE028,2026-05-19,Codec,P4,Soft Client,Registration Failure,0.79,Resolved,User Error
INC004530,SITE030,2026-08-22,Registration,P3,Mobile,Dialing Issue,4.07,In Progress,Unknown
INC004531,SITE017,2026-07-14,Network,P3,Room Device,Poor Call Quality,1.0,Open,QoS
INC004532,SITE005,2026-03-11,Call Quality,P3,Soft Client,No Audio,3.34,Resolved,Network
INC004533,SITE024,2026-08-26,Network,P4,Desk Phone,Provisioning Failure,3.15,Resolved,Provisioning
INC004534,SITE030,2026-08-03,Call Quality,P3,Room Device,Dialing Issue,4.74,Closed,Network
INC004535,SITE002,2026-04-15,Registration,P3,Desk Phone,Provisioning Failure,3.72,Closed,Unknown
INC004536,SITE025,2026-04-07,SIP,P3,Room Device,Poor Call Quality,4.52,Open,Unknown
INC004537,SITE029,2026-02-24,QoS,P3,Desk Phone,UAT Failure,2.81,In Progress,Configuration
INC004538,SITE031,2026-03-14,QoS,P3,Room Device,Registration Failure,3.21,Resolved,Configuration
INC004539,SITE008,2026-04-06,Dial Plan,P3,Room Device,UAT Failure,3.56,Open,Unknown
INC004540,SITE008,2026-05-12,Audio,P4,Desk Phone,One-Way Audio,1.7,Resolved,User Error
INC004541,SITE004,2026-05-26,User Configuration,P3,Soft Client,Dialing Issue,9.13,Open,QoS
INC004542,SITE002,2026-02-24,Registration,P2,Room Device,Dialing Issue,0.97,Resolved,Network
INC004543,SITE032,2026-03-25,Registration,P2,Soft Client,Poor Call Quality,25.38,Resolved,Configuration
INC004544,SITE022,2026-06-18,Device Configuration,P4,Mobile,Registration Failure,1.55,Closed,Unknown
INC004545,SITE008,2026-01-19,Device Configuration,P4,Desk Phone,Provisioning Failure,3.89,Resolved,Network
INC004546,SITE034,2026-07-05,Provisioning,P3,Soft Client,Provisioning Failure,1.43,Closed,Configuration
INC004547,SITE030,2026-08-30,Codec,P3,Mobile,Registration Failure,4.99,Resolved,Unknown
INC004548,SITE005,2026-02-22,UAT,P3,Mobile,Dialing Issue,3.42,Resolved,Unknown
INC004549,SITE020,2026-08-30,Dial Plan,P3,Room Device,Device Configuration,2.93,Resolved,Network
INC004550,SITE023,2026-05-01,Audio,P2,Room Device,Provisioning Failure,18.44,Resolved,Network
INC004551,SITE004,2026-07-14,Device Configuration,P3,Room Device,Device Configuration,1.62,Open,Network
INC004552,SITE019,2026-02-24,Device Configuration,P4,Mobile,One-Way Audio,8.88,Resolved,Configuration
INC004553,SITE002,2026-01-06,Provisioning,P3,Room Device,Registration Failure,1.73,Closed,Unknown
INC004554,SITE008,2026-08-24,Network,P3,Soft Client,Poor Call Quality,9.44,Resolved,Configuration
INC004555,SITE034,2026-08-18,SIP,P2,Soft Client,Dialing Issue,5.75,Resolved,Network
INC004556,SITE026,2026-05-13,Dial Plan,P4,Mobile,Provisioning Failure,13.07,Resolved,User Error
INC004557,SITE002,2026-01-19,Device Configuration,P3,Soft Client,Poor Call Quality,4.12,Resolved,Configuration
INC004558,SITE033,2026-03-24,Provisioning,P4,Mobile,Registration Failure,2.67,Resolved,Network
INC004559,SITE013,2026-07-18,Audio,P3,Mobile,One-Way Audio,1.38,Closed,Provisioning
INC004560,SITE017,2026-06-15,User Configuration,P3,Room Device,No Audio,6.1,Resolved,Configuration
INC004561,SITE029,2026-03-09,Dial Plan,P2,Desk Phone,Registration Failure,1.45,In Progress,Unknown
INC004562,SITE026,2026-07-18,Provisioning,P4,Soft Client,One-Way Audio,5.16,Resolved,Network
INC004563,SITE022,2026-08-02,User Configuration,P4,Soft Client,UAT Failure,2.25,Resolved,QoS
INC004564,SITE001,2026-08-24,Network,P3,Desk Phone,Provisioning Failure,3.17,Resolved,QoS
INC004565,SITE009,2026-05-13,SIP,P4,Desk Phone,Provisioning Failure,3.85,Resolved,Configuration
INC004566,SITE022,2026-03-10,Audio,P3,Mobile,Device Configuration,7.24,Resolved,Device Issue
INC004567,SITE019,2026-04-24,Network,P3,Soft Client,No Audio,6.95,Closed,Network
INC004568,SITE034,2026-01-25,Codec,P3,Soft Client,Device Configuration,2.34,Resolved,User Error
INC004569,SITE029,2026-07-29,SIP,P2,Soft Client,Registration Failure,1.61,In Progress,QoS
INC004570,SITE010,2026-04-12,SIP,P3,Room Device,One-Way Audio,6.39,Resolved,Network
INC004571,SITE007,2026-03-17,Call Quality,P4,Room Device,Dialing Issue,3.38,Resolved,Provisioning
INC004572,SITE003,2026-02-11,Dial Plan,P3,Desk Phone,No Audio,1.43,Resolved,Unknown
INC004573,SITE023,2026-04-30,Codec,P3,Mobile,Poor Call Quality,3.15,Resolved,Provisioning
INC004574,SITE009,2026-04-28,Codec,P4,Room Device,Registration Failure,2.17,Resolved,Provisioning
INC004575,SITE027,2026-04-06,User Configuration,P3,Desk Phone,Registration Failure,1.04,Resolved,Network
INC004576,SITE001,2026-07-21,Call Quality,P3,Desk Phone,Poor Call Quality,6.15,Resolved,User Error
INC004577,SITE022,2026-01-28,Audio,P4,Soft Client,One-Way Audio,1.27,Resolved,Device Issue
INC004578,SITE018,2026-07-17,Dial Plan,P4,Room Device,Dialing Issue,8.18,Resolved,Provisioning
INC004579,SITE022,2026-07-29,QoS,P4,Room Device,Dialing Issue,10.23,Resolved,User Error
INC004580,SITE005,2026-01-22,Codec,P3,Room Device,Poor Call Quality,7.58,Open,Configuration
INC004581,SITE013,2026-07-02,Call Quality,P2,Room Device,One-Way Audio,15.55,Resolved,Provisioning
INC004582,SITE029,2026-02-03,Dial Plan,P3,Soft Client,Dialing Issue,2.83,Resolved,Network
INC004583,SITE021,2026-08-27,Network,P3,Mobile,Provisioning Failure,10.55,Resolved,User Error
INC004584,SITE031,2026-04-08,QoS,P4,Desk Phone,No Audio,6.78,Open,User Error
INC004585,SITE026,2026-03-05,Audio,P1,Mobile,One-Way Audio,2.39,Open,Device Issue
INC004586,SITE009,2026-06-07,QoS,P3,Soft Client,UAT Failure,1.52,Resolved,Configuration
INC004587,SITE035,2026-03-18,Dial Plan,P4,Desk Phone,Dialing Issue,2.41,Closed,Device Issue
INC004588,SITE029,2026-01-28,Audio,P4,Mobile,Device Configuration,2.0,Resolved,User Error
INC004589,SITE012,2026-04-17,Registration,P3,Soft Client,UAT Failure,2.85,Closed,Provisioning
INC004590,SITE011,2026-02-03,Audio,P4,Desk Phone,Device Configuration,1.64,Resolved,Provisioning
INC004591,SITE033,2026-06-19,Registration,P1,Desk Phone,Device Configuration,1.42,Resolved,Provisioning
INC004592,SITE015,2026-06-09,User Configuration,P4,Soft Client,Provisioning Failure,1.95,Resolved,Provisioning
INC004593,SITE020,2026-06-06,Network,P3,Desk Phone,Dialing Issue,5.81,Resolved,QoS
INC004594,SITE031,2026-07-27,Dial Plan,P4,Mobile,No Audio,2.72,In Progress,Unknown
INC004595,SITE017,2026-06-14,QoS,P3,Room Device,Registration Failure,1.57,Closed,Device Issue
INC004596,SITE031,2026-04-30,Call Quality,P4,Mobile,Dialing Issue,7.97,In Progress,Network
INC004597,SITE021,2026-07-12,QoS,P1,Desk Phone,Provisioning Failure,4.25,Resolved,User Error
INC004598,SITE032,2026-08-11,User Configuration,P3,Desk Phone,Device Configuration,2.17,Open,QoS
INC004599,SITE017,2026-02-18,Call Quality,P3,Mobile,UAT Failure,2.67,Open,User Error
INC004600,SITE013,2026-04-20,SIP,P3,Room Device,Dialing Issue,4.02,Resolved,Network
INC004601,SITE007,2026-01-14,Dial Plan,P4,Room Device,Device Configuration,4.06,Resolved,QoS
INC004602,SITE031,2026-08-29,Dial Plan,P3,Mobile,UAT Failure,2.25,Closed,User Error
INC004603,SITE009,2026-02-23,Codec,P3,Mobile,Provisioning Failure,4.84,Closed,Network
INC004604,SITE014,2026-05-26,User Configuration,P3,Mobile,No Audio,1.54,Resolved,Unknown
INC004605,SITE026,2026-03-29,UAT,P3,Soft Client,Poor Call Quality,2.34,Closed,Configuration
INC004606,SITE001,2026-07-20,Registration,P2,Room Device,UAT Failure,6.79,Resolved,Configuration
INC004607,SITE009,2026-08-10,Audio,P4,Desk Phone,Registration Failure,2.85,Open,Network
INC004608,SITE024,2026-08-25,Call Quality,P3,Mobile,No Audio,4.15,In Progress,Provisioning
INC004609,SITE017,2026-04-03,Call Quality,P3,Mobile,Poor Call Quality,3.3,Resolved,Configuration
INC004610,SITE005,2026-01-22,UAT,P3,Soft Client,Dialing Issue,1.34,Resolved,Unknown
INC004611,SITE033,2026-07-26,Dial Plan,P2,Soft Client,UAT Failure,3.06,Open,Configuration
INC004612,SITE033,2026-05-27,User Configuration,P3,Mobile,Registration Failure,3.22,Resolved,Unknown
INC004613,SITE029,2026-07-06,Call Quality,P4,Desk Phone,Device Configuration,2.41,Resolved,Provisioning
INC004614,SITE013,2026-06-02,Dial Plan,P3,Desk Phone,UAT Failure,2.02,Resolved,Device Issue
INC004615,SITE014,2026-02-04,User Configuration,P2,Soft Client,Device Configuration,0.71,In Progress,Configuration
INC004616,SITE003,2026-02-10,UAT,P4,Soft Client,Provisioning Failure,1.66,Open,Provisioning
INC004617,SITE017,2026-06-22,Call Quality,P4,Room Device,UAT Failure,5.3,In Progress,Device Issue
INC004618,SITE005,2026-06-15,Audio,P4,Room Device,Registration Failure,2.42,Resolved,Network
INC004619,SITE025,2026-06-09,Provisioning,P2,Room Device,Poor Call Quality,10.1,Closed,Provisioning
INC004620,SITE015,2026-04-04,Audio,P3,Mobile,Poor Call Quality,7.24,Resolved,Unknown
INC004621,SITE001,2026-07-15,Call Quality,P3,Mobile,Provisioning Failure,12.09,Resolved,QoS
INC004622,SITE030,2026-06-05,UAT,P3,Room Device,Poor Call Quality,2.17,Open,Provisioning
INC004623,SITE001,2026-08-17,Device Configuration,P3,Soft Client,Device Configuration,3.46,In Progress,User Error
INC004624,SITE024,2026-04-29,Device Configuration,P3,Room Device,No Audio,3.03,Resolved,QoS
INC004625,SITE015,2026-05-18,Device Configuration,P3,Soft Client,Provisioning Failure,4.71,Resolved,User Error
INC004626,SITE012,2026-05-09,User Configuration,P3,Room Device,No Audio,2.77,Resolved,Unknown
INC004627,SITE016,2026-01-02,Registration,P3,Mobile,No Audio,2.83,Resolved,Unknown
INC004628,SITE012,2026-02-27,Call Quality,P4,Desk Phone,Registration Failure,2.1,In Progress,Unknown
INC004629,SITE035,2026-02-26,SIP,P2,Room Device,One-Way Audio,3.44,Open,Provisioning
INC004630,SITE010,2026-05-02,Device Configuration,P3,Desk Phone,Poor Call Quality,3.07,Closed,Configuration
INC004631,SITE031,2026-08-13,Registration,P3,Desk Phone,No Audio,4.52,In Progress,Network
INC004632,SITE023,2026-04-30,Call Quality,P4,Soft Client,UAT Failure,2.97,Resolved,Device Issue
INC004633,SITE027,2026-02-01,SIP,P4,Desk Phone,Provisioning Failure,3.72,Resolved,Configuration
INC004634,SITE016,2026-04-13,Provisioning,P2,Mobile,One-Way Audio,3.73,Closed,Provisioning
INC004635,SITE009,2026-06-15,Dial Plan,P3,Mobile,Provisioning Failure,7.84,Closed,Unknown
INC004636,SITE004,2026-03-15,Device Configuration,P2,Desk Phone,Poor Call Quality,5.65,Resolved,QoS
INC004637,SITE026,2026-05-14,Dial Plan,P2,Room Device,Dialing Issue,2.07,In Progress,QoS
INC004638,SITE006,2026-07-30,SIP,P3,Soft Client,Dialing Issue,2.13,Resolved,Network
INC004639,SITE033,2026-05-31,Dial Plan,P4,Mobile,Registration Failure,10.08,Resolved,QoS
INC004640,SITE003,2026-04-27,Registration,P4,Desk Phone,No Audio,6.49,Resolved,Unknown
INC004641,SITE025,2026-05-29,Network,P4,Soft Client,Device Configuration,0.59,Resolved,Device Issue
INC004642,SITE010,2026-05-18,Registration,P4,Mobile,Provisioning Failure,3.63,Resolved,Provisioning
INC004643,SITE010,2026-04-28,Call Quality,P4,Room Device,No Audio,1.95,Resolved,Network
INC004644,SITE027,2026-06-11,Call Quality,P2,Soft Client,Dialing Issue,23.0,Resolved,Provisioning
INC004645,SITE027,2026-06-08,UAT,P4,Desk Phone,No Audio,4.75,Resolved,Unknown
INC004646,SITE022,2026-05-16,Provisioning,P4,Room Device,Registration Failure,6.39,Open,QoS
INC004647,SITE034,2026-07-27,QoS,P3,Mobile,One-Way Audio,3.3,In Progress,Network
INC004648,SITE005,2026-02-16,User Configuration,P3,Mobile,Provisioning Failure,3.95,In Progress,QoS
INC004649,SITE018,2026-02-12,Audio,P2,Desk Phone,Dialing Issue,2.07,Open,Unknown
INC004650,SITE024,2026-03-07,QoS,P2,Soft Client,Registration Failure,12.24,Resolved,Unknown
INC004651,SITE006,2026-01-08,SIP,P4,Mobile,UAT Failure,1.03,Resolved,Network
INC004652,SITE033,2026-08-12,Audio,P4,Desk Phone,Registration Failure,3.11,Resolved,Provisioning
INC004653,SITE030,2026-07-04,Device Configuration,P3,Desk Phone,Poor Call Quality,6.16,In Progress,QoS
INC004654,SITE014,2026-01-22,Provisioning,P3,Mobile,Provisioning Failure,11.73,In Progress,Unknown
INC004655,SITE014,2026-07-30,Device Configuration,P4,Soft Client,No Audio,6.71,Open,User Error
INC004656,SITE001,2026-01-20,QoS,P3,Mobile,Registration Failure,2.62,Closed,User Error
INC004657,SITE006,2026-08-10,SIP,P3,Room Device,Registration Failure,3.42,Resolved,Device Issue
INC004658,SITE003,2026-03-28,Dial Plan,P3,Mobile,No Audio,13.7,In Progress,Unknown
INC004659,SITE028,2026-05-16,SIP,P2,Desk Phone,Device Configuration,3.04,Closed,QoS
INC004660,SITE032,2026-03-17,User Configuration,P3,Room Device,One-Way Audio,3.18,Resolved,Unknown
INC004661,SITE010,2026-05-31,Provisioning,P4,Soft Client,Provisioning Failure,7.54,Open,Network
INC004662,SITE029,2026-04-22,User Configuration,P3,Soft Client,Device Configuration,1.36,In Progress,Network
INC004663,SITE032,2026-03-23,Registration,P4,Desk Phone,No Audio,4.55,Closed,Configuration
INC004664,SITE015,2026-04-16,UAT,P3,Room Device,UAT Failure,7.83,Resolved,QoS
INC004665,SITE031,2026-07-29,QoS,P4,Mobile,UAT Failure,4.46,Closed,Configuration
INC004666,SITE028,2026-01-26,QoS,P4,Room Device,No Audio,2.83,Open,Network
INC004667,SITE013,2026-03-14,Dial Plan,P4,Soft Client,One-Way Audio,1.9,Resolved,Unknown
INC004668,SITE003,2026-05-08,Call Quality,P2,Mobile,Provisioning Failure,2.7,Closed,Network
INC004669,SITE035,2026-07-16,Codec,P3,Soft Client,UAT Failure,3.95,Resolved,Device Issue
INC004670,SITE014,2026-06-07,SIP,P4,Desk Phone,UAT Failure,1.71,Resolved,User Error
INC004671,SITE014,2026-01-05,QoS,P3,Soft Client,Poor Call Quality,2.75,In Progress,QoS
INC004672,SITE026,2026-02-04,Device Configuration,P4,Room Device,Provisioning Failure,1.37,Resolved,Network
INC004673,SITE002,2026-08-17,Dial Plan,P2,Room Device,Poor Call Quality,6.43,Closed,Unknown
INC004674,SITE011,2026-01-19,Registration,P3,Soft Client,No Audio,4.68,Closed,Device Issue
INC004675,SITE011,2026-08-26,Call Quality,P3,Mobile,Dialing Issue,2.26,Resolved,User Error
INC004676,SITE001,2026-04-25,Call Quality,P3,Mobile,Device Configuration,8.64,Resolved,QoS
INC004677,SITE035,2026-02-04,Codec,P2,Mobile,Registration Failure,1.93,Closed,Configuration
INC004678,SITE005,2026-01-04,Registration,P4,Soft Client,Registration Failure,2.37,Closed,Provisioning
INC004679,SITE033,2026-03-05,Network,P1,Soft Client,Device Configuration,1.03,Closed,Device Issue
INC004680,SITE026,2026-01-17,Network,P2,Mobile,Registration Failure,9.43,Resolved,Provisioning
INC004681,SITE007,2026-02-23,Codec,P3,Soft Client,Poor Call Quality,0.67,Resolved,QoS
INC004682,SITE029,2026-02-17,Network,P4,Soft Client,Registration Failure,2.71,Resolved,Network
INC004683,SITE023,2026-01-22,Call Quality,P3,Soft Client,Dialing Issue,5.31,Resolved,User Error
INC004684,SITE020,2026-05-04,Call Quality,P4,Soft Client,UAT Failure,3.11,Resolved,QoS
INC004685,SITE004,2026-03-31,User Configuration,P4,Soft Client,UAT Failure,1.35,Resolved,Device Issue
INC004686,SITE022,2026-06-22,User Configuration,P3,Desk Phone,Device Configuration,5.7,Resolved,Device Issue
INC004687,SITE024,2026-08-01,Provisioning,P3,Desk Phone,Provisioning Failure,8.04,Closed,QoS
INC004688,SITE009,2026-05-27,QoS,P2,Mobile,Dialing Issue,2.95,Resolved,QoS
INC004689,SITE027,2026-05-23,Provisioning,P4,Soft Client,Registration Failure,3.6,Resolved,Configuration
INC004690,SITE021,2026-06-05,Provisioning,P3,Desk Phone,One-Way Audio,6.83,In Progress,QoS
INC004691,SITE002,2026-01-27,Dial Plan,P3,Desk Phone,Dialing Issue,7.66,Resolved,Device Issue
INC004692,SITE002,2026-02-01,Device Configuration,P3,Soft Client,UAT Failure,3.23,Closed,Configuration
INC004693,SITE022,2026-07-29,Dial Plan,P2,Room Device,No Audio,1.34,Closed,Device Issue
INC004694,SITE006,2026-03-10,Codec,P3,Room Device,Registration Failure,3.47,In Progress,Unknown
INC004695,SITE021,2026-07-31,User Configuration,P1,Mobile,Registration Failure,1.81,Resolved,Provisioning
INC004696,SITE035,2026-04-24,SIP,P3,Mobile,Device Configuration,3.27,Resolved,Device Issue
INC004697,SITE019,2026-04-29,QoS,P2,Soft Client,No Audio,2.43,In Progress,Configuration
INC004698,SITE031,2026-05-18,Device Configuration,P3,Soft Client,Poor Call Quality,0.87,Resolved,Device Issue
INC004699,SITE031,2026-07-12,Network,P3,Soft Client,Dialing Issue,2.33,Resolved,Network
INC004700,SITE028,2026-05-04,UAT,P3,Room Device,Dialing Issue,8.24,Resolved,QoS
INC004701,SITE017,2026-02-06,SIP,P2,Room Device,No Audio,4.15,Resolved,Configuration
INC004702,SITE020,2026-01-29,User Configuration,P3,Mobile,Provisioning Failure,3.31,Closed,Configuration
INC004703,SITE032,2026-03-26,Call Quality,P2,Desk Phone,One-Way Audio,7.73,In Progress,Provisioning
INC004704,SITE019,2026-03-26,Call Quality,P3,Mobile,Registration Failure,2.12,Resolved,Unknown
INC004705,SITE001,2026-01-09,Provisioning,P3,Mobile,No Audio,3.79,Resolved,Network
INC004706,SITE020,2026-07-05,Call Quality,P3,Room Device,One-Way Audio,3.24,Resolved,QoS
INC004707,SITE018,2026-04-25,Network,P3,Mobile,No Audio,1.86,In Progress,Network
INC004708,SITE019,2026-02-09,Network,P3,Desk Phone,Provisioning Failure,9.15,Resolved,QoS
INC004709,SITE029,2026-08-16,QoS,P4,Room Device,UAT Failure,3.26,Resolved,QoS
INC004710,SITE008,2026-04-05,Call Quality,P3,Desk Phone,No Audio,11.34,Resolved,Provisioning
INC004711,SITE011,2026-03-09,UAT,P2,Mobile,Registration Failure,1.78,Resolved,Unknown
INC004712,SITE022,2026-06-12,QoS,P3,Desk Phone,Poor Call Quality,7.46,Closed,Network
INC004713,SITE027,2026-07-22,Call Quality,P4,Room Device,UAT Failure,2.75,Open,Network
INC004714,SITE020,2026-04-10,SIP,P2,Room Device,Registration Failure,1.27,In Progress,Network
INC004715,SITE017,2026-08-01,Call Quality,P3,Desk Phone,Device Configuration,2.1,In Progress,Configuration
INC004716,SITE028,2026-05-03,User Configuration,P4,Room Device,No Audio,5.22,In Progress,QoS
INC004717,SITE021,2026-03-14,User Configuration,P2,Desk Phone,Dialing Issue,5.65,Resolved,QoS
INC004718,SITE007,2026-07-19,Call Quality,P4,Mobile,Poor Call Quality,1.46,Resolved,Provisioning
INC004719,SITE010,2026-06-07,Network,P3,Soft Client,No Audio,8.04,Resolved,Device Issue
INC004720,SITE024,2026-08-25,Provisioning,P4,Room Device,One-Way Audio,3.46,Resolved,Network
INC004721,SITE012,2026-01-03,Network,P1,Room Device,Poor Call Quality,2.76,Resolved,Configuration
INC004722,SITE009,2026-03-08,Call Quality,P4,Room Device,No Audio,1.27,Resolved,Device Issue
INC004723,SITE027,2026-03-05,Call Quality,P4,Desk Phone,UAT Failure,2.23,Resolved,QoS
INC004724,SITE020,2026-02-17,Codec,P4,Desk Phone,Poor Call Quality,2.02,In Progress,Unknown
INC004725,SITE007,2026-06-29,UAT,P3,Soft Client,Dialing Issue,0.84,Closed,Network
INC004726,SITE009,2026-04-10,Device Configuration,P3,Soft Client,Registration Failure,6.37,In Progress,Provisioning
INC004727,SITE028,2026-05-16,Audio,P2,Room Device,Registration Failure,5.33,Open,Device Issue
INC004728,SITE014,2026-08-13,QoS,P4,Room Device,Provisioning Failure,2.36,Resolved,Configuration
INC004729,SITE003,2026-01-09,Network,P3,Soft Client,UAT Failure,2.6,In Progress,QoS
INC004730,SITE027,2026-01-19,Device Configuration,P3,Mobile,Registration Failure,1.98,Resolved,Device Issue
INC004731,SITE011,2026-03-21,Network,P3,Soft Client,Device Configuration,1.31,Resolved,Device Issue
INC004732,SITE003,2026-06-18,Network,P3,Mobile,Device Configuration,7.87,Closed,Device Issue
INC004733,SITE026,2026-03-30,Device Configuration,P3,Desk Phone,No Audio,1.13,Resolved,QoS
INC004734,SITE006,2026-05-21,Registration,P3,Soft Client,Poor Call Quality,4.15,In Progress,Device Issue
INC004735,SITE009,2026-08-14,SIP,P3,Mobile,No Audio,3.18,Resolved,QoS
INC004736,SITE001,2026-03-01,QoS,P2,Room Device,No Audio,6.03,In Progress,User Error
INC004737,SITE008,2026-03-26,Dial Plan,P4,Room Device,Poor Call Quality,1.0,Resolved,Unknown
INC004738,SITE031,2026-07-06,Device Configuration,P3,Mobile,Provisioning Failure,5.19,In Progress,Network
INC004739,SITE008,2026-06-18,Network,P2,Soft Client,Registration Failure,7.79,Resolved,Unknown
INC004740,SITE031,2026-02-13,SIP,P4,Soft Client,UAT Failure,1.5,Resolved,Provisioning
INC004741,SITE015,2026-02-14,Call Quality,P4,Desk Phone,One-Way Audio,0.57,Resolved,Device Issue
INC004742,SITE028,2026-06-01,Network,P4,Desk Phone,One-Way Audio,2.57,Resolved,QoS
INC004743,SITE018,2026-07-06,Dial Plan,P2,Desk Phone,Dialing Issue,0.6,Open,Device Issue
INC004744,SITE017,2026-01-23,Call Quality,P4,Desk Phone,Device Configuration,3.79,Resolved,Unknown
INC004745,SITE030,2026-08-23,Provisioning,P4,Mobile,UAT Failure,1.77,Resolved,QoS
INC004746,SITE030,2026-08-21,Audio,P3,Soft Client,Registration Failure,8.51,Resolved,Provisioning
INC004747,SITE030,2026-05-12,QoS,P4,Soft Client,Device Configuration,2.99,Resolved,Provisioning
INC004748,SITE004,2026-07-03,UAT,P3,Soft Client,Registration Failure,2.68,Closed,Network
INC004749,SITE009,2026-05-13,Device Configuration,P4,Mobile,Poor Call Quality,6.85,Closed,Unknown
INC004750,SITE004,2026-04-24,Audio,P3,Room Device,Poor Call Quality,4.21,Closed,Configuration
INC004751,SITE031,2026-01-04,Dial Plan,P3,Soft Client,UAT Failure,2.41,Resolved,Unknown
INC004752,SITE002,2026-06-20,Call Quality,P4,Desk Phone,Poor Call Quality,2.19,Resolved,Device Issue
INC004753,SITE025,2026-04-05,Registration,P4,Room Device,Poor Call Quality,9.05,Open,Unknown
INC004754,SITE029,2026-07-14,Provisioning,P3,Room Device,UAT Failure,1.49,Resolved,Configuration
INC004755,SITE020,2026-03-06,Call Quality,P4,Mobile,Dialing Issue,2.39,Resolved,Device Issue
INC004756,SITE024,2026-07-25,Dial Plan,P3,Desk Phone,Poor Call Quality,5.7,In Progress,Device Issue
INC004757,SITE017,2026-03-18,Dial Plan,P3,Desk Phone,Device Configuration,5.77,Closed,QoS
INC004758,SITE026,2026-06-22,Audio,P4,Room Device,No Audio,1.01,In Progress,Unknown
INC004759,SITE015,2026-08-29,QoS,P3,Mobile,Poor Call Quality,2.26,Resolved,Provisioning
INC004760,SITE011,2026-02-01,Codec,P3,Soft Client,Dialing Issue,6.63,Resolved,Provisioning
INC004761,SITE002,2026-06-04,Provisioning,P3,Soft Client,Registration Failure,1.97,Closed,QoS
INC004762,SITE003,2026-02-23,SIP,P3,Desk Phone,Dialing Issue,1.97,Resolved,QoS
INC004763,SITE026,2026-05-24,Network,P4,Desk Phone,No Audio,1.19,Resolved,Network
INC004764,SITE018,2026-01-26,Network,P2,Room Device,Device Configuration,4.6,Closed,Configuration
INC004765,SITE006,2026-01-08,Audio,P3,Room Device,Registration Failure,2.33,Resolved,User Error
INC004766,SITE027,2026-01-28,Codec,P3,Room Device,Poor Call Quality,2.63,Resolved,Configuration
INC004767,SITE031,2026-02-11,User Configuration,P4,Desk Phone,UAT Failure,2.21,In Progress,Device Issue
INC004768,SITE030,2026-07-05,UAT,P3,Soft Client,Dialing Issue,4.07,Resolved,Provisioning
INC004769,SITE022,2026-06-27,Provisioning,P3,Soft Client,UAT Failure,1.72,Resolved,Network
INC004770,SITE008,2026-07-12,Codec,P4,Mobile,No Audio,2.0,Closed,Device Issue
INC004771,SITE018,2026-06-08,SIP,P2,Desk Phone,Dialing Issue,1.15,Open,Device Issue
INC004772,SITE011,2026-08-11,User Configuration,P3,Desk Phone,Poor Call Quality,1.04,Resolved,Unknown
INC004773,SITE025,2026-03-21,Audio,P2,Mobile,One-Way Audio,8.48,Resolved,Network
INC004774,SITE035,2026-08-31,SIP,P4,Mobile,Device Configuration,2.01,In Progress,Provisioning
INC004775,SITE019,2026-03-06,Codec,P3,Soft Client,Device Configuration,2.5,Resolved,Configuration
INC004776,SITE022,2026-06-12,Network,P3,Room Device,No Audio,2.16,Open,Configuration
INC004777,SITE023,2026-06-14,SIP,P3,Room Device,Poor Call Quality,12.54,Open,Unknown
INC004778,SITE021,2026-05-19,Network,P3,Soft Client,No Audio,3.58,Resolved,QoS
INC004779,SITE004,2026-01-24,QoS,P2,Soft Client,UAT Failure,4.15,Resolved,Provisioning
INC004780,SITE021,2026-06-17,Dial Plan,P3,Mobile,Poor Call Quality,15.28,Resolved,Configuration
INC004781,SITE020,2026-04-29,QoS,P3,Soft Client,No Audio,25.13,Closed,Provisioning
INC004782,SITE004,2026-01-09,Network,P2,Desk Phone,No Audio,1.6,Resolved,Device Issue
INC004783,SITE024,2026-08-24,UAT,P4,Room Device,Provisioning Failure,0.98,Resolved,Configuration
INC004784,SITE023,2026-04-22,UAT,P3,Mobile,Registration Failure,3.78,Resolved,Device Issue
INC004785,SITE028,2026-05-25,QoS,P3,Soft Client,One-Way Audio,4.04,Resolved,User Error
INC004786,SITE024,2026-06-24,Network,P2,Desk Phone,Registration Failure,5.94,Closed,Configuration
INC004787,SITE013,2026-05-02,Provisioning,P3,Mobile,Dialing Issue,5.63,Resolved,Provisioning
INC004788,SITE008,2026-02-16,Dial Plan,P2,Room Device,Poor Call Quality,4.03,Resolved,QoS
INC004789,SITE014,2026-08-07,Audio,P3,Soft Client,Device Configuration,2.23,Resolved,QoS
INC004790,SITE012,2026-08-22,Call Quality,P1,Soft Client,Dialing Issue,4.62,Resolved,Unknown
INC004791,SITE019,2026-08-28,Provisioning,P3,Soft Client,Dialing Issue,0.98,In Progress,Unknown
INC004792,SITE023,2026-04-27,Codec,P3,Desk Phone,No Audio,1.74,Resolved,Network
INC004793,SITE034,2026-01-04,Codec,P3,Room Device,Registration Failure,1.64,Resolved,Configuration
INC004794,SITE002,2026-02-10,SIP,P2,Desk Phone,Poor Call Quality,16.23,Resolved,QoS
INC004795,SITE032,2026-04-03,Registration,P3,Desk Phone,One-Way Audio,8.01,Resolved,Network
INC004796,SITE015,2026-05-21,SIP,P4,Soft Client,Device Configuration,2.45,Resolved,Device Issue
INC004797,SITE007,2026-06-16,Call Quality,P3,Room Device,UAT Failure,4.24,Resolved,QoS
INC004798,SITE032,2026-07-10,Network,P4,Desk Phone,One-Way Audio,4.8,Resolved,Device Issue
INC004799,SITE024,2026-03-19,Network,P3,Room Device,Device Configuration,1.97,Resolved,Network
INC004800,SITE023,2026-02-04,Provisioning,P3,Room Device,UAT Failure,2.79,Closed,Unknown
INC004801,SITE019,2026-06-19,Network,P3,Mobile,Registration Failure,6.09,Open,User Error
INC004802,SITE032,2026-05-14,Audio,P3,Desk Phone,Provisioning Failure,0.93,Resolved,Provisioning
INC004803,SITE029,2026-07-09,Registration,P3,Room Device,UAT Failure,2.4,Resolved,Device Issue
INC004804,SITE033,2026-05-30,User Configuration,P4,Room Device,Provisioning Failure,5.96,Resolved,User Error
INC004805,SITE003,2026-04-17,Codec,P3,Mobile,Provisioning Failure,1.27,Resolved,Device Issue
INC004806,SITE015,2026-07-24,Audio,P4,Room Device,Device Configuration,1.03,In Progress,QoS
INC004807,SITE002,2026-08-10,Call Quality,P4,Soft Client,No Audio,3.02,Closed,Configuration
INC004808,SITE004,2026-01-13,Registration,P2,Soft Client,Dialing Issue,5.02,Closed,Network
INC004809,SITE027,2026-06-06,Dial Plan,P3,Room Device,No Audio,2.91,Closed,User Error
INC004810,SITE015,2026-02-25,User Configuration,P2,Room Device,UAT Failure,12.94,Resolved,Provisioning
INC004811,SITE015,2026-02-27,QoS,P2,Mobile,No Audio,2.19,Resolved,Device Issue
INC004812,SITE019,2026-08-27,UAT,P3,Room Device,Dialing Issue,2.94,Resolved,Provisioning
INC004813,SITE029,2026-05-02,User Configuration,P4,Room Device,One-Way Audio,8.41,Resolved,Device Issue
INC004814,SITE012,2026-01-21,Registration,P4,Desk Phone,Registration Failure,5.81,In Progress,QoS
INC004815,SITE005,2026-03-03,Audio,P3,Desk Phone,Poor Call Quality,1.92,Closed,Network
INC004816,SITE001,2026-07-07,SIP,P4,Room Device,Provisioning Failure,2.72,Resolved,Unknown
INC004817,SITE005,2026-02-10,Device Configuration,P3,Mobile,Provisioning Failure,5.44,In Progress,Unknown
INC004818,SITE029,2026-03-12,Codec,P2,Mobile,One-Way Audio,2.43,In Progress,User Error
INC004819,SITE010,2026-07-19,Network,P3,Room Device,Registration Failure,10.85,Resolved,Configuration
INC004820,SITE006,2026-07-24,QoS,P3,Soft Client,Device Configuration,2.71,Resolved,QoS
INC004821,SITE019,2026-02-25,QoS,P2,Soft Client,UAT Failure,2.84,Resolved,Unknown
INC004822,SITE004,2026-08-31,Codec,P3,Room Device,Dialing Issue,6.55,In Progress,Provisioning
INC004823,SITE007,2026-02-21,Audio,P4,Desk Phone,UAT Failure,6.76,Resolved,QoS
INC004824,SITE003,2026-07-01,Dial Plan,P3,Soft Client,Provisioning Failure,4.28,Resolved,Device Issue
INC004825,SITE030,2026-04-10,Registration,P3,Room Device,Provisioning Failure,1.19,Resolved,Provisioning
INC004826,SITE010,2026-07-11,Network,P4,Room Device,One-Way Audio,3.65,Closed,Network
INC004827,SITE001,2026-01-08,Call Quality,P3,Soft Client,Registration Failure,5.02,Closed,Provisioning
INC004828,SITE009,2026-07-28,Call Quality,P3,Room Device,Device Configuration,2.62,Closed,Network
INC004829,SITE014,2026-08-04,Network,P1,Mobile,One-Way Audio,2.6,Closed,Configuration
INC004830,SITE018,2026-01-11,Provisioning,P3,Mobile,UAT Failure,10.09,Resolved,Provisioning
INC004831,SITE014,2026-03-19,Audio,P3,Desk Phone,Registration Failure,4.63,Resolved,QoS
INC004832,SITE035,2026-04-09,Provisioning,P2,Mobile,One-Way Audio,6.31,Closed,Device Issue
INC004833,SITE034,2026-05-06,Device Configuration,P4,Room Device,UAT Failure,2.87,Resolved,Configuration
INC004834,SITE022,2026-05-18,UAT,P2,Room Device,Dialing Issue,1.09,Resolved,Unknown
INC004835,SITE033,2026-07-29,Call Quality,P3,Mobile,Provisioning Failure,2.07,Open,Configuration
INC004836,SITE015,2026-03-07,Call Quality,P3,Soft Client,UAT Failure,1.01,Closed,Device Issue
INC004837,SITE031,2026-04-06,User Configuration,P3,Desk Phone,Poor Call Quality,3.59,Resolved,Device Issue
INC004838,SITE031,2026-08-31,Network,P2,Soft Client,Poor Call Quality,6.06,Resolved,Device Issue
INC004839,SITE012,2026-03-09,SIP,P3,Mobile,Device Configuration,9.58,Resolved,User Error
INC004840,SITE007,2026-08-29,Call Quality,P3,Soft Client,Poor Call Quality,4.45,Resolved,Configuration
INC004841,SITE015,2026-01-04,SIP,P3,Room Device,Provisioning Failure,1.59,Closed,Device Issue
INC004842,SITE003,2026-07-28,QoS,P4,Soft Client,Registration Failure,1.83,Closed,Provisioning
INC004843,SITE021,2026-01-04,Codec,P3,Mobile,Device Configuration,2.83,Resolved,Network
INC004844,SITE005,2026-04-13,Device Configuration,P3,Desk Phone,No Audio,3.13,Closed,QoS
INC004845,SITE023,2026-02-07,Device Configuration,P4,Desk Phone,No Audio,3.62,Resolved,Provisioning
INC004846,SITE030,2026-07-27,Audio,P4,Room Device,Poor Call Quality,3.61,In Progress,User Error
INC004847,SITE022,2026-05-01,Network,P2,Soft Client,Registration Failure,1.95,Closed,Device Issue
INC004848,SITE033,2026-02-06,Call Quality,P2,Mobile,Registration Failure,5.72,In Progress,Device Issue
INC004849,SITE011,2026-02-26,UAT,P4,Soft Client,No Audio,5.33,Resolved,QoS
INC004850,SITE026,2026-02-28,Dial Plan,P3,Soft Client,Dialing Issue,4.38,Resolved,Provisioning
INC004851,SITE019,2026-06-01,User Configuration,P4,Room Device,No Audio,1.56,Resolved,Configuration
INC004852,SITE016,2026-07-21,Call Quality,P3,Soft Client,One-Way Audio,7.29,In Progress,Unknown
INC004853,SITE002,2026-03-08,Dial Plan,P3,Soft Client,Dialing Issue,6.66,Closed,Configuration
INC004854,SITE028,2026-02-05,Provisioning,P2,Desk Phone,Poor Call Quality,2.03,Resolved,QoS
INC004855,SITE002,2026-05-17,Call Quality,P2,Desk Phone,One-Way Audio,7.13,Resolved,User Error
INC004856,SITE017,2026-08-17,Dial Plan,P3,Soft Client,Registration Failure,3.76,In Progress,Configuration
INC004857,SITE009,2026-01-30,Audio,P4,Desk Phone,One-Way Audio,1.24,Resolved,Configuration
INC004858,SITE016,2026-03-31,SIP,P3,Room Device,One-Way Audio,13.9,In Progress,QoS
INC004859,SITE007,2026-08-10,Registration,P4,Room Device,Device Configuration,0.81,In Progress,Network
INC004860,SITE002,2026-04-11,Audio,P4,Room Device,One-Way Audio,6.06,In Progress,QoS
INC004861,SITE021,2026-04-05,Codec,P3,Mobile,Device Configuration,4.62,In Progress,Network
INC004862,SITE017,2026-06-06,SIP,P2,Room Device,UAT Failure,7.39,Open,Network
INC004863,SITE011,2026-03-06,Registration,P2,Soft Client,Provisioning Failure,1.99,Resolved,QoS
INC004864,SITE021,2026-08-19,Provisioning,P4,Soft Client,No Audio,3.24,Open,Configuration
INC004865,SITE027,2026-07-22,Audio,P2,Mobile,Poor Call Quality,2.94,Resolved,QoS
INC004866,SITE028,2026-04-21,Provisioning,P4,Desk Phone,No Audio,4.57,Resolved,Unknown
INC004867,SITE022,2026-07-05,UAT,P3,Soft Client,One-Way Audio,1.42,Resolved,Device Issue
INC004868,SITE018,2026-04-18,Registration,P2,Room Device,Device Configuration,2.34,Resolved,Device Issue
INC004869,SITE033,2026-01-30,Dial Plan,P3,Desk Phone,No Audio,8.15,Resolved,Provisioning
INC004870,SITE028,2026-07-28,Audio,P3,Room Device,Poor Call Quality,8.69,Resolved,QoS
INC004871,SITE009,2026-02-26,Codec,P2,Mobile,UAT Failure,1.46,Open,Configuration
INC004872,SITE026,2026-04-07,Provisioning,P3,Soft Client,One-Way Audio,3.68,Resolved,Network
INC004873,SITE005,2026-03-29,Call Quality,P2,Desk Phone,Dialing Issue,1.34,Open,Configuration
INC004874,SITE007,2026-04-05,User Configuration,P3,Room Device,No Audio,2.79,In Progress,QoS
INC004875,SITE003,2026-03-15,Provisioning,P3,Desk Phone,One-Way Audio,3.02,Open,Unknown
INC004876,SITE016,2026-01-03,UAT,P3,Desk Phone,Dialing Issue,3.93,Resolved,Configuration
INC004877,SITE027,2026-07-17,Audio,P3,Soft Client,Provisioning Failure,3.39,In Progress,QoS
INC004878,SITE032,2026-08-13,Provisioning,P3,Mobile,No Audio,5.68,Resolved,Network
INC004879,SITE031,2026-04-30,Device Configuration,P2,Room Device,Provisioning Failure,6.63,Open,User Error
INC004880,SITE019,2026-08-24,Audio,P3,Soft Client,Poor Call Quality,4.25,Resolved,Network
INC004881,SITE019,2026-03-11,SIP,P3,Mobile,Poor Call Quality,3.44,In Progress,Network
INC004882,SITE035,2026-07-17,User Configuration,P3,Desk Phone,UAT Failure,2.49,In Progress,Unknown
INC004883,SITE010,2026-07-04,Audio,P3,Room Device,One-Way Audio,0.99,Resolved,Configuration
INC004884,SITE025,2026-05-07,Audio,P3,Soft Client,Registration Failure,4.64,Resolved,Device Issue
INC004885,SITE034,2026-03-28,Network,P3,Soft Client,UAT Failure,17.17,Resolved,Unknown
INC004886,SITE023,2026-07-10,User Configuration,P3,Soft Client,One-Way Audio,0.58,Resolved,Provisioning
INC004887,SITE034,2026-07-25,Provisioning,P2,Soft Client,Device Configuration,1.27,Closed,Network
INC004888,SITE025,2026-08-19,Registration,P4,Room Device,Provisioning Failure,2.82,Resolved,User Error
INC004889,SITE029,2026-05-16,Device Configuration,P3,Room Device,Poor Call Quality,1.73,In Progress,Configuration
INC004890,SITE017,2026-01-09,Network,P2,Soft Client,Dialing Issue,1.33,Resolved,User Error
INC004891,SITE021,2026-03-09,Audio,P3,Desk Phone,Device Configuration,2.87,Open,Network
INC004892,SITE006,2026-01-03,Call Quality,P3,Soft Client,Device Configuration,1.72,Resolved,Unknown
INC004893,SITE013,2026-07-12,User Configuration,P3,Room Device,UAT Failure,5.0,In Progress,User Error
INC004894,SITE001,2026-01-25,Network,P2,Mobile,UAT Failure,2.85,Open,Provisioning
INC004895,SITE011,2026-06-13,Registration,P3,Desk Phone,UAT Failure,3.84,Resolved,Provisioning
INC004896,SITE010,2026-07-07,Call Quality,P3,Mobile,Poor Call Quality,6.42,Resolved,User Error
INC004897,SITE026,2026-07-28,Provisioning,P2,Mobile,Poor Call Quality,7.32,In Progress,Provisioning
INC004898,SITE029,2026-02-10,Codec,P4,Room Device,Dialing Issue,1.56,Resolved,Provisioning
INC004899,SITE028,2026-05-13,Audio,P4,Soft Client,Provisioning Failure,1.31,Open,Provisioning
INC004900,SITE035,2026-06-15,Codec,P2,Room Device,Device Configuration,1.26,Resolved,Network
INC004901,SITE023,2026-07-17,Network,P3,Mobile,Dialing Issue,5.72,Resolved,Unknown
INC004902,SITE008,2026-04-20,QoS,P3,Desk Phone,One-Way Audio,2.8,Resolved,Device Issue
INC004903,SITE007,2026-06-29,Audio,P3,Room Device,Device Configuration,3.2,In Progress,Network
INC004904,SITE018,2026-07-24,Audio,P3,Mobile,No Audio,2.04,Resolved,QoS
INC004905,SITE026,2026-08-23,Network,P3,Room Device,Provisioning Failure,3.0,Open,QoS
INC004906,SITE002,2026-08-21,Call Quality,P3,Desk Phone,No Audio,2.57,Closed,User Error
INC004907,SITE006,2026-08-31,Dial Plan,P3,Soft Client,Device Configuration,0.64,Closed,Network
INC004908,SITE031,2026-04-30,Dial Plan,P3,Room Device,UAT Failure,2.3,Resolved,Configuration
INC004909,SITE031,2026-05-14,Audio,P4,Room Device,Provisioning Failure,1.97,Resolved,Unknown
INC004910,SITE028,2026-01-23,User Configuration,P2,Room Device,Dialing Issue,1.15,Resolved,QoS
INC004911,SITE023,2026-02-16,Provisioning,P4,Mobile,No Audio,5.58,Resolved,Provisioning
INC004912,SITE004,2026-03-23,Registration,P3,Room Device,One-Way Audio,1.65,Closed,QoS
INC004913,SITE009,2026-03-08,UAT,P4,Desk Phone,Dialing Issue,1.88,Resolved,Provisioning
INC004914,SITE011,2026-07-02,UAT,P4,Desk Phone,Provisioning Failure,2.76,Open,Configuration
INC004915,SITE030,2026-03-19,Device Configuration,P2,Soft Client,No Audio,3.74,Resolved,Configuration
INC004916,SITE008,2026-01-27,Dial Plan,P3,Mobile,Registration Failure,4.23,Resolved,QoS
INC004917,SITE031,2026-08-06,Registration,P3,Desk Phone,UAT Failure,1.05,Open,Network
INC004918,SITE030,2026-08-23,Registration,P1,Room Device,Device Configuration,5.81,Resolved,Network
INC004919,SITE027,2026-05-14,Call Quality,P3,Mobile,UAT Failure,1.55,Resolved,Device Issue
INC004920,SITE020,2026-05-02,Network,P3,Room Device,UAT Failure,5.32,Resolved,Network
INC004921,SITE026,2026-03-03,SIP,P4,Desk Phone,Provisioning Failure,7.96,Resolved,Network
INC004922,SITE014,2026-07-29,Codec,P2,Mobile,UAT Failure,2.49,Open,User Error
INC004923,SITE023,2026-05-23,Registration,P4,Desk Phone,Poor Call Quality,2.98,In Progress,User Error
INC004924,SITE003,2026-06-26,QoS,P1,Desk Phone,Poor Call Quality,7.76,In Progress,Configuration
INC004925,SITE018,2026-07-24,Audio,P3,Room Device,No Audio,2.94,Resolved,Provisioning
INC004926,SITE017,2026-05-28,UAT,P4,Room Device,UAT Failure,3.34,In Progress,User Error
INC004927,SITE003,2026-04-26,Device Configuration,P1,Desk Phone,Dialing Issue,5.1,Resolved,QoS
INC004928,SITE025,2026-07-01,Call Quality,P3,Desk Phone,Provisioning Failure,1.81,Resolved,Device Issue
INC004929,SITE008,2026-06-30,Audio,P3,Desk Phone,Dialing Issue,2.41,In Progress,Network
INC004930,SITE020,2026-04-11,Call Quality,P1,Desk Phone,UAT Failure,4.16,Closed,User Error
INC004931,SITE016,2026-04-05,Audio,P4,Soft Client,Dialing Issue,2.57,Resolved,Configuration
INC004932,SITE019,2026-05-14,Call Quality,P3,Soft Client,One-Way Audio,3.65,Resolved,Network
INC004933,SITE028,2026-04-01,Network,P4,Soft Client,One-Way Audio,1.06,In Progress,Provisioning
INC004934,SITE034,2026-02-03,Device Configuration,P3,Soft Client,Registration Failure,6.42,Resolved,Unknown
INC004935,SITE004,2026-05-04,Registration,P3,Mobile,Device Configuration,3.51,Resolved,User Error
INC004936,SITE021,2026-07-30,User Configuration,P4,Mobile,Provisioning Failure,3.32,Resolved,QoS
INC004937,SITE001,2026-07-18,User Configuration,P3,Mobile,No Audio,2.42,Resolved,Unknown
INC004938,SITE022,2026-06-14,Device Configuration,P3,Mobile,Device Configuration,2.43,Closed,Unknown
INC004939,SITE023,2026-03-01,SIP,P4,Soft Client,Provisioning Failure,6.48,Resolved,Configuration
INC004940,SITE034,2026-01-06,QoS,P3,Room Device,Device Configuration,2.18,Resolved,Unknown
INC004941,SITE003,2026-05-14,Provisioning,P3,Soft Client,Poor Call Quality,6.36,Resolved,User Error
INC004942,SITE024,2026-02-23,UAT,P3,Mobile,Dialing Issue,4.33,In Progress,Unknown
INC004943,SITE028,2026-02-02,Registration,P3,Room Device,Registration Failure,3.0,Resolved,Unknown
INC004944,SITE035,2026-02-15,Provisioning,P3,Soft Client,No Audio,3.32,In Progress,Provisioning
INC004945,SITE014,2026-02-27,Codec,P4,Desk Phone,Poor Call Quality,3.54,Resolved,Provisioning
INC004946,SITE021,2026-03-24,Device Configuration,P3,Soft Client,Poor Call Quality,15.92,Resolved,User Error
INC004947,SITE005,2026-01-10,Device Configuration,P4,Desk Phone,Device Configuration,10.39,Resolved,Device Issue
INC004948,SITE002,2026-06-03,QoS,P3,Room Device,Provisioning Failure,3.85,In Progress,Device Issue
INC004949,SITE016,2026-04-30,Call Quality,P3,Desk Phone,No Audio,3.52,Resolved,QoS
INC004950,SITE005,2026-07-10,User Configuration,P3,Mobile,One-Way Audio,3.06,Open,Device Issue
INC004951,SITE004,2026-05-31,Registration,P3,Mobile,Provisioning Failure,3.93,Resolved,QoS
INC004952,SITE025,2026-04-12,Dial Plan,P3,Desk Phone,No Audio,3.41,Resolved,Provisioning
INC004953,SITE030,2026-01-25,Audio,P3,Mobile,Registration Failure,4.5,Resolved,Network
INC004954,SITE002,2026-02-06,UAT,P3,Soft Client,UAT Failure,0.91,Resolved,Provisioning
INC004955,SITE013,2026-06-03,SIP,P4,Room Device,One-Way Audio,2.86,Resolved,Device Issue
INC004956,SITE012,2026-05-17,Network,P3,Soft Client,No Audio,1.36,Resolved,Unknown
INC004957,SITE010,2026-04-02,Device Configuration,P4,Room Device,Poor Call Quality,5.64,Open,Configuration
INC004958,SITE004,2026-01-04,Device Configuration,P3,Room Device,Poor Call Quality,4.24,Resolved,QoS
INC004959,SITE031,2026-02-06,Device Configuration,P4,Room Device,Poor Call Quality,4.24,Resolved,Network
INC004960,SITE022,2026-05-14,Provisioning,P2,Desk Phone,Device Configuration,1.68,Closed,Device Issue
INC004961,SITE034,2026-08-28,Registration,P2,Desk Phone,Provisioning Failure,3.37,Resolved,Network
INC004962,SITE034,2026-06-27,Provisioning,P3,Mobile,One-Way Audio,4.88,Open,Provisioning
INC004963,SITE034,2026-02-12,Dial Plan,P2,Desk Phone,Device Configuration,2.84,Resolved,User Error
INC004964,SITE015,2026-02-26,Registration,P2,Room Device,One-Way Audio,11.72,Resolved,Network
INC004965,SITE029,2026-01-10,Network,P3,Mobile,Poor Call Quality,6.64,Closed,QoS
INC004966,SITE008,2026-04-25,Call Quality,P2,Room Device,One-Way Audio,9.8,Resolved,Device Issue
INC004967,SITE011,2026-01-30,QoS,P3,Desk Phone,Dialing Issue,1.4,Resolved,Device Issue
INC004968,SITE012,2026-06-16,Network,P3,Mobile,One-Way Audio,4.48,Open,Configuration
INC004969,SITE033,2026-05-14,Dial Plan,P2,Desk Phone,Registration Failure,0.87,Closed,Device Issue
INC004970,SITE028,2026-03-24,Device Configuration,P4,Mobile,Device Configuration,2.44,Resolved,Provisioning
INC004971,SITE029,2026-05-03,Dial Plan,P3,Room Device,One-Way Audio,2.7,Closed,Unknown
INC004972,SITE015,2026-05-14,Registration,P3,Mobile,Provisioning Failure,13.64,Closed,QoS
INC004973,SITE003,2026-08-01,UAT,P4,Soft Client,One-Way Audio,5.03,Closed,Network
INC004974,SITE005,2026-03-18,Audio,P3,Room Device,One-Way Audio,1.82,Resolved,Provisioning
INC004975,SITE009,2026-07-23,User Configuration,P3,Room Device,One-Way Audio,1.97,Resolved,QoS
INC004976,SITE002,2026-08-19,Device Configuration,P3,Room Device,Poor Call Quality,5.29,Resolved,Device Issue
INC004977,SITE005,2026-03-31,Network,P3,Room Device,Poor Call Quality,1.44,Resolved,Device Issue
INC004978,SITE010,2026-03-27,Provisioning,P3,Soft Client,Device Configuration,7.13,In Progress,Device Issue
INC004979,SITE004,2026-05-03,UAT,P2,Mobile,Registration Failure,1.97,Resolved,Network
INC004980,SITE031,2026-07-23,Codec,P3,Mobile,UAT Failure,3.4,Resolved,User Error
INC004981,SITE015,2026-04-15,Registration,P1,Room Device,Dialing Issue,1.37,Open,Device Issue
INC004982,SITE012,2026-05-12,UAT,P3,Desk Phone,No Audio,4.29,Closed,User Error
INC004983,SITE021,2026-07-06,User Configuration,P4,Soft Client,Poor Call Quality,11.62,Resolved,Unknown
INC004984,SITE035,2026-04-14,QoS,P3,Mobile,One-Way Audio,6.96,Closed,Provisioning
INC004985,SITE024,2026-03-10,Registration,P1,Room Device,Registration Failure,2.54,Resolved,User Error
INC004986,SITE032,2026-08-30,Codec,P3,Room Device,Provisioning Failure,2.74,Resolved,Unknown
INC004987,SITE014,2026-02-05,Device Configuration,P4,Room Device,Provisioning Failure,1.04,Open,Unknown
INC004988,SITE002,2026-01-30,User Configuration,P4,Desk Phone,Dialing Issue,3.33,Resolved,Configuration
INC004989,SITE034,2026-07-05,Audio,P1,Soft Client,One-Way Audio,6.65,Resolved,Device Issue
INC004990,SITE013,2026-04-03,Registration,P3,Desk Phone,No Audio,2.43,Resolved,QoS
INC004991,SITE003,2026-02-09,UAT,P4,Desk Phone,Poor Call Quality,7.13,Open,Provisioning
INC004992,SITE003,2026-07-12,Network,P4,Mobile,One-Way Audio,5.65,Resolved,Configuration
INC004993,SITE022,2026-07-28,Call Quality,P3,Desk Phone,Poor Call Quality,1.85,Resolved,Unknown
INC004994,SITE032,2026-05-12,Codec,P1,Soft Client,No Audio,3.14,In Progress,Device Issue
INC004995,SITE030,2026-07-15,Audio,P3,Room Device,Device Configuration,1.17,Resolved,Unknown
INC004996,SITE033,2026-04-25,Registration,P3,Room Device,One-Way Audio,1.35,Resolved,Device Issue
INC004997,SITE016,2026-01-19,Device Configuration,P2,Desk Phone,Poor Call Quality,8.11,Resolved,QoS
INC004998,SITE016,2026-07-29,Registration,P1,Mobile,One-Way Audio,7.99,Closed,Device Issue
INC004999,SITE015,2026-04-30,Device Configuration,P3,Soft Client,Dialing Issue,3.63,Resolved,Device Issue
INC005000,SITE009,2026-03-06,Dial Plan,P2,Room Device,No Audio,4.92,Resolved,Unknown
