device_id,site_id,user_id,device_type,model,firmware,registration_status,provisioning_status,last_registered
DEV00001,SITE010,USER01351,Cisco 8841,8865,15.0,Registered,Provisioned,2026-01-03
DEV00002,SITE019,USER02203,Webex App,8865,15.1,Unregistered,Provisioned,2026-04-19
DEV00003,SITE023,USER01876,Webex App,Webex App,15.0,Registered,Provisioned,2025-12-14
DEV00004,SITE008,USER00869,Room Kit,Webex App,15.1,None,Provisioned,2026-04-06
DEV00005,SITE017,USER01378,Cisco 8841,Webex App,14.2,Unregistered,Pending,2026-05-04
DEV00006,SITE029,USER00133,Room Kit,8865,14.3,Registered,Provisioned,2026-05-23
DEV00007,SITE006,USER01511,Webex App,8841,14.2,Unregistered,Pending,2026-04-17
DEV00008,SITE028,USER00694,Cisco 8865,Room Kit,14.3,Registered,Provisioned,2026-05-11
DEV00009,SITE006,USER00261,Room Kit,Room Kit,14.4,Registered,Provisioned,2025-12-24
DEV00010,SITE027,USER01228,Cisco 8841,Webex App,14.3,Registered,Provisioned,2026-02-18
DEV00011,SITE033,USER01028,Cisco 8851,Room Kit,14.3,Registered,Provisioned,2026-07-23
DEV00012,SITE029,USER00257,Cisco 8865,8865,15.1,Registered,Provisioned,2026-07-07
DEV00013,SITE013,USER00987,Webex App,Webex App,15.1,Unregistered,Provisioned,2026-05-17
DEV00014,SITE028,USER01559,Cisco 8851,8841,15.0,Registered,Pending,2026-02-22
DEV00015,SITE031,USER01315,Cisco 8865,8841,15.1,Unregistered,Provisioned,2026-04-16
DEV00016,SITE022,USER00572,Cisco 8841,8851,15.0,Unregistered,Failed,2026-05-10
DEV00017,SITE032,USER01038,Cisco 8851,8841,14.3,Registered,Provisioned,2026-02-19
DEV00018,SITE022,USER00007,Room Kit,Webex App,15.1,Registered,Provisioned,2026-07-21
DEV00019,SITE024,USER02017,Cisco 8841,8841,15.0,Unregistered,Provisioned,2026-08-08
DEV00020,SITE004,USER00755,Room Kit,8851,15.0,Registered,Provisioned,2026-07-26
DEV00021,SITE024,USER02467,Cisco 8851,Webex App,14.4,Registered,Provisioned,2025-11-18
DEV00022,SITE026,USER00908,Room Kit,8851,14.3,Registered,Provisioned,2026-05-12
DEV00023,SITE031,USER01471,Cisco 8865,Room Kit,15.0,Registered,Provisioned,2025-12-29
DEV00024,SITE031,USER02362,Webex App,8851,15.0,Registered,Provisioned,2026-03-15
DEV00025,SITE001,USER02335,Cisco 8841,8865,15.0,Registered,Provisioned,2026-08-20
DEV00026,SITE012,USER01476,Room Kit,8851,14.4,Registered,Pending,2026-02-22
DEV00027,SITE022,USER01046,Cisco 8841,8865,15.1,Registered,Provisioned,2026-07-21
DEV00028,SITE015,USER01762,Webex App,Room Kit,14.3,Registered,Provisioned,2026-03-11
DEV00029,SITE019,USER02287,Room Kit,Webex App,14.2,Registered,Provisioned,2026-01-29
DEV00030,SITE017,USER00795,Webex App,8865,14.2,Unregistered,Pending,2025-11-28
DEV00031,SITE027,USER01252,Room Kit,Room Kit,15.0,None,Provisioned,2026-06-30
DEV00032,SITE022,USER01889,Webex App,Webex App,15.0,Unregistered,Provisioned,2026-08-27
DEV00033,SITE033,USER00838,Cisco 8851,8841,15.0,Unregistered,Pending,2026-04-29
DEV00034,SITE008,USER01131,Webex App,Room Kit,15.0,Registered,Pending,2026-01-10
DEV00035,SITE003,USER02016,Room Kit,8841,15.0,Registered,Provisioned,2025-12-07
DEV00036,SITE016,USER00933,Cisco 8851,Room Kit,14.3,Unregistered,Provisioned,2025-11-22
DEV00037,SITE032,USER01647,Room Kit,8841,14.3,Registered,Provisioned,2026-02-02
DEV00038,SITE003,USER00005,Room Kit,8851,15.0,Registered,Provisioned,2026-07-31
DEV00039,SITE005,USER02183,Webex App,Webex App,14.2,Registered,Provisioned,2025-11-08
DEV00040,SITE033,USER00086,Room Kit,Room Kit,14.3,Registered,Provisioned,2025-12-21
DEV00041,SITE022,USER01385,Cisco 8851,8865,14.3,Unregistered,Provisioned,2026-05-30
DEV00042,SITE015,USER02275,Cisco 8851,Webex App,14.3,Unregistered,Provisioned,2025-12-24
DEV00043,SITE033,USER01639,Cisco 8865,Webex App,15.1,Registered,Provisioned,2026-06-11
DEV00044,SITE004,USER00733,Webex App,8865,14.4,Registered,Provisioned,2026-04-15
DEV00045,SITE034,USER00932,Webex App,8851,14.2,Unregistered,Provisioned,2025-12-21
DEV00046,SITE017,USER01101,Cisco 8865,Room Kit,15.1,Registered,Provisioned,2026-07-08
DEV00047,SITE005,USER02121,Cisco 8841,8851,14.3,None,Provisioned,2026-03-06
DEV00048,SITE017,USER00640,Cisco 8841,8865,14.2,Registered,Provisioned,2026-05-23
DEV00049,SITE030,USER01174,Cisco 8865,8851,15.0,Registered,Pending,2026-08-01
DEV00050,SITE034,USER01120,Room Kit,Room Kit,14.4,Registered,Provisioned,2026-04-06
DEV00051,SITE015,USER02280,Cisco 8841,8851,14.3,None,Provisioned,2026-06-19
DEV00052,SITE033,USER00355,Cisco 8851,Room Kit,14.2,Registered,Pending,2026-02-23
DEV00053,SITE019,USER00564,Cisco 8851,8865,15.0,Unregistered,Provisioned,2026-04-30
DEV00054,SITE034,USER00652,Webex App,8851,15.0,Registered,Provisioned,2026-03-17
DEV00055,SITE032,USER02166,Cisco 8865,Room Kit,14.3,Registered,Provisioned,2025-12-24
DEV00056,SITE020,USER00755,Cisco 8841,Room Kit,15.1,Registered,Provisioned,2026-07-15
DEV00057,SITE017,USER01180,Cisco 8851,Room Kit,14.4,None,Provisioned,2026-05-04
DEV00058,SITE007,USER00560,Webex App,Webex App,14.4,Registered,Provisioned,2026-06-14
DEV00059,SITE014,USER01762,Room Kit,8851,15.0,Registered,Pending,2025-12-10
DEV00060,SITE009,USER00252,Cisco 8851,8841,14.3,Registered,Failed,2025-12-14
DEV00061,SITE016,USER01614,Room Kit,8851,14.2,Registered,Provisioned,2025-11-04
DEV00062,SITE022,USER00386,Webex App,8851,14.2,None,Provisioned,2026-04-08
DEV00063,SITE015,USER01186,Room Kit,8851,15.1,Registered,Failed,2026-02-27
DEV00064,SITE026,USER00579,Room Kit,8865,14.3,Unregistered,Provisioned,2026-03-11
DEV00065,SITE014,USER00351,Cisco 8851,Room Kit,14.4,Registered,Pending,2026-02-13
DEV00066,SITE023,USER01314,Cisco 8851,8841,14.4,Unregistered,Provisioned,2026-06-30
DEV00067,SITE026,USER01113,Cisco 8841,Webex App,15.1,Registered,Provisioned,2026-05-02
DEV00068,SITE029,USER00808,Cisco 8851,Webex App,15.0,Registered,Provisioned,2026-02-11
DEV00069,SITE031,USER00122,Cisco 8865,8851,15.1,Unregistered,Provisioned,2026-06-25
DEV00070,SITE027,USER02444,Cisco 8851,8841,15.0,Registered,Provisioned,2025-12-23
DEV00071,SITE007,USER01068,Cisco 8851,8865,15.0,Registered,Provisioned,2026-03-23
DEV00072,SITE009,USER00343,Cisco 8841,8841,15.1,Registered,Provisioned,2026-07-23
DEV00073,SITE003,USER01003,Webex App,Webex App,14.2,Registered,Provisioned,2026-01-07
DEV00074,SITE029,USER00208,Cisco 8865,8865,15.0,Registered,Provisioned,2026-03-24
DEV00075,SITE019,USER01239,Webex App,8841,15.1,Unregistered,Provisioned,2026-02-17
DEV00076,SITE016,USER01538,Cisco 8841,8841,14.3,Unregistered,Failed,2026-01-04
DEV00077,SITE011,USER00884,Cisco 8841,8841,14.4,Registered,Provisioned,2026-04-06
DEV00078,SITE021,USER00870,Cisco 8865,8851,15.0,Registered,Provisioned,2026-01-05
DEV00079,SITE007,USER02119,Webex App,Webex App,14.4,Unregistered,Provisioned,2026-02-19
DEV00080,SITE030,USER00662,Cisco 8851,8865,15.0,Registered,Provisioned,2026-02-28
DEV00081,SITE028,USER02391,Room Kit,8851,14.2,Registered,Pending,2026-01-14
DEV00082,SITE004,USER01814,Room Kit,8841,15.1,Registered,Provisioned,2026-05-21
DEV00083,SITE026,USER00532,Cisco 8865,Webex App,15.0,Registered,Provisioned,2026-01-06
DEV00084,SITE003,USER01143,Cisco 8851,8841,14.2,Registered,Provisioned,2025-12-16
DEV00085,SITE016,USER00371,Cisco 8851,8865,14.2,Unregistered,Provisioned,2026-07-21
DEV00086,SITE002,USER02000,Webex App,Room Kit,14.2,Registered,Provisioned,2026-07-11
DEV00087,SITE032,USER00278,Room Kit,8865,14.3,Registered,Provisioned,2026-03-21
DEV00088,SITE025,USER01343,Webex App,8841,14.4,Registered,Provisioned,2026-07-26
DEV00089,SITE034,USER01746,Cisco 8841,Room Kit,15.1,Registered,Provisioned,2026-05-12
DEV00090,SITE002,USER02107,Room Kit,Webex App,14.4,Registered,Pending,2026-03-23
DEV00091,SITE011,USER01764,Cisco 8841,8865,14.4,Unregistered,Failed,2025-11-21
DEV00092,SITE027,USER00090,Cisco 8841,8865,14.3,Registered,Provisioned,2025-12-27
DEV00093,SITE010,USER00081,Webex App,Room Kit,14.4,Registered,Provisioned,2025-11-12
DEV00094,SITE001,USER01906,Cisco 8865,8865,15.1,Registered,Provisioned,2026-04-10
DEV00095,SITE028,USER01948,Webex App,Room Kit,15.1,Registered,Pending,2026-08-13
DEV00096,SITE011,USER02144,Cisco 8851,8841,15.1,Registered,Provisioned,2026-06-03
DEV00097,SITE017,USER00947,Cisco 8851,8865,15.0,Registered,Provisioned,2026-07-27
DEV00098,SITE005,USER01555,Cisco 8851,8851,15.1,Unregistered,Provisioned,2026-08-15
DEV00099,SITE014,USER01640,Room Kit,8841,14.4,None,Provisioned,2026-06-06
DEV00100,SITE020,USER01933,Cisco 8851,8841,14.3,Registered,Provisioned,2026-04-20
DEV00101,SITE027,USER02009,Webex App,Webex App,15.0,Registered,Provisioned,2026-07-02
DEV00102,SITE030,USER00094,Cisco 8841,Webex App,15.0,Registered,Provisioned,2026-03-05
DEV00103,SITE011,USER01682,Cisco 8851,8851,14.3,Unregistered,Provisioned,2025-11-27
DEV00104,SITE035,USER00799,Cisco 8841,Webex App,14.4,Registered,Provisioned,2026-05-24
DEV00105,SITE004,USER01704,Cisco 8865,8841,14.4,Registered,Provisioned,2026-07-23
DEV00106,SITE032,USER02157,Webex App,8865,14.3,Registered,Provisioned,2025-11-10
DEV00107,SITE018,USER00328,Cisco 8851,8841,14.4,Registered,Provisioned,2026-06-06
DEV00108,SITE012,USER00436,Cisco 8865,8851,14.2,Unregistered,Provisioned,2025-11-05
DEV00109,SITE004,USER02027,Cisco 8865,Room Kit,14.2,None,Provisioned,2026-04-09
DEV00110,SITE022,USER00536,Webex App,8851,14.4,None,Provisioned,2025-11-21
DEV00111,SITE017,USER02296,Cisco 8865,8851,14.2,Unregistered,Provisioned,2025-12-06
DEV00112,SITE031,USER00058,Cisco 8851,Webex App,14.4,Registered,Provisioned,2026-05-29
DEV00113,SITE004,USER01582,Room Kit,Webex App,15.1,Registered,Provisioned,2026-04-27
DEV00114,SITE030,USER01805,Cisco 8865,8841,14.4,Registered,Provisioned,2026-01-01
DEV00115,SITE033,USER01437,Webex App,8851,14.4,Registered,Provisioned,2026-05-15
DEV00116,SITE002,USER01540,Room Kit,8865,14.4,Unregistered,Provisioned,2026-05-10
DEV00117,SITE007,USER00274,Cisco 8841,8841,14.3,Registered,Provisioned,2026-02-20
DEV00118,SITE006,USER01744,Cisco 8841,8851,15.0,Registered,Provisioned,2025-11-10
DEV00119,SITE015,USER01692,Room Kit,Room Kit,15.1,Unregistered,Provisioned,2026-05-23
DEV00120,SITE033,USER02339,Cisco 8851,8851,15.1,Registered,Provisioned,2026-07-04
DEV00121,SITE028,USER01837,Cisco 8841,8865,15.1,Registered,Pending,2026-04-13
DEV00122,SITE033,USER00198,Cisco 8865,8851,14.4,Registered,Provisioned,2025-11-09
DEV00123,SITE035,USER01684,Room Kit,Room Kit,15.1,Registered,Provisioned,2026-04-01
DEV00124,SITE027,USER01840,Cisco 8851,Room Kit,15.0,Registered,Provisioned,2026-01-13
DEV00125,SITE010,USER01022,Room Kit,8865,14.3,Registered,Failed,2026-08-07
DEV00126,SITE024,USER01519,Webex App,8851,14.4,Registered,Provisioned,2026-07-17
DEV00127,SITE023,USER01976,Room Kit,8865,14.2,Registered,Provisioned,2026-03-15
DEV00128,SITE029,USER00508,Room Kit,Webex App,14.2,Registered,Provisioned,2025-12-18
DEV00129,SITE024,USER01473,Cisco 8851,8841,15.0,Registered,Pending,2025-11-09
DEV00130,SITE016,USER00403,Cisco 8841,Room Kit,15.0,Registered,Provisioned,2026-05-14
DEV00131,SITE010,USER02060,Cisco 8865,8865,14.4,Registered,Provisioned,2025-12-05
DEV00132,SITE004,USER00587,Cisco 8865,Room Kit,14.3,Registered,Provisioned,2026-07-07
DEV00133,SITE015,USER00297,Cisco 8865,8851,14.2,None,Provisioned,2026-06-07
DEV00134,SITE007,USER01387,Cisco 8851,Webex App,15.1,Registered,Provisioned,2026-01-07
DEV00135,SITE019,USER01765,Cisco 8841,8851,15.1,Registered,Pending,2026-07-03
DEV00136,SITE033,USER01100,Room Kit,Webex App,14.2,None,Provisioned,2026-07-25
DEV00137,SITE003,USER00631,Cisco 8865,Room Kit,14.3,Registered,Provisioned,2026-03-25
DEV00138,SITE017,USER00816,Room Kit,8851,14.4,Registered,Pending,2026-05-07
DEV00139,SITE007,USER02257,Cisco 8851,8851,14.3,Registered,Failed,2026-04-03
DEV00140,SITE035,USER02265,Webex App,8841,14.2,Unregistered,Pending,2026-03-01
DEV00141,SITE003,USER01277,Cisco 8841,8841,15.0,Registered,Failed,2026-04-26
DEV00142,SITE021,USER00859,Cisco 8841,8851,15.1,Registered,Failed,2026-04-01
DEV00143,SITE027,USER02192,Cisco 8851,Webex App,14.3,Unregistered,Provisioned,2026-01-29
DEV00144,SITE031,USER02057,Room Kit,Webex App,14.4,Registered,Provisioned,2026-05-13
DEV00145,SITE016,USER01266,Cisco 8851,8841,14.3,Registered,Provisioned,2026-08-25
DEV00146,SITE029,USER02012,Cisco 8841,Room Kit,14.3,Registered,Provisioned,2026-07-08
DEV00147,SITE013,USER02013,Room Kit,8865,14.3,Registered,Pending,2025-11-19
DEV00148,SITE035,USER01422,Cisco 8841,8851,14.2,Unregistered,Provisioned,2026-04-13
DEV00149,SITE003,USER00271,Cisco 8865,Room Kit,15.0,Registered,Provisioned,2026-08-03
DEV00150,SITE002,USER00343,Cisco 8851,8841,14.4,None,Provisioned,2026-04-13
DEV00151,SITE022,USER01471,Cisco 8865,Room Kit,14.4,Unregistered,Pending,2026-06-25
DEV00152,SITE025,USER01066,Cisco 8841,Room Kit,15.1,Registered,Pending,2026-03-17
DEV00153,SITE031,USER00023,Cisco 8841,8841,15.1,Registered,Provisioned,2026-05-11
DEV00154,SITE009,USER00770,Cisco 8841,Webex App,15.1,Unregistered,Provisioned,2026-08-28
DEV00155,SITE033,USER00033,Cisco 8841,Webex App,14.4,Registered,Provisioned,2026-07-02
DEV00156,SITE010,USER00809,Room Kit,Room Kit,14.4,None,Provisioned,2026-02-16
DEV00157,SITE005,USER00157,Room Kit,8851,14.2,Registered,Provisioned,2026-01-04
DEV00158,SITE020,USER01010,Webex App,8841,14.3,Registered,Failed,2026-01-15
DEV00159,SITE023,USER00006,Webex App,Webex App,14.2,Registered,Provisioned,2026-02-27
DEV00160,SITE015,USER02071,Webex App,8841,15.0,None,Provisioned,2026-07-26
DEV00161,SITE002,USER02191,Room Kit,Room Kit,14.4,Registered,Pending,2026-01-10
DEV00162,SITE026,USER00743,Cisco 8865,8865,15.0,Registered,Provisioned,2026-01-15
DEV00163,SITE016,USER00256,Cisco 8865,Room Kit,14.3,None,Provisioned,2026-03-30
DEV00164,SITE024,USER02110,Cisco 8851,Webex App,15.1,Unregistered,Provisioned,2026-07-10
DEV00165,SITE001,USER01468,Cisco 8851,Webex App,14.2,Unregistered,Provisioned,2026-01-25
DEV00166,SITE014,USER01902,Cisco 8865,8865,14.2,Registered,Provisioned,2026-01-20
DEV00167,SITE021,USER01581,Cisco 8841,Webex App,14.4,Registered,Provisioned,2026-03-06
DEV00168,SITE005,USER01657,Cisco 8841,8841,14.3,Registered,Pending,2026-02-27
DEV00169,SITE008,USER01178,Cisco 8865,Room Kit,15.0,Registered,Provisioned,2025-12-24
DEV00170,SITE026,USER01476,Cisco 8851,Room Kit,14.3,Registered,Provisioned,2026-07-09
DEV00171,SITE012,USER00639,Webex App,Webex App,15.0,Registered,Failed,2026-02-19
DEV00172,SITE026,USER00144,Cisco 8851,8851,14.3,Unregistered,Failed,2026-05-31
DEV00173,SITE020,USER00606,Cisco 8865,8841,15.1,Registered,Pending,2026-03-28
DEV00174,SITE008,USER00145,Room Kit,Room Kit,14.3,Registered,Provisioned,2026-06-20
DEV00175,SITE016,USER01547,Cisco 8851,8851,14.3,Registered,Provisioned,2025-11-30
DEV00176,SITE006,USER02233,Cisco 8851,Webex App,15.1,Registered,Provisioned,2025-12-23
DEV00177,SITE005,USER00980,Cisco 8851,8865,14.2,Registered,Provisioned,2025-12-09
DEV00178,SITE025,USER02238,Cisco 8841,Webex App,14.2,Registered,Provisioned,2026-03-02
DEV00179,SITE027,USER01459,Cisco 8851,8841,15.1,None,Provisioned,2026-07-14
DEV00180,SITE021,USER00595,Room Kit,Room Kit,14.4,Unregistered,Provisioned,2026-06-17
DEV00181,SITE033,USER01435,Cisco 8865,8865,14.3,None,Provisioned,2025-11-14
DEV00182,SITE004,USER00227,Room Kit,8851,15.1,Registered,Provisioned,2025-11-16
DEV00183,SITE035,USER00807,Cisco 8865,8841,14.4,Registered,Provisioned,2025-12-08
DEV00184,SITE026,USER01191,Cisco 8841,Room Kit,14.4,Unregistered,Provisioned,2026-07-02
DEV00185,SITE009,USER00288,Cisco 8851,Webex App,15.0,Unregistered,Pending,2026-06-09
DEV00186,SITE016,USER00903,Cisco 8851,Room Kit,15.1,Registered,Provisioned,2026-01-07
DEV00187,SITE009,USER01207,Cisco 8841,8851,15.0,Registered,Provisioned,2026-04-23
DEV00188,SITE029,USER00825,Room Kit,8865,15.1,Registered,Provisioned,2026-03-10
DEV00189,SITE002,USER00304,Cisco 8841,8865,14.2,Registered,Provisioned,2026-02-02
DEV00190,SITE035,USER02194,Cisco 8841,8865,14.2,Unregistered,Provisioned,2026-05-21
DEV00191,SITE029,USER01388,Webex App,8841,15.1,Registered,Provisioned,2026-04-23
DEV00192,SITE008,USER01502,Webex App,Webex App,14.4,Unregistered,Provisioned,2026-08-26
DEV00193,SITE007,USER00644,Webex App,8841,15.0,None,Provisioned,2026-05-13
DEV00194,SITE016,USER02363,Cisco 8851,8841,14.4,Registered,Provisioned,2026-01-14
DEV00195,SITE020,USER00076,Webex App,Room Kit,14.3,Registered,Provisioned,2026-01-17
DEV00196,SITE030,USER00993,Cisco 8851,Room Kit,15.1,Registered,Provisioned,2026-02-19
DEV00197,SITE009,USER02168,Room Kit,Webex App,14.2,Registered,Provisioned,2025-11-20
DEV00198,SITE008,USER02168,Cisco 8865,8865,14.4,Registered,Provisioned,2025-11-01
DEV00199,SITE018,USER01142,Cisco 8841,8851,15.1,None,Provisioned,2026-01-28
DEV00200,SITE001,USER01712,Webex App,8841,15.0,Registered,Pending,2026-05-25
DEV00201,SITE027,USER00205,Cisco 8841,Webex App,14.2,Unregistered,Provisioned,2026-01-07
DEV00202,SITE033,USER00342,Cisco 8865,8841,15.0,Registered,Provisioned,2026-05-19
DEV00203,SITE018,USER01959,Cisco 8865,Webex App,14.2,Unregistered,Provisioned,2026-05-21
DEV00204,SITE033,USER02460,Room Kit,Room Kit,15.1,Registered,Provisioned,2026-04-06
DEV00205,SITE027,USER01855,Webex App,Webex App,14.4,Registered,Provisioned,2026-06-03
DEV00206,SITE031,USER00702,Room Kit,Webex App,14.2,Registered,Pending,2026-03-29
DEV00207,SITE016,USER00482,Room Kit,Webex App,15.1,Registered,Provisioned,2026-04-11
DEV00208,SITE012,USER02310,Cisco 8841,Room Kit,15.1,Registered,Provisioned,2026-04-02
DEV00209,SITE009,USER00713,Webex App,8841,15.0,Registered,Provisioned,2026-03-31
DEV00210,SITE023,USER00480,Cisco 8851,8841,14.2,Unregistered,Provisioned,2026-03-03
DEV00211,SITE011,USER00970,Cisco 8865,Room Kit,14.4,Registered,Provisioned,2026-01-01
DEV00212,SITE011,USER02412,Cisco 8851,Room Kit,15.1,Registered,Provisioned,2026-04-06
DEV00213,SITE004,USER00640,Room Kit,8851,15.1,Registered,Provisioned,2026-08-26
DEV00214,SITE030,USER01490,Room Kit,8865,15.1,Registered,Provisioned,2026-08-27
DEV00215,SITE033,USER01129,Webex App,8851,14.2,Unregistered,Provisioned,2026-05-06
DEV00216,SITE012,USER01945,Cisco 8841,8865,14.2,Unregistered,Provisioned,2026-02-01
DEV00217,SITE019,USER00215,Cisco 8851,8841,14.4,Registered,Provisioned,2026-07-20
DEV00218,SITE035,USER00749,Cisco 8841,8851,14.4,Registered,Provisioned,2026-02-04
DEV00219,SITE004,USER01539,Cisco 8841,8865,15.1,Registered,Provisioned,2026-06-08
DEV00220,SITE032,USER01170,Webex App,Room Kit,14.4,Registered,Provisioned,2026-05-13
DEV00221,SITE020,USER01215,Cisco 8851,8851,14.3,Registered,Pending,2026-05-10
DEV00222,SITE001,USER01835,Cisco 8851,Room Kit,14.4,Registered,Provisioned,2026-08-10
DEV00223,SITE018,USER01653,Cisco 8865,8851,15.1,Registered,Provisioned,2026-04-10
DEV00224,SITE005,USER01140,Cisco 8841,8851,15.0,Registered,Provisioned,2026-03-15
DEV00225,SITE009,USER00945,Room Kit,8851,14.4,Registered,Provisioned,2026-03-19
DEV00226,SITE010,USER01253,Webex App,8865,14.4,None,Provisioned,2026-06-07
DEV00227,SITE017,USER01598,Webex App,Webex App,15.1,Registered,Provisioned,2026-04-26
DEV00228,SITE007,USER02055,Cisco 8851,8841,15.1,Registered,Provisioned,2026-02-28
DEV00229,SITE019,USER00121,Webex App,Room Kit,14.3,Registered,Provisioned,2026-03-13
DEV00230,SITE018,USER01964,Webex App,Room Kit,14.3,Registered,Provisioned,2026-02-16
DEV00231,SITE024,USER00174,Cisco 8865,8851,14.4,Unregistered,Provisioned,2025-11-16
DEV00232,SITE016,USER00411,Webex App,8841,15.0,Registered,Provisioned,2026-06-02
DEV00233,SITE003,USER01616,Webex App,8851,14.4,Registered,Provisioned,2026-07-06
DEV00234,SITE011,USER01582,Cisco 8865,8851,15.1,None,Pending,2026-02-24
DEV00235,SITE035,USER00396,Cisco 8841,8865,14.3,Registered,Pending,2026-05-03
DEV00236,SITE003,USER00750,Cisco 8841,8841,14.2,None,Provisioned,2026-04-10
DEV00237,SITE007,USER00212,Cisco 8865,Webex App,14.3,Registered,Provisioned,2026-02-08
DEV00238,SITE019,USER02420,Room Kit,8865,14.4,Registered,Provisioned,2026-02-26
DEV00239,SITE006,USER00210,Cisco 8865,8865,14.2,Registered,Provisioned,2026-04-13
DEV00240,SITE019,USER01555,Cisco 8865,8851,14.3,Registered,Pending,2025-12-16
DEV00241,SITE031,USER00863,Cisco 8841,Room Kit,14.3,Registered,Provisioned,2025-11-12
DEV00242,SITE015,USER01679,Webex App,Room Kit,14.2,None,Provisioned,2026-08-22
DEV00243,SITE035,USER02122,Cisco 8851,Webex App,14.3,None,Provisioned,2026-05-16
DEV00244,SITE024,USER00669,Room Kit,8851,14.2,Registered,Provisioned,2026-01-21
DEV00245,SITE026,USER00578,Webex App,8841,15.0,Registered,Pending,2026-04-30
DEV00246,SITE016,USER00033,Webex App,Webex App,15.0,Registered,Provisioned,2026-07-07
DEV00247,SITE011,USER01717,Cisco 8865,8865,14.4,Registered,Provisioned,2025-11-10
DEV00248,SITE023,USER01215,Webex App,Room Kit,15.0,Registered,Provisioned,2026-04-29
DEV00249,SITE011,USER01515,Cisco 8841,Webex App,15.0,Registered,Failed,2026-08-01
DEV00250,SITE020,USER00743,Cisco 8841,8841,15.1,Registered,Provisioned,2026-04-06
DEV00251,SITE022,USER02484,Webex App,8841,14.3,Registered,Pending,2026-01-19
DEV00252,SITE030,USER00652,Cisco 8841,Webex App,15.1,None,Provisioned,2026-01-27
DEV00253,SITE001,USER01644,Cisco 8851,Room Kit,14.2,Registered,Provisioned,2026-01-10
DEV00254,SITE034,USER01073,Cisco 8865,8851,14.2,Registered,Provisioned,2026-08-19
DEV00255,SITE034,USER00880,Cisco 8865,8841,14.3,Unregistered,Provisioned,2026-07-03
DEV00256,SITE008,USER01319,Cisco 8865,Webex App,14.2,Unregistered,Provisioned,2026-01-22
DEV00257,SITE018,USER00667,Cisco 8865,Webex App,15.1,Registered,Provisioned,2026-06-01
DEV00258,SITE028,USER00600,Webex App,8865,15.1,Registered,Provisioned,2026-06-21
DEV00259,SITE013,USER00780,Cisco 8841,8865,15.0,Registered,Provisioned,2025-12-24
DEV00260,SITE010,USER00803,Cisco 8841,Webex App,15.1,Registered,Provisioned,2026-07-14
DEV00261,SITE029,USER00300,Room Kit,Room Kit,14.4,None,Pending,2026-02-04
DEV00262,SITE003,USER00467,Cisco 8865,Webex App,14.4,Registered,Provisioned,2025-11-24
DEV00263,SITE004,USER02272,Room Kit,Room Kit,15.1,Registered,Provisioned,2026-06-09
DEV00264,SITE004,USER00836,Cisco 8841,Room Kit,15.1,Registered,Provisioned,2026-03-07
DEV00265,SITE001,USER02467,Cisco 8851,8841,15.0,Registered,Provisioned,2025-12-05
DEV00266,SITE012,USER00864,Room Kit,8841,14.4,Unregistered,Provisioned,2026-05-19
DEV00267,SITE016,USER00169,Cisco 8865,Room Kit,14.2,Registered,Provisioned,2025-11-15
DEV00268,SITE017,USER00627,Cisco 8851,Room Kit,14.2,Registered,Pending,2026-06-30
DEV00269,SITE004,USER01166,Cisco 8865,8851,15.1,Registered,Provisioned,2026-08-13
DEV00270,SITE026,USER00905,Webex App,Room Kit,15.0,None,Provisioned,2026-08-04
DEV00271,SITE008,USER01324,Webex App,8851,14.2,Registered,Provisioned,2026-08-24
DEV00272,SITE001,USER01090,Cisco 8841,8851,14.4,Registered,Provisioned,2026-06-16
DEV00273,SITE001,USER02177,Cisco 8865,Webex App,15.1,Registered,Provisioned,2026-03-04
DEV00274,SITE004,USER00365,Webex App,8851,14.4,None,Pending,2025-12-10
DEV00275,SITE034,USER01021,Webex App,Webex App,14.3,Registered,Provisioned,2026-06-04
DEV00276,SITE018,USER00451,Webex App,Room Kit,15.0,Registered,Provisioned,2026-06-13
DEV00277,SITE023,USER02341,Webex App,8851,15.1,None,Provisioned,2026-08-29
DEV00278,SITE009,USER02101,Room Kit,Room Kit,15.1,Registered,Provisioned,2026-01-06
DEV00279,SITE014,USER00949,Webex App,Webex App,14.3,Registered,Provisioned,2026-04-18
DEV00280,SITE029,USER01447,Cisco 8841,8865,14.4,Registered,Provisioned,2025-11-29
DEV00281,SITE015,USER00988,Cisco 8841,8851,14.3,Registered,Provisioned,2026-01-16
DEV00282,SITE029,USER02237,Cisco 8841,8865,15.1,Unregistered,Provisioned,2025-12-16
DEV00283,SITE028,USER01682,Room Kit,Webex App,15.1,Registered,Provisioned,2026-01-26
DEV00284,SITE026,USER01472,Cisco 8851,8851,14.2,Registered,Failed,2025-11-28
DEV00285,SITE012,USER01928,Cisco 8841,8851,14.2,Unregistered,Provisioned,2026-07-24
DEV00286,SITE032,USER01142,Room Kit,Webex App,15.0,Unregistered,Provisioned,2026-08-13
DEV00287,SITE016,USER01584,Webex App,Room Kit,15.0,Unregistered,Provisioned,2025-12-29
DEV00288,SITE009,USER00700,Webex App,Webex App,14.2,Registered,Provisioned,2026-01-23
DEV00289,SITE019,USER00267,Cisco 8865,8851,14.4,Registered,Provisioned,2026-04-25
DEV00290,SITE024,USER01006,Cisco 8841,8865,14.3,Registered,Provisioned,2026-07-31
DEV00291,SITE004,USER00805,Cisco 8851,Room Kit,14.2,Unregistered,Provisioned,2026-04-03
DEV00292,SITE028,USER00525,Webex App,Room Kit,15.1,Registered,Provisioned,2026-08-13
DEV00293,SITE010,USER01580,Cisco 8841,8865,15.0,Registered,Provisioned,2026-08-28
DEV00294,SITE030,USER00969,Cisco 8865,8841,14.3,None,Provisioned,2026-04-30
DEV00295,SITE008,USER02456,Room Kit,Webex App,14.3,Registered,Provisioned,2026-02-28
DEV00296,SITE018,USER00257,Cisco 8841,Webex App,14.3,Registered,Pending,2026-01-29
DEV00297,SITE016,USER00553,Cisco 8851,Room Kit,14.2,Registered,Provisioned,2026-08-19
DEV00298,SITE009,USER01876,Cisco 8851,8851,15.0,Registered,Provisioned,2026-03-31
DEV00299,SITE016,USER01622,Cisco 8841,Room Kit,15.0,Registered,Provisioned,2026-08-25
DEV00300,SITE016,USER00715,Cisco 8851,8851,14.2,Unregistered,Provisioned,2026-02-28
DEV00301,SITE020,USER00664,Room Kit,8841,15.0,Registered,Provisioned,2026-03-24
DEV00302,SITE027,USER02480,Room Kit,8865,14.3,Unregistered,Provisioned,2026-07-29
DEV00303,SITE026,USER00170,Cisco 8841,8841,15.1,Registered,Failed,2026-01-14
DEV00304,SITE011,USER02491,Cisco 8851,8841,14.3,Registered,Provisioned,2026-01-07
DEV00305,SITE016,USER01910,Webex App,8841,14.4,Registered,Pending,2026-07-04
DEV00306,SITE002,USER01746,Cisco 8851,8851,15.1,Registered,Provisioned,2025-11-08
DEV00307,SITE022,USER02332,Cisco 8851,Room Kit,15.1,None,Provisioned,2025-12-04
DEV00308,SITE020,USER02469,Webex App,Webex App,14.2,Registered,Provisioned,2026-01-31
DEV00309,SITE027,USER01793,Cisco 8851,Webex App,14.2,None,Provisioned,2025-11-02
DEV00310,SITE004,USER00450,Webex App,8851,15.1,Registered,Provisioned,2026-05-10
DEV00311,SITE002,USER01660,Cisco 8841,8851,14.3,None,Provisioned,2026-07-23
DEV00312,SITE003,USER00645,Cisco 8851,Room Kit,14.3,Registered,Provisioned,2026-03-21
DEV00313,SITE031,USER02429,Cisco 8851,8851,14.4,Registered,Pending,2026-08-11
DEV00314,SITE013,USER00566,Cisco 8841,8865,15.1,Registered,Provisioned,2025-11-16
DEV00315,SITE019,USER00693,Cisco 8851,8851,14.3,Registered,Provisioned,2026-07-18
DEV00316,SITE004,USER02010,Webex App,8851,15.1,Unregistered,Provisioned,2025-12-10
DEV00317,SITE018,USER01243,Webex App,8865,14.2,Unregistered,Provisioned,2026-05-12
DEV00318,SITE026,USER01650,Room Kit,8841,14.3,Registered,Provisioned,2025-12-27
DEV00319,SITE013,USER02251,Webex App,Webex App,14.4,Registered,Provisioned,2026-03-20
DEV00320,SITE021,USER02203,Room Kit,Webex App,15.1,Unregistered,Provisioned,2026-06-08
DEV00321,SITE020,USER01437,Webex App,8841,14.2,Registered,Provisioned,2026-07-12
DEV00322,SITE013,USER02392,Cisco 8851,Webex App,15.1,Unregistered,Provisioned,2026-06-06
DEV00323,SITE029,USER00639,Cisco 8841,8851,14.4,Registered,Provisioned,2025-12-21
DEV00324,SITE022,USER02429,Cisco 8841,8865,15.0,Registered,Failed,2025-12-09
DEV00325,SITE017,USER00391,Room Kit,8841,14.4,None,Provisioned,2026-07-04
DEV00326,SITE007,USER00605,Cisco 8851,Room Kit,15.1,Registered,Provisioned,2025-11-27
DEV00327,SITE014,USER02158,Cisco 8851,8865,14.2,None,Provisioned,2025-11-05
DEV00328,SITE025,USER00572,Cisco 8851,8851,15.0,Registered,Provisioned,2025-11-18
DEV00329,SITE034,USER00680,Webex App,8865,15.1,Registered,Failed,2026-01-31
DEV00330,SITE027,USER00283,Cisco 8851,8865,15.0,Registered,Provisioned,2025-12-26
DEV00331,SITE019,USER02420,Cisco 8865,8841,14.2,Registered,Failed,2026-07-04
DEV00332,SITE016,USER00921,Cisco 8841,8841,15.0,Unregistered,Pending,2026-05-07
DEV00333,SITE026,USER00041,Cisco 8865,8865,15.0,Registered,Provisioned,2026-04-04
DEV00334,SITE002,USER01842,Cisco 8851,8865,14.3,Registered,Provisioned,2026-06-28
DEV00335,SITE022,USER00052,Webex App,8841,14.2,Registered,Provisioned,2026-08-12
DEV00336,SITE017,USER02443,Webex App,8851,14.4,None,Provisioned,2026-08-16
DEV00337,SITE022,USER01637,Cisco 8865,Room Kit,14.3,Registered,Provisioned,2025-11-01
DEV00338,SITE008,USER01543,Webex App,Webex App,14.4,Registered,Pending,2026-01-21
DEV00339,SITE031,USER01710,Room Kit,Room Kit,14.3,Registered,Provisioned,2025-11-03
DEV00340,SITE025,USER02086,Cisco 8851,8865,14.2,Registered,Provisioned,2025-11-03
DEV00341,SITE021,USER00424,Cisco 8851,Webex App,15.0,Registered,Provisioned,2026-02-01
DEV00342,SITE035,USER00822,Cisco 8841,8841,14.3,Registered,Provisioned,2026-02-11
DEV00343,SITE033,USER01533,Webex App,Room Kit,15.1,Registered,Provisioned,2025-12-04
DEV00344,SITE001,USER01495,Room Kit,Room Kit,15.1,Registered,Provisioned,2026-08-28
DEV00345,SITE022,USER02012,Cisco 8841,8841,14.3,Registered,Provisioned,2026-06-26
DEV00346,SITE024,USER01885,Webex App,8841,15.0,Registered,Provisioned,2026-02-18
DEV00347,SITE024,USER01824,Cisco 8851,Room Kit,15.0,Registered,Provisioned,2026-08-21
DEV00348,SITE004,USER01621,Webex App,Webex App,14.2,Registered,Provisioned,2025-12-01
DEV00349,SITE011,USER01154,Cisco 8841,8851,14.3,Registered,Provisioned,2026-04-18
DEV00350,SITE021,USER00460,Cisco 8851,8865,15.0,None,Provisioned,2025-11-03
DEV00351,SITE024,USER00220,Cisco 8865,8865,14.2,Unregistered,Provisioned,2026-08-21
DEV00352,SITE008,USER01887,Cisco 8851,8841,14.3,Registered,Provisioned,2026-01-29
DEV00353,SITE028,USER02428,Cisco 8865,8851,15.1,None,Provisioned,2026-01-31
DEV00354,SITE011,USER01868,Webex App,Webex App,14.4,Registered,Provisioned,2026-03-29
DEV00355,SITE029,USER00402,Room Kit,8865,14.4,Registered,Provisioned,2026-03-01
DEV00356,SITE020,USER02056,Room Kit,Webex App,14.2,Registered,Provisioned,2026-01-02
DEV00357,SITE024,USER01239,Cisco 8865,Room Kit,15.1,Registered,Provisioned,2026-02-14
DEV00358,SITE014,USER01710,Room Kit,Room Kit,15.1,Registered,Provisioned,2026-01-01
DEV00359,SITE026,USER02181,Cisco 8865,Webex App,14.3,None,Provisioned,2026-08-27
DEV00360,SITE007,USER02316,Cisco 8865,8851,14.4,Registered,Pending,2026-07-26
DEV00361,SITE007,USER00177,Cisco 8841,8851,14.4,Registered,Provisioned,2026-05-25
DEV00362,SITE001,USER02245,Cisco 8841,8851,14.3,Registered,Failed,2026-01-29
DEV00363,SITE017,USER01532,Cisco 8865,8841,14.3,Registered,Provisioned,2026-07-19
DEV00364,SITE008,USER01139,Cisco 8865,Room Kit,14.4,Unregistered,Provisioned,2026-05-12
DEV00365,SITE025,USER01407,Room Kit,Room Kit,15.0,None,Provisioned,2025-12-22
DEV00366,SITE018,USER01775,Cisco 8851,Room Kit,14.2,Unregistered,Provisioned,2026-08-12
DEV00367,SITE025,USER02279,Webex App,8865,15.1,Registered,Pending,2026-05-04
DEV00368,SITE022,USER00252,Webex App,Room Kit,14.2,Registered,Provisioned,2026-06-22
DEV00369,SITE005,USER00269,Cisco 8865,8865,14.2,Registered,Failed,2026-07-30
DEV00370,SITE022,USER02313,Webex App,Room Kit,14.3,Registered,Failed,2026-08-23
DEV00371,SITE022,USER00994,Cisco 8841,8841,14.3,Registered,Provisioned,2026-05-02
DEV00372,SITE007,USER00299,Cisco 8865,8851,14.3,None,Provisioned,2026-08-15
DEV00373,SITE029,USER00875,Room Kit,Webex App,15.1,Registered,Provisioned,2026-03-05
DEV00374,SITE021,USER01488,Cisco 8865,8841,15.1,Registered,Provisioned,2026-07-09
DEV00375,SITE035,USER02367,Room Kit,Webex App,14.4,Unregistered,Provisioned,2026-04-13
DEV00376,SITE029,USER00384,Cisco 8851,8841,14.3,Registered,Provisioned,2026-06-11
DEV00377,SITE016,USER01744,Cisco 8865,Webex App,14.3,Registered,Provisioned,2026-07-31
DEV00378,SITE014,USER00743,Cisco 8865,8865,15.1,Registered,Provisioned,2026-01-28
DEV00379,SITE012,USER01377,Webex App,Room Kit,15.0,Registered,Pending,2026-03-27
DEV00380,SITE007,USER01456,Cisco 8841,8865,14.4,Unregistered,Provisioned,2026-06-04
DEV00381,SITE031,USER02472,Cisco 8851,8865,14.4,Registered,Provisioned,2026-08-26
DEV00382,SITE004,USER02300,Cisco 8841,8865,14.2,Registered,Provisioned,2026-04-12
DEV00383,SITE004,USER00868,Cisco 8865,8865,14.2,Registered,Provisioned,2026-06-07
DEV00384,SITE020,USER00723,Room Kit,Room Kit,15.1,Registered,Provisioned,2026-06-10
DEV00385,SITE031,USER02030,Cisco 8841,8851,14.2,Registered,Provisioned,2026-08-24
DEV00386,SITE015,USER02283,Room Kit,8865,15.1,Registered,Provisioned,2026-07-31
DEV00387,SITE018,USER00398,Cisco 8851,8851,15.1,Unregistered,Provisioned,2025-11-14
DEV00388,SITE021,USER02494,Cisco 8841,8865,14.2,Registered,Provisioned,2025-11-11
DEV00389,SITE034,USER00882,Room Kit,8841,15.0,None,Provisioned,2026-07-12
DEV00390,SITE012,USER01785,Cisco 8865,8865,14.2,Registered,Provisioned,2026-03-21
DEV00391,SITE025,USER01370,Room Kit,Webex App,14.2,Registered,Provisioned,2026-07-29
DEV00392,SITE031,USER00371,Cisco 8865,8865,14.4,Registered,Provisioned,2026-06-19
DEV00393,SITE024,USER00879,Room Kit,Room Kit,14.4,Registered,Provisioned,2026-05-22
DEV00394,SITE030,USER00444,Webex App,8865,15.0,Registered,Provisioned,2026-07-11
DEV00395,SITE031,USER02429,Cisco 8841,8865,14.3,Registered,Provisioned,2026-03-15
DEV00396,SITE009,USER02292,Cisco 8865,Room Kit,15.0,Registered,Provisioned,2026-01-02
DEV00397,SITE029,USER01105,Cisco 8851,8851,14.4,Registered,Provisioned,2026-01-01
DEV00398,SITE025,USER01662,Webex App,8865,14.2,None,Pending,2026-08-26
DEV00399,SITE018,USER00070,Cisco 8841,Room Kit,14.3,Unregistered,Provisioned,2025-11-25
DEV00400,SITE025,USER02274,Cisco 8851,8865,14.3,Registered,Pending,2026-05-27
DEV00401,SITE023,USER00961,Webex App,8865,15.0,Registered,Provisioned,2025-12-04
DEV00402,SITE015,USER01086,Webex App,8865,14.3,Unregistered,Provisioned,2025-11-02
DEV00403,SITE034,USER01660,Room Kit,8865,14.2,Registered,Pending,2026-01-22
DEV00404,SITE015,USER02282,Cisco 8865,Webex App,14.4,Registered,Provisioned,2026-07-17
DEV00405,SITE035,USER01523,Webex App,8851,14.2,Registered,Pending,2026-01-13
DEV00406,SITE010,USER00179,Cisco 8841,8841,15.0,Registered,Provisioned,2026-07-09
DEV00407,SITE029,USER00117,Cisco 8841,Room Kit,15.0,Registered,Provisioned,2026-04-04
DEV00408,SITE021,USER00826,Cisco 8851,8851,15.1,Registered,Provisioned,2025-11-19
DEV00409,SITE035,USER00811,Cisco 8851,Room Kit,15.1,Registered,Provisioned,2026-05-06
DEV00410,SITE029,USER01299,Cisco 8851,8865,15.0,Registered,Provisioned,2026-06-10
DEV00411,SITE024,USER01919,Webex App,8851,14.2,None,Provisioned,2026-06-18
DEV00412,SITE005,USER01021,Cisco 8841,8865,14.4,Unregistered,Provisioned,2026-03-28
DEV00413,SITE022,USER00959,Cisco 8841,Webex App,14.3,Registered,Pending,2025-11-07
DEV00414,SITE005,USER00368,Cisco 8865,Room Kit,15.1,Registered,Failed,2026-02-17
DEV00415,SITE011,USER01111,Cisco 8865,8851,14.3,Registered,Provisioned,2026-03-13
DEV00416,SITE024,USER02300,Cisco 8851,8841,14.3,None,Pending,2026-01-17
DEV00417,SITE002,USER01350,Cisco 8841,8865,15.1,Unregistered,Provisioned,2026-05-01
DEV00418,SITE025,USER00294,Cisco 8865,Webex App,14.2,Registered,Provisioned,2026-06-08
DEV00419,SITE004,USER00862,Room Kit,Room Kit,14.3,Unregistered,Provisioned,2026-01-09
DEV00420,SITE019,USER00354,Room Kit,8865,14.2,Registered,Provisioned,2025-11-14
DEV00421,SITE012,USER00164,Webex App,8865,15.1,Registered,Pending,2026-08-10
DEV00422,SITE035,USER02082,Webex App,Room Kit,14.2,Registered,Provisioned,2026-07-20
DEV00423,SITE020,USER01376,Cisco 8851,8851,14.3,Registered,Pending,2026-03-29
DEV00424,SITE027,USER02468,Webex App,8851,14.3,Registered,Provisioned,2026-03-24
DEV00425,SITE025,USER00350,Cisco 8851,Room Kit,14.3,Registered,Provisioned,2026-05-29
DEV00426,SITE029,USER00648,Webex App,Webex App,14.4,Registered,Provisioned,2026-03-24
DEV00427,SITE005,USER00996,Room Kit,8865,15.1,Registered,Pending,2026-01-30
DEV00428,SITE007,USER02101,Webex App,8865,14.4,Registered,Provisioned,2026-08-28
DEV00429,SITE011,USER01826,Webex App,8851,14.2,None,Provisioned,2026-05-28
DEV00430,SITE031,USER00254,Cisco 8865,8841,15.0,Registered,Provisioned,2026-04-15
DEV00431,SITE003,USER00189,Cisco 8851,Room Kit,14.4,Registered,Pending,2026-08-16
DEV00432,SITE016,USER01054,Room Kit,8841,15.1,Registered,Provisioned,2026-05-02
DEV00433,SITE029,USER00379,Cisco 8841,8841,14.4,Registered,Provisioned,2026-03-01
DEV00434,SITE034,USER00288,Room Kit,8851,14.2,Unregistered,Provisioned,2026-06-03
DEV00435,SITE035,USER02409,Cisco 8851,Room Kit,15.1,Registered,Provisioned,2025-12-27
DEV00436,SITE019,USER00553,Room Kit,Room Kit,14.4,Registered,Provisioned,2025-12-20
DEV00437,SITE028,USER02479,Cisco 8841,8841,15.0,Registered,Pending,2026-07-16
DEV00438,SITE018,USER00150,Cisco 8865,8841,15.0,Registered,Provisioned,2026-03-06
DEV00439,SITE027,USER00281,Cisco 8841,Webex App,14.2,None,Pending,2026-02-16
DEV00440,SITE020,USER02341,Room Kit,Webex App,15.0,Registered,Provisioned,2025-12-31
DEV00441,SITE010,USER01246,Cisco 8841,8865,14.4,Registered,Provisioned,2026-07-17
DEV00442,SITE035,USER01361,Webex App,8865,15.1,Registered,Provisioned,2026-06-10
DEV00443,SITE009,USER00496,Cisco 8865,8851,14.4,Registered,Provisioned,2026-04-15
DEV00444,SITE025,USER00484,Webex App,Webex App,14.4,Registered,Provisioned,2026-05-10
DEV00445,SITE015,USER01710,Cisco 8865,Webex App,14.2,Registered,Provisioned,2026-02-06
DEV00446,SITE004,USER02118,Room Kit,Room Kit,14.2,Registered,Provisioned,2026-08-23
DEV00447,SITE008,USER00182,Webex App,Webex App,14.2,Registered,Provisioned,2025-12-08
DEV00448,SITE012,USER01985,Cisco 8865,8841,14.3,Registered,Provisioned,2026-03-30
DEV00449,SITE012,USER00096,Room Kit,8841,14.2,Registered,Provisioned,2026-05-24
DEV00450,SITE014,USER01798,Room Kit,8851,14.3,Unregistered,Provisioned,2026-06-03
DEV00451,SITE030,USER01867,Cisco 8841,Room Kit,15.1,Registered,Provisioned,2026-05-12
DEV00452,SITE011,USER00610,Room Kit,8865,14.2,Registered,Provisioned,2026-01-04
DEV00453,SITE022,USER02370,Cisco 8841,8865,14.4,Unregistered,Pending,2026-01-26
DEV00454,SITE006,USER00888,Room Kit,8841,14.4,Registered,Provisioned,2026-03-16
DEV00455,SITE028,USER01102,Cisco 8865,8865,14.2,Registered,Pending,2025-12-24
DEV00456,SITE028,USER01979,Cisco 8851,Webex App,14.2,None,Provisioned,2025-12-28
DEV00457,SITE023,USER02424,Room Kit,8851,14.4,Registered,Provisioned,2026-03-17
DEV00458,SITE026,USER00988,Cisco 8841,Room Kit,14.2,Registered,Provisioned,2025-11-21
DEV00459,SITE024,USER01914,Cisco 8851,Webex App,14.2,Registered,Provisioned,2026-01-04
DEV00460,SITE018,USER02065,Cisco 8865,Room Kit,15.0,Registered,Provisioned,2026-05-09
DEV00461,SITE002,USER00918,Cisco 8841,8851,14.3,Registered,Provisioned,2026-08-07
DEV00462,SITE027,USER00735,Cisco 8865,Room Kit,15.1,None,Pending,2026-07-20
DEV00463,SITE002,USER00474,Cisco 8841,Room Kit,14.4,Registered,Failed,2026-02-24
DEV00464,SITE013,USER00579,Cisco 8865,8851,14.3,Unregistered,Provisioned,2025-11-07
DEV00465,SITE030,USER00450,Room Kit,8865,14.2,Unregistered,Provisioned,2026-06-14
DEV00466,SITE017,USER02465,Webex App,8841,14.4,None,Provisioned,2026-07-04
DEV00467,SITE027,USER02040,Cisco 8865,8865,14.4,Registered,Provisioned,2026-08-01
DEV00468,SITE019,USER00904,Cisco 8865,8841,14.2,Registered,Provisioned,2026-01-07
DEV00469,SITE020,USER00284,Room Kit,8841,14.3,Unregistered,Provisioned,2026-03-27
DEV00470,SITE001,USER01753,Webex App,Webex App,14.4,Unregistered,Provisioned,2026-03-25
DEV00471,SITE011,USER02358,Cisco 8841,Webex App,15.1,Registered,Provisioned,2025-12-18
DEV00472,SITE014,USER00077,Cisco 8865,8865,14.3,Registered,Provisioned,2026-07-14
DEV00473,SITE018,USER01700,Webex App,Webex App,15.1,Registered,Pending,2026-03-05
DEV00474,SITE024,USER00510,Cisco 8851,Room Kit,14.2,Registered,Provisioned,2025-12-24
DEV00475,SITE020,USER02371,Cisco 8841,Webex App,14.2,Unregistered,Pending,2026-02-13
DEV00476,SITE003,USER02263,Room Kit,Webex App,14.3,Registered,Pending,2026-04-21
DEV00477,SITE030,USER00950,Cisco 8841,Webex App,14.3,Registered,Provisioned,2026-02-03
DEV00478,SITE019,USER00267,Cisco 8865,8865,14.3,Registered,Provisioned,2026-05-31
DEV00479,SITE005,USER01488,Cisco 8841,Webex App,14.3,Registered,Provisioned,2025-12-07
DEV00480,SITE031,USER02293,Cisco 8841,8841,14.4,None,Provisioned,2026-07-17
DEV00481,SITE007,USER01484,Webex App,8865,14.4,Unregistered,Provisioned,2026-07-12
DEV00482,SITE016,USER01335,Room Kit,8841,15.0,Unregistered,Provisioned,2026-04-21
DEV00483,SITE008,USER00101,Cisco 8851,Room Kit,14.2,None,Provisioned,2026-02-14
DEV00484,SITE034,USER00515,Room Kit,Webex App,14.2,Unregistered,Provisioned,2026-03-09
DEV00485,SITE026,USER01315,Cisco 8841,Webex App,15.0,None,Pending,2026-07-14
DEV00486,SITE009,USER01523,Cisco 8841,8841,14.3,Unregistered,Provisioned,2026-02-14
DEV00487,SITE033,USER00849,Cisco 8865,8851,14.3,Registered,Provisioned,2026-07-07
DEV00488,SITE014,USER02314,Room Kit,8865,14.3,Registered,Provisioned,2026-07-23
DEV00489,SITE031,USER01773,Webex App,8841,14.3,Registered,Provisioned,2026-08-12
DEV00490,SITE035,USER01294,Room Kit,Webex App,14.3,Registered,Provisioned,2026-04-20
DEV00491,SITE012,USER00396,Cisco 8865,8851,14.4,Registered,Pending,2026-02-28
DEV00492,SITE017,USER01538,Room Kit,8841,14.2,Unregistered,Pending,2026-01-27
DEV00493,SITE026,USER01204,Cisco 8865,8851,15.0,Registered,Provisioned,2025-12-05
DEV00494,SITE014,USER00047,Cisco 8851,Room Kit,14.3,Registered,Pending,2026-07-05
DEV00495,SITE029,USER00529,Cisco 8841,Webex App,15.0,Registered,Provisioned,2026-04-17
DEV00496,SITE027,USER01546,Cisco 8865,Room Kit,15.1,None,Provisioned,2026-03-27
DEV00497,SITE016,USER00398,Room Kit,8851,15.1,Unregistered,Provisioned,2026-01-20
DEV00498,SITE035,USER01298,Room Kit,Webex App,14.3,Registered,Pending,2025-11-12
DEV00499,SITE014,USER00325,Cisco 8865,8865,15.1,Registered,Provisioned,2026-05-11
DEV00500,SITE013,USER00830,Cisco 8865,Webex App,15.1,Registered,Provisioned,2026-02-19
DEV00501,SITE032,USER00789,Cisco 8851,Room Kit,15.0,Registered,Provisioned,2026-05-21
DEV00502,SITE008,USER02067,Webex App,Room Kit,15.1,None,Pending,2026-06-24
DEV00503,SITE011,USER01680,Cisco 8865,Room Kit,14.2,Registered,Provisioned,2026-04-18
DEV00504,SITE010,USER02286,Webex App,8841,15.1,Registered,Provisioned,2026-07-21
DEV00505,SITE003,USER01385,Cisco 8841,Webex App,15.1,Registered,Provisioned,2026-02-08
DEV00506,SITE027,USER01373,Webex App,Webex App,15.0,Unregistered,Provisioned,2026-04-01
DEV00507,SITE002,USER01328,Cisco 8841,8841,14.2,Registered,Provisioned,2026-05-25
DEV00508,SITE023,USER00389,Room Kit,8865,14.4,Registered,Pending,2026-07-23
DEV00509,SITE019,USER01322,Webex App,Room Kit,15.1,Registered,Provisioned,2026-07-22
DEV00510,SITE022,USER01595,Cisco 8851,8841,15.1,Unregistered,Provisioned,2025-11-10
DEV00511,SITE019,USER02224,Cisco 8865,Room Kit,15.1,Registered,Provisioned,2026-02-09
DEV00512,SITE032,USER02342,Cisco 8841,8841,15.1,Registered,Provisioned,2026-04-17
DEV00513,SITE020,USER00332,Webex App,8851,14.2,Unregistered,Provisioned,2026-03-03
DEV00514,SITE012,USER02264,Cisco 8865,8841,14.3,Registered,Provisioned,2026-01-10
DEV00515,SITE030,USER00349,Webex App,Room Kit,15.0,Registered,Provisioned,2026-02-08
DEV00516,SITE016,USER00073,Room Kit,Webex App,14.2,Unregistered,Provisioned,2026-05-12
DEV00517,SITE028,USER01666,Room Kit,8851,15.0,Unregistered,Provisioned,2025-12-03
DEV00518,SITE028,USER00897,Cisco 8851,8841,15.0,Registered,Provisioned,2026-01-16
DEV00519,SITE008,USER00195,Webex App,8841,15.1,None,Provisioned,2025-11-11
DEV00520,SITE035,USER00061,Webex App,8841,14.3,None,Failed,2026-06-13
DEV00521,SITE016,USER01983,Webex App,8865,15.0,None,Provisioned,2026-04-09
DEV00522,SITE019,USER02098,Cisco 8865,Webex App,15.1,Unregistered,Provisioned,2026-08-04
DEV00523,SITE031,USER01376,Cisco 8865,8851,14.3,Registered,Provisioned,2025-12-17
DEV00524,SITE008,USER02141,Room Kit,Room Kit,14.4,Registered,Provisioned,2026-01-13
DEV00525,SITE025,USER01524,Webex App,8841,14.4,Unregistered,Provisioned,2026-04-22
DEV00526,SITE021,USER01008,Cisco 8841,8865,15.0,Registered,Provisioned,2026-08-05
DEV00527,SITE019,USER00626,Cisco 8851,8841,14.4,Unregistered,Provisioned,2026-02-15
DEV00528,SITE021,USER02337,Webex App,8851,14.2,None,Provisioned,2026-07-29
DEV00529,SITE016,USER00688,Cisco 8865,8841,14.3,Registered,Failed,2026-07-11
DEV00530,SITE005,USER00031,Cisco 8841,8851,15.1,Registered,Provisioned,2026-05-27
DEV00531,SITE010,USER00294,Room Kit,8865,14.2,Registered,Provisioned,2026-05-17
DEV00532,SITE028,USER01074,Cisco 8841,Webex App,14.3,Registered,Provisioned,2026-05-15
DEV00533,SITE025,USER01166,Cisco 8865,Webex App,14.4,Registered,Provisioned,2025-12-30
DEV00534,SITE026,USER00681,Cisco 8841,Webex App,15.1,Registered,Provisioned,2026-04-18
DEV00535,SITE011,USER02325,Room Kit,8851,14.3,Registered,Provisioned,2026-01-10
DEV00536,SITE021,USER00826,Webex App,Webex App,14.3,Registered,Pending,2026-02-02
DEV00537,SITE028,USER02448,Cisco 8841,Webex App,14.3,Unregistered,Provisioned,2026-01-10
DEV00538,SITE035,USER01409,Webex App,Room Kit,14.4,Registered,Provisioned,2026-03-07
DEV00539,SITE005,USER00932,Webex App,8851,14.2,Registered,Provisioned,2025-12-03
DEV00540,SITE024,USER02455,Cisco 8851,8865,15.1,Registered,Provisioned,2026-03-11
DEV00541,SITE025,USER00709,Cisco 8865,8841,14.3,None,Pending,2026-07-25
DEV00542,SITE020,USER02005,Room Kit,8841,15.0,Registered,Failed,2026-01-08
DEV00543,SITE006,USER01624,Cisco 8851,8851,14.4,Registered,Pending,2026-06-18
DEV00544,SITE016,USER02392,Cisco 8851,8841,14.3,Registered,Provisioned,2026-03-07
DEV00545,SITE018,USER01859,Cisco 8865,Webex App,15.1,Unregistered,Provisioned,2026-08-02
DEV00546,SITE018,USER01558,Webex App,Webex App,15.0,Registered,Provisioned,2026-04-18
DEV00547,SITE018,USER02228,Cisco 8865,8841,15.0,Registered,Failed,2026-07-31
DEV00548,SITE016,USER00415,Room Kit,Room Kit,15.0,Unregistered,Failed,2026-05-16
DEV00549,SITE032,USER01944,Cisco 8865,Webex App,15.0,None,Provisioned,2026-03-22
DEV00550,SITE035,USER02439,Webex App,8865,14.2,Registered,Provisioned,2026-05-20
DEV00551,SITE002,USER00327,Webex App,8865,14.4,Registered,Provisioned,2026-07-22
DEV00552,SITE004,USER01798,Webex App,Room Kit,14.4,Registered,Provisioned,2026-05-05
DEV00553,SITE021,USER01262,Cisco 8865,Webex App,15.1,Registered,Pending,2025-11-07
DEV00554,SITE011,USER01829,Room Kit,8841,14.4,Registered,Pending,2026-07-01
DEV00555,SITE004,USER00834,Cisco 8865,8841,14.2,None,Provisioned,2026-04-03
DEV00556,SITE012,USER01523,Cisco 8841,Webex App,14.4,Registered,Provisioned,2026-07-06
DEV00557,SITE035,USER01786,Cisco 8851,8851,14.4,Registered,Provisioned,2026-07-07
DEV00558,SITE034,USER01195,Webex App,Room Kit,15.0,Unregistered,Provisioned,2026-05-17
DEV00559,SITE007,USER00933,Cisco 8851,Webex App,15.1,Registered,Provisioned,2026-08-16
DEV00560,SITE016,USER02048,Cisco 8841,8841,14.4,Registered,Provisioned,2026-07-28
DEV00561,SITE030,USER02245,Cisco 8851,8841,14.3,Registered,Provisioned,2026-02-23
DEV00562,SITE004,USER01165,Cisco 8865,8841,15.0,None,Provisioned,2026-03-19
DEV00563,SITE013,USER02177,Webex App,8865,14.4,Registered,Provisioned,2026-07-19
DEV00564,SITE012,USER02405,Cisco 8865,Webex App,14.2,Registered,Provisioned,2026-08-11
DEV00565,SITE014,USER00525,Cisco 8841,8851,15.0,Registered,Provisioned,2026-05-24
DEV00566,SITE022,USER01529,Cisco 8841,8851,14.2,Registered,Provisioned,2026-08-13
DEV00567,SITE032,USER01035,Room Kit,8865,14.3,Unregistered,Provisioned,2026-02-27
DEV00568,SITE014,USER01177,Cisco 8851,8841,14.3,Registered,Provisioned,2026-04-24
DEV00569,SITE020,USER01885,Room Kit,Room Kit,14.2,None,Provisioned,2026-06-09
DEV00570,SITE017,USER00166,Room Kit,8865,15.1,Unregistered,Provisioned,2026-03-14
DEV00571,SITE010,USER00481,Cisco 8841,8865,15.1,Unregistered,Provisioned,2026-05-13
DEV00572,SITE035,USER00780,Cisco 8841,8841,15.0,Registered,Provisioned,2026-03-20
DEV00573,SITE018,USER02352,Cisco 8851,8851,15.0,Registered,Provisioned,2026-07-31
DEV00574,SITE027,USER02405,Webex App,Webex App,14.2,Registered,Provisioned,2026-02-22
DEV00575,SITE019,USER02353,Cisco 8841,8865,15.0,Registered,Provisioned,2026-04-27
DEV00576,SITE018,USER01155,Webex App,Webex App,15.0,Registered,Provisioned,2026-05-28
DEV00577,SITE033,USER01248,Room Kit,8851,15.0,Registered,Provisioned,2026-05-12
DEV00578,SITE030,USER00597,Cisco 8865,8851,15.0,Registered,Pending,2025-11-19
DEV00579,SITE022,USER00936,Webex App,Room Kit,15.1,Registered,Provisioned,2026-03-26
DEV00580,SITE015,USER01929,Webex App,8851,14.2,Registered,Provisioned,2025-11-03
DEV00581,SITE027,USER00198,Cisco 8865,8851,14.2,None,Provisioned,2026-05-06
DEV00582,SITE004,USER00392,Cisco 8841,Room Kit,15.0,Registered,Pending,2026-05-02
DEV00583,SITE013,USER02267,Webex App,Room Kit,14.4,Unregistered,Provisioned,2025-11-24
DEV00584,SITE007,USER01921,Cisco 8865,8865,14.4,Registered,Provisioned,2026-03-09
DEV00585,SITE025,USER01184,Room Kit,8841,14.4,Registered,Provisioned,2026-08-10
DEV00586,SITE013,USER01501,Cisco 8851,8841,15.1,Unregistered,Provisioned,2026-03-26
DEV00587,SITE004,USER00432,Cisco 8841,Webex App,14.3,Registered,Failed,2026-06-10
DEV00588,SITE022,USER00878,Room Kit,8851,14.2,Registered,Provisioned,2025-12-04
DEV00589,SITE003,USER00810,Cisco 8841,8851,14.3,Unregistered,Provisioned,2026-03-22
DEV00590,SITE016,USER00115,Cisco 8851,Room Kit,14.3,Registered,Provisioned,2025-11-03
DEV00591,SITE029,USER01536,Cisco 8851,8851,15.1,Registered,Provisioned,2026-07-29
DEV00592,SITE013,USER00069,Cisco 8851,Room Kit,14.4,Registered,Provisioned,2026-02-27
DEV00593,SITE011,USER01869,Webex App,Webex App,15.0,None,Provisioned,2025-11-13
DEV00594,SITE034,USER01881,Cisco 8851,Room Kit,14.2,Unregistered,Provisioned,2026-08-19
DEV00595,SITE018,USER00659,Cisco 8841,Room Kit,14.2,Registered,Provisioned,2025-11-07
DEV00596,SITE012,USER00649,Cisco 8865,8841,15.1,Registered,Provisioned,2026-08-02
DEV00597,SITE006,USER01763,Cisco 8851,8841,14.3,Unregistered,Provisioned,2026-03-05
DEV00598,SITE005,USER02138,Cisco 8841,Room Kit,14.3,Unregistered,Provisioned,2026-06-12
DEV00599,SITE025,USER01264,Cisco 8841,Room Kit,15.0,Registered,Failed,2025-11-02
DEV00600,SITE035,USER00570,Cisco 8841,8865,14.4,Unregistered,Provisioned,2026-06-22
DEV00601,SITE004,USER02360,Cisco 8851,8865,15.0,None,Provisioned,2026-02-13
DEV00602,SITE005,USER01391,Cisco 8841,8865,14.2,Registered,Provisioned,2026-08-31
DEV00603,SITE004,USER01353,Cisco 8841,Room Kit,15.0,Unregistered,Provisioned,2025-11-20
DEV00604,SITE004,USER01543,Cisco 8841,Webex App,14.3,Registered,Provisioned,2026-04-09
DEV00605,SITE024,USER01720,Room Kit,Webex App,14.2,Registered,Provisioned,2026-06-04
DEV00606,SITE023,USER01900,Webex App,8851,14.2,Registered,Provisioned,2026-08-22
DEV00607,SITE028,USER02137,Webex App,Room Kit,14.3,Registered,Pending,2026-03-28
DEV00608,SITE003,USER01822,Cisco 8851,Webex App,14.4,Registered,Provisioned,2026-04-04
DEV00609,SITE006,USER01636,Cisco 8851,8841,14.4,Unregistered,Provisioned,2025-12-27
DEV00610,SITE002,USER02227,Cisco 8841,8851,15.0,Registered,Provisioned,2026-01-08
DEV00611,SITE018,USER00567,Room Kit,8841,15.0,Registered,Provisioned,2026-06-29
DEV00612,SITE031,USER01442,Webex App,Webex App,15.0,Registered,Provisioned,2025-12-05
DEV00613,SITE013,USER00844,Cisco 8851,8851,14.3,Registered,Provisioned,2025-12-26
DEV00614,SITE025,USER00052,Room Kit,8851,14.4,None,Provisioned,2026-04-19
DEV00615,SITE014,USER01217,Webex App,8841,15.0,Unregistered,Provisioned,2026-03-08
DEV00616,SITE022,USER01453,Cisco 8841,Room Kit,14.3,Registered,Provisioned,2026-08-30
DEV00617,SITE018,USER01912,Cisco 8851,8841,15.1,Registered,Provisioned,2026-07-17
DEV00618,SITE035,USER02428,Room Kit,Room Kit,15.1,Unregistered,Provisioned,2026-01-17
DEV00619,SITE028,USER00886,Cisco 8851,8865,14.4,Registered,Provisioned,2026-06-09
DEV00620,SITE015,USER00266,Cisco 8841,Webex App,14.2,None,Provisioned,2026-04-08
DEV00621,SITE008,USER02119,Webex App,Room Kit,14.2,Registered,Provisioned,2026-02-24
DEV00622,SITE016,USER00577,Cisco 8865,8841,14.3,Unregistered,Failed,2026-05-01
DEV00623,SITE005,USER01479,Cisco 8841,Webex App,15.1,Registered,Provisioned,2026-05-04
DEV00624,SITE016,USER00243,Cisco 8851,8841,14.4,Registered,Provisioned,2026-04-17
DEV00625,SITE011,USER01366,Webex App,8865,15.1,None,Provisioned,2026-07-20
DEV00626,SITE024,USER02301,Cisco 8865,8841,14.4,Unregistered,Provisioned,2026-02-28
DEV00627,SITE016,USER00243,Cisco 8865,Room Kit,14.2,Unregistered,Provisioned,2026-05-11
DEV00628,SITE006,USER00265,Cisco 8851,Room Kit,15.1,Registered,Provisioned,2026-06-18
DEV00629,SITE014,USER01116,Cisco 8851,8851,14.4,Registered,Pending,2026-05-12
DEV00630,SITE029,USER00202,Cisco 8851,8851,15.1,Registered,Provisioned,2026-08-22
DEV00631,SITE023,USER00651,Cisco 8841,Webex App,14.3,Registered,Provisioned,2025-12-27
DEV00632,SITE032,USER00999,Cisco 8851,Room Kit,14.3,Registered,Provisioned,2026-02-11
DEV00633,SITE010,USER01820,Room Kit,8851,15.0,Unregistered,Provisioned,2026-07-28
DEV00634,SITE022,USER02323,Cisco 8841,Room Kit,15.1,None,Provisioned,2026-07-26
DEV00635,SITE014,USER02284,Room Kit,Room Kit,15.1,Registered,Pending,2026-07-08
DEV00636,SITE031,USER00383,Webex App,8841,15.0,Unregistered,Provisioned,2026-02-09
DEV00637,SITE006,USER01053,Room Kit,Room Kit,14.3,Unregistered,Provisioned,2026-02-20
DEV00638,SITE006,USER02247,Webex App,8851,14.3,Registered,Provisioned,2026-01-14
DEV00639,SITE032,USER00268,Cisco 8851,Room Kit,14.2,Registered,Provisioned,2026-06-02
DEV00640,SITE008,USER02043,Webex App,Room Kit,15.1,Registered,Provisioned,2026-04-11
DEV00641,SITE029,USER01628,Room Kit,8851,14.2,Registered,Provisioned,2026-04-11
DEV00642,SITE022,USER00815,Webex App,8841,14.4,Registered,Provisioned,2026-06-01
DEV00643,SITE012,USER00044,Webex App,8865,15.0,Registered,Provisioned,2026-04-05
DEV00644,SITE030,USER00606,Room Kit,8851,15.1,Unregistered,Pending,2026-04-30
DEV00645,SITE007,USER00357,Cisco 8841,8841,14.3,Registered,Provisioned,2026-06-26
DEV00646,SITE003,USER00946,Webex App,8851,14.3,Registered,Pending,2026-05-07
DEV00647,SITE019,USER00404,Cisco 8841,8851,15.1,Registered,Provisioned,2026-05-29
DEV00648,SITE002,USER00016,Room Kit,8841,15.1,None,Provisioned,2026-03-18
DEV00649,SITE020,USER01683,Cisco 8865,8851,15.0,Unregistered,Provisioned,2026-06-08
DEV00650,SITE034,USER00332,Cisco 8841,8841,14.4,Unregistered,Provisioned,2026-02-04
DEV00651,SITE024,USER00125,Cisco 8841,8851,15.0,Registered,Provisioned,2026-07-15
DEV00652,SITE032,USER01617,Webex App,Room Kit,15.1,Registered,Provisioned,2026-05-12
DEV00653,SITE022,USER01413,Cisco 8865,Room Kit,14.4,None,Provisioned,2026-08-10
DEV00654,SITE021,USER00413,Cisco 8851,8841,14.4,Registered,Provisioned,2026-06-22
DEV00655,SITE033,USER02314,Webex App,8841,15.1,None,Provisioned,2025-11-13
DEV00656,SITE027,USER00555,Cisco 8841,8865,14.3,Registered,Provisioned,2026-01-19
DEV00657,SITE012,USER00520,Cisco 8851,8865,15.1,Unregistered,Pending,2026-05-24
DEV00658,SITE018,USER00613,Cisco 8851,Webex App,15.1,None,Provisioned,2025-12-10
DEV00659,SITE028,USER01565,Webex App,8841,14.4,Registered,Provisioned,2026-01-01
DEV00660,SITE017,USER01094,Cisco 8841,8841,15.1,Registered,Provisioned,2026-06-20
DEV00661,SITE030,USER02072,Webex App,Webex App,14.4,Unregistered,Provisioned,2026-02-07
DEV00662,SITE034,USER01612,Room Kit,Webex App,15.0,None,Provisioned,2025-12-18
DEV00663,SITE005,USER02265,Cisco 8865,Room Kit,15.1,None,Provisioned,2026-03-12
DEV00664,SITE009,USER00742,Cisco 8851,8851,14.2,Unregistered,Provisioned,2026-01-13
DEV00665,SITE011,USER01384,Cisco 8865,8865,14.3,Unregistered,Pending,2026-01-28
DEV00666,SITE032,USER01463,Webex App,8841,14.2,Registered,Provisioned,2026-02-26
DEV00667,SITE023,USER00007,Room Kit,8865,14.3,Registered,Provisioned,2025-12-28
DEV00668,SITE015,USER01199,Webex App,8851,15.1,Registered,Provisioned,2026-01-14
DEV00669,SITE024,USER01690,Cisco 8865,8841,14.4,None,Provisioned,2026-03-12
DEV00670,SITE013,USER00371,Cisco 8865,Webex App,14.3,Registered,Provisioned,2026-07-16
DEV00671,SITE007,USER02145,Cisco 8841,Room Kit,14.3,Unregistered,Provisioned,2025-11-07
DEV00672,SITE011,USER01103,Room Kit,8865,14.4,Registered,Provisioned,2026-06-02
DEV00673,SITE005,USER01350,Cisco 8841,8865,14.4,Registered,Provisioned,2026-02-20
DEV00674,SITE009,USER00054,Room Kit,8865,14.2,Registered,Provisioned,2026-01-13
DEV00675,SITE020,USER01151,Room Kit,Room Kit,14.4,Registered,Provisioned,2026-01-26
DEV00676,SITE026,USER02155,Webex App,Webex App,14.2,Registered,Failed,2026-07-18
DEV00677,SITE007,USER02256,Room Kit,8841,14.3,Registered,Provisioned,2026-05-26
DEV00678,SITE008,USER02099,Webex App,8851,15.1,Registered,Provisioned,2025-12-12
DEV00679,SITE017,USER01782,Cisco 8865,8865,14.2,Registered,Provisioned,2026-08-01
DEV00680,SITE001,USER00384,Cisco 8865,Room Kit,14.4,Registered,Provisioned,2026-06-22
DEV00681,SITE013,USER00191,Cisco 8865,8851,14.2,Registered,Provisioned,2026-04-02
DEV00682,SITE006,USER00033,Webex App,Room Kit,15.1,None,Provisioned,2026-03-26
DEV00683,SITE010,USER00459,Cisco 8841,Webex App,14.2,Registered,Provisioned,2026-02-20
DEV00684,SITE026,USER00826,Cisco 8841,8851,14.4,None,Provisioned,2026-02-25
DEV00685,SITE011,USER02117,Room Kit,8841,14.2,Registered,Provisioned,2026-01-27
DEV00686,SITE029,USER01531,Room Kit,Webex App,14.2,Registered,Provisioned,2026-07-05
DEV00687,SITE009,USER02318,Webex App,Room Kit,14.3,Registered,Provisioned,2026-05-02
DEV00688,SITE027,USER02433,Webex App,8851,14.4,Unregistered,Provisioned,2025-12-19
DEV00689,SITE023,USER00235,Room Kit,8865,14.4,None,Provisioned,2026-05-02
DEV00690,SITE015,USER00399,Cisco 8865,Room Kit,15.1,Unregistered,Pending,2026-07-31
DEV00691,SITE003,USER01595,Webex App,8851,15.0,Registered,Provisioned,2025-12-07
DEV00692,SITE001,USER01873,Cisco 8851,8851,14.2,Registered,Provisioned,2025-12-30
DEV00693,SITE031,USER00474,Webex App,Webex App,14.3,Registered,Failed,2025-11-13
DEV00694,SITE013,USER01648,Cisco 8841,Room Kit,15.0,Registered,Provisioned,2026-03-08
DEV00695,SITE029,USER01612,Cisco 8851,8851,14.2,Unregistered,Provisioned,2026-02-17
DEV00696,SITE024,USER00892,Room Kit,Room Kit,15.1,Registered,Provisioned,2026-05-17
DEV00697,SITE004,USER01496,Cisco 8851,8865,14.4,Registered,Failed,2026-02-07
DEV00698,SITE009,USER02378,Cisco 8865,Webex App,15.0,None,Provisioned,2026-02-04
DEV00699,SITE032,USER01716,Room Kit,8865,14.4,Registered,Provisioned,2026-07-23
DEV00700,SITE034,USER00126,Cisco 8841,8851,14.2,Registered,Provisioned,2026-01-14
DEV00701,SITE033,USER00820,Room Kit,Room Kit,14.2,Unregistered,Provisioned,2026-06-02
DEV00702,SITE016,USER00840,Cisco 8851,8841,14.2,Registered,Provisioned,2026-06-30
DEV00703,SITE023,USER00790,Cisco 8865,8851,14.2,None,Provisioned,2026-06-08
DEV00704,SITE016,USER01861,Room Kit,8865,15.0,Registered,Provisioned,2026-06-09
DEV00705,SITE027,USER00027,Room Kit,8851,15.0,None,Provisioned,2026-03-05
DEV00706,SITE003,USER01752,Cisco 8851,Room Kit,14.2,Registered,Provisioned,2026-07-26
DEV00707,SITE010,USER01236,Webex App,8865,15.0,None,Provisioned,2026-02-16
DEV00708,SITE014,USER00324,Cisco 8841,8841,14.4,Registered,Provisioned,2026-05-05
DEV00709,SITE028,USER01360,Cisco 8851,Webex App,14.2,Registered,Provisioned,2026-07-18
DEV00710,SITE006,USER01748,Room Kit,8851,14.4,Registered,Provisioned,2025-12-30
DEV00711,SITE003,USER01115,Room Kit,8851,15.1,Unregistered,Provisioned,2026-07-30
DEV00712,SITE006,USER00109,Cisco 8841,8865,14.3,Unregistered,Provisioned,2026-03-08
DEV00713,SITE001,USER01192,Cisco 8865,8841,14.2,Registered,Provisioned,2026-01-18
DEV00714,SITE027,USER00483,Cisco 8841,8865,14.3,Registered,Provisioned,2026-01-16
DEV00715,SITE035,USER01924,Cisco 8841,Webex App,14.3,Unregistered,Provisioned,2025-12-14
DEV00716,SITE015,USER01450,Cisco 8851,Room Kit,14.4,Registered,Provisioned,2026-05-15
DEV00717,SITE024,USER01638,Webex App,Webex App,15.1,Unregistered,Provisioned,2025-11-07
DEV00718,SITE001,USER01518,Cisco 8851,8841,14.3,Registered,Provisioned,2026-04-10
DEV00719,SITE001,USER00504,Webex App,8841,14.3,Registered,Provisioned,2026-06-26
DEV00720,SITE028,USER02470,Room Kit,8865,14.2,Registered,Provisioned,2025-11-02
DEV00721,SITE009,USER00859,Room Kit,Room Kit,14.2,Registered,Provisioned,2025-11-23
DEV00722,SITE026,USER01492,Room Kit,8851,14.4,Unregistered,Provisioned,2026-06-03
DEV00723,SITE029,USER00217,Room Kit,8851,14.4,Registered,Provisioned,2026-07-12
DEV00724,SITE011,USER02294,Webex App,8865,15.1,Unregistered,Provisioned,2025-12-20
DEV00725,SITE028,USER01377,Cisco 8851,8851,14.2,Registered,Provisioned,2026-03-18
DEV00726,SITE025,USER00350,Cisco 8851,8865,14.4,Registered,Provisioned,2026-06-05
DEV00727,SITE028,USER00279,Cisco 8865,Webex App,15.0,Registered,Provisioned,2025-11-22
DEV00728,SITE010,USER00730,Room Kit,8851,15.0,None,Provisioned,2026-03-18
DEV00729,SITE008,USER01052,Cisco 8865,8865,15.0,None,Provisioned,2026-03-12
DEV00730,SITE003,USER01904,Cisco 8865,8851,14.4,Registered,Provisioned,2026-02-15
DEV00731,SITE010,USER00449,Cisco 8851,8841,15.0,Unregistered,Provisioned,2025-12-17
DEV00732,SITE025,USER01600,Webex App,8865,15.0,Registered,Provisioned,2026-06-24
DEV00733,SITE014,USER02434,Webex App,8841,14.4,Registered,Failed,2025-11-12
DEV00734,SITE004,USER01441,Room Kit,8851,14.2,Registered,Provisioned,2025-11-23
DEV00735,SITE015,USER01000,Webex App,Webex App,15.0,Registered,Provisioned,2026-03-18
DEV00736,SITE013,USER02171,Webex App,Room Kit,14.3,Unregistered,Provisioned,2026-02-04
DEV00737,SITE030,USER00747,Cisco 8851,8841,14.4,Registered,Provisioned,2026-07-03
DEV00738,SITE029,USER00609,Cisco 8841,Room Kit,14.3,Registered,Provisioned,2026-07-27
DEV00739,SITE034,USER00966,Cisco 8851,Room Kit,14.2,Registered,Provisioned,2026-05-06
DEV00740,SITE011,USER00559,Webex App,8865,14.4,Registered,Provisioned,2026-04-19
DEV00741,SITE027,USER01759,Room Kit,8865,14.2,Registered,Pending,2025-12-13
DEV00742,SITE013,USER00977,Cisco 8851,Webex App,14.2,Registered,Provisioned,2026-03-06
DEV00743,SITE001,USER01758,Room Kit,8865,14.3,None,Pending,2026-07-02
DEV00744,SITE005,USER01623,Cisco 8841,Room Kit,14.4,Registered,Provisioned,2026-04-02
DEV00745,SITE020,USER01818,Webex App,8865,15.1,Registered,Provisioned,2025-11-26
DEV00746,SITE006,USER02063,Room Kit,Room Kit,15.0,Registered,Pending,2026-07-26
DEV00747,SITE030,USER02238,Cisco 8841,8841,15.1,None,Pending,2026-05-07
DEV00748,SITE027,USER01086,Cisco 8851,Webex App,14.4,Registered,Failed,2026-07-12
DEV00749,SITE033,USER00792,Cisco 8851,8865,14.3,None,Failed,2025-11-08
DEV00750,SITE021,USER02084,Webex App,8865,14.2,None,Provisioned,2026-07-31
DEV00751,SITE008,USER01553,Cisco 8865,Webex App,15.1,Registered,Provisioned,2026-01-08
DEV00752,SITE031,USER01215,Cisco 8865,8865,15.1,Registered,Provisioned,2026-05-09
DEV00753,SITE002,USER01354,Room Kit,8865,14.3,None,Provisioned,2026-05-28
DEV00754,SITE004,USER02064,Cisco 8851,8841,14.3,Registered,Provisioned,2026-06-26
DEV00755,SITE018,USER01820,Cisco 8851,8865,15.0,None,Pending,2026-07-25
DEV00756,SITE021,USER01396,Cisco 8841,8851,15.1,None,Failed,2026-04-03
DEV00757,SITE016,USER01682,Cisco 8865,8851,15.1,Registered,Provisioned,2026-08-31
DEV00758,SITE032,USER01973,Webex App,8851,14.2,Unregistered,Provisioned,2026-02-22
DEV00759,SITE026,USER01307,Cisco 8865,8851,14.4,Unregistered,Provisioned,2025-12-15
DEV00760,SITE009,USER01900,Room Kit,8851,15.1,None,Provisioned,2026-03-03
DEV00761,SITE017,USER01856,Webex App,8851,14.2,Registered,Provisioned,2025-11-16
DEV00762,SITE023,USER01134,Room Kit,8865,14.4,Registered,Provisioned,2025-12-15
DEV00763,SITE004,USER00278,Cisco 8865,Webex App,14.4,Registered,Failed,2026-05-31
DEV00764,SITE021,USER01764,Room Kit,8841,14.4,Unregistered,Provisioned,2026-08-02
DEV00765,SITE028,USER01738,Cisco 8851,8851,14.4,Registered,Failed,2026-08-19
DEV00766,SITE026,USER01535,Cisco 8865,Webex App,15.1,Registered,Provisioned,2026-03-21
DEV00767,SITE018,USER01582,Webex App,8841,14.4,Registered,Provisioned,2026-08-11
DEV00768,SITE019,USER00991,Cisco 8851,Webex App,14.4,Registered,Provisioned,2025-11-18
DEV00769,SITE029,USER00960,Cisco 8841,8841,14.3,Registered,Failed,2026-06-26
DEV00770,SITE021,USER01773,Cisco 8841,Room Kit,14.2,Registered,Provisioned,2026-06-24
DEV00771,SITE032,USER02091,Cisco 8865,Room Kit,15.1,Registered,Provisioned,2025-11-09
DEV00772,SITE030,USER01422,Cisco 8841,8841,14.4,Registered,Pending,2026-07-24
DEV00773,SITE034,USER01233,Cisco 8865,Room Kit,14.4,Registered,Provisioned,2026-07-26
DEV00774,SITE032,USER01774,Cisco 8865,Room Kit,14.3,Registered,Failed,2026-03-13
DEV00775,SITE011,USER00591,Cisco 8851,Webex App,15.0,Unregistered,Provisioned,2026-02-03
DEV00776,SITE023,USER01957,Room Kit,Room Kit,15.0,Registered,Provisioned,2026-02-03
DEV00777,SITE001,USER01258,Room Kit,Room Kit,14.2,Registered,Provisioned,2026-08-20
DEV00778,SITE027,USER01006,Webex App,8841,15.1,None,Provisioned,2025-12-23
DEV00779,SITE026,USER00356,Cisco 8841,8851,14.2,Registered,Provisioned,2026-01-03
DEV00780,SITE034,USER00818,Room Kit,Room Kit,14.4,Unregistered,Provisioned,2026-06-07
DEV00781,SITE014,USER01140,Cisco 8841,Room Kit,15.1,Registered,Provisioned,2026-07-29
DEV00782,SITE020,USER02056,Cisco 8865,8841,14.4,Registered,Provisioned,2025-11-18
DEV00783,SITE023,USER00938,Cisco 8851,8865,15.0,None,Provisioned,2025-11-12
DEV00784,SITE027,USER00904,Cisco 8841,Room Kit,14.4,Registered,Provisioned,2026-02-02
DEV00785,SITE033,USER01942,Cisco 8841,8841,15.0,Registered,Provisioned,2026-05-06
DEV00786,SITE030,USER01887,Cisco 8841,8865,15.0,Registered,Provisioned,2026-05-01
DEV00787,SITE005,USER01824,Cisco 8841,Webex App,14.3,Registered,Provisioned,2025-11-18
DEV00788,SITE003,USER00890,Room Kit,8865,15.1,Registered,Pending,2026-04-24
DEV00789,SITE029,USER01905,Webex App,8865,14.3,Registered,Pending,2026-04-09
DEV00790,SITE009,USER01344,Cisco 8865,Webex App,14.3,Registered,Provisioned,2026-02-02
DEV00791,SITE021,USER00047,Webex App,8841,14.4,Registered,Provisioned,2025-11-07
DEV00792,SITE002,USER00852,Cisco 8851,8851,14.4,Registered,Pending,2026-02-09
DEV00793,SITE007,USER00031,Cisco 8841,Room Kit,15.0,Registered,Failed,2026-08-04
DEV00794,SITE004,USER01077,Webex App,8865,14.4,Registered,Provisioned,2025-11-01
DEV00795,SITE035,USER01978,Cisco 8851,8865,14.2,Unregistered,Provisioned,2026-03-19
DEV00796,SITE023,USER02392,Webex App,8851,14.3,Registered,Failed,2025-11-29
DEV00797,SITE017,USER01716,Room Kit,8841,15.1,Registered,Provisioned,2025-11-11
DEV00798,SITE002,USER00254,Room Kit,Room Kit,14.4,Unregistered,Provisioned,2026-08-31
DEV00799,SITE006,USER00953,Room Kit,Room Kit,14.3,None,Provisioned,2026-05-20
DEV00800,SITE029,USER00846,Room Kit,Webex App,14.3,Registered,Provisioned,2026-02-23
DEV00801,SITE010,USER01425,Cisco 8865,Room Kit,14.3,Registered,Provisioned,2026-08-05
DEV00802,SITE017,USER00694,Room Kit,Room Kit,14.2,Registered,Provisioned,2026-08-02
DEV00803,SITE013,USER00921,Cisco 8851,Room Kit,14.4,Registered,Provisioned,2025-11-11
DEV00804,SITE014,USER02464,Webex App,8865,14.3,None,Provisioned,2026-07-20
DEV00805,SITE015,USER01484,Webex App,Webex App,14.2,None,Provisioned,2025-11-25
DEV00806,SITE022,USER00894,Webex App,Room Kit,15.1,Registered,Provisioned,2026-03-09
DEV00807,SITE019,USER01642,Room Kit,Room Kit,14.2,Registered,Provisioned,2026-04-18
DEV00808,SITE020,USER00588,Webex App,8851,14.4,Unregistered,Provisioned,2026-03-12
DEV00809,SITE024,USER00689,Cisco 8851,Webex App,14.2,Registered,Provisioned,2026-03-04
DEV00810,SITE020,USER00231,Cisco 8865,8841,14.4,Registered,Provisioned,2026-05-11
DEV00811,SITE016,USER00168,Webex App,8841,14.3,Unregistered,Provisioned,2025-11-11
DEV00812,SITE006,USER00436,Webex App,Room Kit,14.4,Registered,Provisioned,2026-01-22
DEV00813,SITE027,USER01159,Webex App,Webex App,14.2,None,Provisioned,2025-11-15
DEV00814,SITE034,USER02112,Cisco 8841,8851,15.1,Unregistered,Provisioned,2026-06-12
DEV00815,SITE010,USER01556,Webex App,Webex App,15.0,Unregistered,Provisioned,2026-05-17
DEV00816,SITE027,USER00675,Cisco 8841,8865,15.1,Unregistered,Provisioned,2026-03-04
DEV00817,SITE022,USER01772,Cisco 8865,8865,14.2,Registered,Provisioned,2026-01-14
DEV00818,SITE009,USER00006,Cisco 8851,8841,15.0,Registered,Provisioned,2026-05-20
DEV00819,SITE005,USER00043,Webex App,8865,14.2,Registered,Provisioned,2026-06-17
DEV00820,SITE008,USER00342,Room Kit,8851,14.3,Registered,Provisioned,2026-08-17
DEV00821,SITE016,USER00875,Cisco 8841,Room Kit,14.4,Registered,Provisioned,2025-11-20
DEV00822,SITE005,USER00288,Cisco 8851,Webex App,14.2,Registered,Failed,2025-12-17
DEV00823,SITE026,USER02081,Cisco 8865,8851,14.3,Registered,Provisioned,2026-06-10
DEV00824,SITE018,USER01142,Cisco 8865,8851,14.2,Registered,Provisioned,2025-11-21
DEV00825,SITE029,USER02001,Cisco 8851,8841,14.2,Registered,Provisioned,2026-06-18
DEV00826,SITE029,USER01443,Cisco 8851,Room Kit,14.3,Unregistered,Failed,2026-03-27
DEV00827,SITE021,USER01382,Cisco 8865,8865,14.4,Registered,Provisioned,2026-02-28
DEV00828,SITE013,USER01844,Cisco 8865,Room Kit,14.3,Unregistered,Provisioned,2026-07-06
DEV00829,SITE015,USER00677,Room Kit,8841,14.3,Unregistered,Provisioned,2026-08-04
DEV00830,SITE011,USER01985,Cisco 8865,Webex App,14.4,None,Pending,2026-02-19
DEV00831,SITE009,USER01578,Webex App,8851,14.2,Registered,Failed,2026-05-01
DEV00832,SITE001,USER02316,Cisco 8841,8865,14.3,Registered,Provisioned,2025-11-20
DEV00833,SITE006,USER00446,Cisco 8865,8851,14.3,Registered,Provisioned,2026-05-11
DEV00834,SITE030,USER00303,Cisco 8851,Room Kit,14.2,Registered,Provisioned,2026-02-16
DEV00835,SITE029,USER01696,Cisco 8851,8851,14.4,Unregistered,Provisioned,2026-07-27
DEV00836,SITE017,USER02194,Cisco 8851,8865,14.2,None,Provisioned,2026-01-21
DEV00837,SITE013,USER00059,Cisco 8841,8851,15.0,Registered,Provisioned,2026-07-10
DEV00838,SITE034,USER01655,Cisco 8851,Room Kit,14.2,Registered,Failed,2026-02-16
DEV00839,SITE031,USER01591,Cisco 8851,Webex App,15.1,Registered,Provisioned,2026-08-26
DEV00840,SITE002,USER02288,Cisco 8851,8841,14.3,Registered,Failed,2026-03-27
DEV00841,SITE017,USER00450,Cisco 8865,8851,15.1,Registered,Failed,2026-01-23
DEV00842,SITE013,USER01899,Cisco 8851,Webex App,15.1,Registered,Provisioned,2025-12-24
DEV00843,SITE020,USER02255,Webex App,8865,14.3,Registered,Failed,2026-07-18
DEV00844,SITE013,USER01401,Cisco 8841,Webex App,14.2,Unregistered,Provisioned,2026-05-28
DEV00845,SITE024,USER00302,Room Kit,Webex App,15.1,Registered,Provisioned,2026-04-04
DEV00846,SITE035,USER01463,Webex App,Room Kit,14.4,Registered,Pending,2026-06-19
DEV00847,SITE013,USER00512,Cisco 8851,Webex App,14.4,None,Provisioned,2026-08-21
DEV00848,SITE018,USER01234,Room Kit,Room Kit,14.3,Registered,Failed,2025-11-09
DEV00849,SITE019,USER01586,Room Kit,Room Kit,14.2,Registered,Provisioned,2025-12-31
DEV00850,SITE027,USER01445,Cisco 8865,8841,15.1,Unregistered,Failed,2025-11-18
DEV00851,SITE006,USER01840,Cisco 8841,Room Kit,14.3,Registered,Provisioned,2026-04-21
DEV00852,SITE012,USER01192,Cisco 8841,Room Kit,14.4,Registered,Pending,2026-03-17
DEV00853,SITE013,USER01502,Room Kit,Webex App,14.4,Registered,Provisioned,2025-12-03
DEV00854,SITE023,USER02353,Room Kit,8841,14.3,Registered,Provisioned,2026-04-04
DEV00855,SITE017,USER00430,Room Kit,Webex App,14.2,Unregistered,Provisioned,2026-08-24
DEV00856,SITE013,USER00893,Cisco 8851,Webex App,14.2,Registered,Provisioned,2026-05-04
DEV00857,SITE027,USER02360,Cisco 8841,8865,15.1,None,Provisioned,2026-05-24
DEV00858,SITE019,USER01753,Room Kit,8841,14.3,Registered,Failed,2026-02-21
DEV00859,SITE002,USER01537,Cisco 8851,Room Kit,15.1,Registered,Provisioned,2026-02-25
DEV00860,SITE002,USER01059,Cisco 8841,8851,15.1,Registered,Provisioned,2026-06-08
DEV00861,SITE013,USER00703,Cisco 8841,8851,15.0,None,Provisioned,2026-01-11
DEV00862,SITE009,USER00875,Room Kit,8851,14.3,Registered,Provisioned,2026-02-05
DEV00863,SITE007,USER00181,Cisco 8851,Room Kit,15.0,Registered,Provisioned,2026-07-22
DEV00864,SITE025,USER01787,Cisco 8851,8851,14.2,Registered,Pending,2025-11-04
DEV00865,SITE013,USER00258,Cisco 8851,8851,14.4,Registered,Provisioned,2026-03-23
DEV00866,SITE012,USER01977,Cisco 8851,Room Kit,15.1,Registered,Failed,2025-12-23
DEV00867,SITE014,USER02409,Room Kit,Webex App,15.0,Registered,Provisioned,2026-04-02
DEV00868,SITE018,USER00043,Cisco 8865,Webex App,14.3,Unregistered,Provisioned,2026-04-12
DEV00869,SITE034,USER01541,Webex App,Webex App,14.2,Registered,Failed,2026-06-17
DEV00870,SITE023,USER01667,Cisco 8851,8841,14.4,Registered,Pending,2026-02-10
DEV00871,SITE009,USER00915,Cisco 8865,8851,14.2,Registered,Provisioned,2026-06-25
DEV00872,SITE001,USER01697,Cisco 8841,Webex App,15.1,None,Provisioned,2026-04-15
DEV00873,SITE012,USER01321,Cisco 8851,8865,14.4,Unregistered,Pending,2026-03-31
DEV00874,SITE008,USER00628,Cisco 8865,8841,15.1,Registered,Provisioned,2026-06-10
DEV00875,SITE015,USER02074,Cisco 8851,8841,14.3,Unregistered,Provisioned,2026-08-28
DEV00876,SITE030,USER02297,Cisco 8865,Webex App,14.3,None,Provisioned,2026-01-20
DEV00877,SITE024,USER01868,Cisco 8851,8851,15.0,None,Failed,2026-05-27
DEV00878,SITE001,USER01714,Cisco 8841,8865,14.4,Registered,Provisioned,2025-12-03
DEV00879,SITE035,USER01673,Cisco 8841,Webex App,15.1,Registered,Provisioned,2026-03-24
DEV00880,SITE018,USER00205,Cisco 8865,8865,15.1,Unregistered,Provisioned,2026-01-06
DEV00881,SITE029,USER01506,Cisco 8865,Room Kit,14.4,Unregistered,Provisioned,2026-04-23
DEV00882,SITE013,USER02345,Webex App,Room Kit,14.4,Registered,Provisioned,2026-01-05
DEV00883,SITE010,USER02017,Webex App,8851,14.2,Registered,Provisioned,2026-05-17
DEV00884,SITE008,USER01178,Cisco 8851,Room Kit,14.2,Registered,Provisioned,2025-11-30
DEV00885,SITE022,USER01827,Webex App,8865,14.2,Registered,Provisioned,2025-12-13
DEV00886,SITE015,USER01127,Cisco 8851,Webex App,15.1,Registered,Provisioned,2025-11-06
DEV00887,SITE033,USER01802,Cisco 8851,8865,15.0,Registered,Provisioned,2026-01-13
DEV00888,SITE010,USER00990,Webex App,8851,15.0,Registered,Provisioned,2026-08-30
DEV00889,SITE033,USER00244,Cisco 8841,8865,14.3,Registered,Provisioned,2026-02-16
DEV00890,SITE003,USER00447,Cisco 8865,8865,15.0,Registered,Pending,2026-06-10
DEV00891,SITE023,USER01972,Cisco 8865,8865,15.1,Unregistered,Pending,2026-03-20
DEV00892,SITE014,USER00893,Cisco 8841,8851,14.4,Registered,Failed,2026-01-29
DEV00893,SITE011,USER00089,Room Kit,8851,14.2,Registered,Provisioned,2026-05-28
DEV00894,SITE023,USER01201,Cisco 8851,Room Kit,14.2,Registered,Pending,2026-08-03
DEV00895,SITE023,USER01135,Cisco 8865,8841,14.3,Registered,Provisioned,2026-06-12
DEV00896,SITE020,USER02284,Room Kit,Webex App,14.2,Registered,Failed,2026-07-25
DEV00897,SITE004,USER00751,Webex App,Webex App,14.4,Registered,Provisioned,2025-12-19
DEV00898,SITE020,USER00385,Webex App,8841,14.3,Unregistered,Provisioned,2026-04-12
DEV00899,SITE013,USER02245,Webex App,Webex App,14.4,Registered,Provisioned,2026-07-12
DEV00900,SITE007,USER01329,Cisco 8851,8851,14.4,Registered,Provisioned,2026-05-31
DEV00901,SITE029,USER00863,Cisco 8841,8851,15.0,Registered,Provisioned,2026-05-01
DEV00902,SITE028,USER01683,Cisco 8841,Webex App,14.2,Unregistered,Provisioned,2026-01-26
DEV00903,SITE033,USER01280,Webex App,Room Kit,14.2,None,Pending,2026-08-07
DEV00904,SITE027,USER00562,Cisco 8841,Webex App,14.4,Registered,Provisioned,2026-07-17
DEV00905,SITE020,USER01307,Room Kit,Room Kit,14.2,Unregistered,Provisioned,2026-04-29
DEV00906,SITE001,USER00013,Cisco 8851,Webex App,15.0,Registered,Provisioned,2026-05-11
DEV00907,SITE012,USER00471,Cisco 8851,Room Kit,15.1,Registered,Provisioned,2025-12-13
DEV00908,SITE031,USER02268,Room Kit,Room Kit,15.0,Unregistered,Provisioned,2026-05-19
DEV00909,SITE024,USER00601,Cisco 8865,8865,14.3,Registered,Provisioned,2026-05-15
DEV00910,SITE034,USER00749,Webex App,Room Kit,14.3,Registered,Provisioned,2026-05-29
DEV00911,SITE029,USER02355,Webex App,Webex App,14.2,Registered,Provisioned,2026-06-18
DEV00912,SITE025,USER00260,Webex App,Webex App,14.4,Registered,Provisioned,2026-08-07
DEV00913,SITE002,USER02112,Cisco 8841,Room Kit,14.2,Unregistered,Pending,2026-08-08
DEV00914,SITE014,USER01373,Cisco 8841,8841,15.0,Unregistered,Provisioned,2025-12-31
DEV00915,SITE032,USER01919,Webex App,Webex App,15.0,Registered,Provisioned,2026-05-02
DEV00916,SITE008,USER01390,Webex App,Room Kit,14.4,Registered,Provisioned,2025-11-22
DEV00917,SITE016,USER00551,Webex App,Room Kit,15.0,Registered,Pending,2026-05-27
DEV00918,SITE019,USER01338,Cisco 8865,Webex App,15.0,Unregistered,Provisioned,2025-12-15
DEV00919,SITE028,USER00746,Cisco 8865,8865,14.2,Registered,Provisioned,2026-05-25
DEV00920,SITE023,USER01303,Cisco 8851,Room Kit,14.4,Unregistered,Provisioned,2026-07-12
DEV00921,SITE022,USER00606,Cisco 8865,8841,14.2,None,Provisioned,2026-08-08
DEV00922,SITE023,USER01243,Room Kit,Webex App,14.3,Registered,Pending,2026-08-13
DEV00923,SITE016,USER02040,Cisco 8841,Room Kit,15.0,Registered,Provisioned,2026-07-27
DEV00924,SITE015,USER00715,Room Kit,8865,14.3,Registered,Provisioned,2026-07-09
DEV00925,SITE030,USER02435,Room Kit,8851,14.4,Registered,Provisioned,2026-07-17
DEV00926,SITE020,USER00316,Cisco 8841,8841,15.0,Registered,Provisioned,2026-05-13
DEV00927,SITE010,USER01185,Room Kit,8865,14.4,Registered,Provisioned,2025-12-25
DEV00928,SITE015,USER00688,Webex App,Webex App,15.0,None,Provisioned,2026-05-06
DEV00929,SITE035,USER02126,Room Kit,Room Kit,15.0,Unregistered,Provisioned,2026-05-01
DEV00930,SITE002,USER01506,Webex App,8841,15.0,Registered,Provisioned,2026-01-22
DEV00931,SITE016,USER02272,Cisco 8865,Webex App,15.1,Registered,Pending,2026-08-13
DEV00932,SITE024,USER01204,Cisco 8865,8851,14.3,Unregistered,Pending,2026-08-21
DEV00933,SITE020,USER00949,Room Kit,8841,14.4,None,Pending,2026-08-14
DEV00934,SITE015,USER01096,Cisco 8851,Room Kit,14.2,Registered,Provisioned,2026-01-24
DEV00935,SITE017,USER01694,Cisco 8851,8851,15.0,Registered,Failed,2026-01-11
DEV00936,SITE016,USER00736,Cisco 8865,8865,15.0,Registered,Failed,2026-01-23
DEV00937,SITE009,USER01114,Webex App,8851,14.2,Unregistered,Provisioned,2026-04-07
DEV00938,SITE026,USER01917,Room Kit,Webex App,14.4,Registered,Provisioned,2026-02-09
DEV00939,SITE033,USER01418,Cisco 8841,Room Kit,15.0,Registered,Pending,2026-07-07
DEV00940,SITE005,USER02058,Cisco 8865,Room Kit,14.2,Registered,Provisioned,2025-12-05
DEV00941,SITE010,USER00231,Cisco 8851,Room Kit,14.2,Registered,Failed,2026-01-27
DEV00942,SITE032,USER02301,Cisco 8865,8851,15.1,Registered,Provisioned,2026-05-14
DEV00943,SITE012,USER02297,Cisco 8851,Room Kit,14.3,Registered,Provisioned,2026-01-19
DEV00944,SITE007,USER00448,Room Kit,8865,14.3,Registered,Provisioned,2026-08-07
DEV00945,SITE025,USER00481,Room Kit,Webex App,14.3,Registered,Provisioned,2026-07-17
DEV00946,SITE004,USER00700,Cisco 8865,8865,14.3,Registered,Provisioned,2026-06-20
DEV00947,SITE008,USER01013,Room Kit,8851,15.1,Registered,Provisioned,2025-12-04
DEV00948,SITE001,USER02113,Cisco 8865,8865,14.4,Unregistered,Provisioned,2026-01-02
DEV00949,SITE023,USER01740,Webex App,8865,15.0,Registered,Provisioned,2026-04-07
DEV00950,SITE027,USER02217,Cisco 8851,8865,15.0,Registered,Provisioned,2026-02-03
DEV00951,SITE034,USER01616,Cisco 8865,8851,14.4,Registered,Provisioned,2026-01-15
DEV00952,SITE002,USER02408,Cisco 8851,Room Kit,14.3,Registered,Provisioned,2026-02-13
DEV00953,SITE004,USER00400,Cisco 8841,8865,14.3,Registered,Pending,2026-03-02
DEV00954,SITE032,USER01619,Webex App,Webex App,15.1,Registered,Provisioned,2026-05-08
DEV00955,SITE009,USER00226,Cisco 8851,8865,15.0,Registered,Provisioned,2026-06-16
DEV00956,SITE027,USER00386,Room Kit,8841,15.1,Unregistered,Provisioned,2025-12-22
DEV00957,SITE015,USER00689,Cisco 8851,8851,15.1,Registered,Provisioned,2026-01-22
DEV00958,SITE014,USER00774,Cisco 8865,Webex App,14.3,Registered,Provisioned,2026-04-12
DEV00959,SITE002,USER01071,Cisco 8841,Webex App,15.1,Registered,Provisioned,2026-01-01
DEV00960,SITE018,USER01759,Cisco 8841,Room Kit,15.0,Unregistered,Provisioned,2026-02-27
DEV00961,SITE028,USER01643,Cisco 8865,Room Kit,14.3,Registered,Provisioned,2025-11-02
DEV00962,SITE021,USER01523,Webex App,8865,14.4,Registered,Provisioned,2026-02-26
DEV00963,SITE033,USER01351,Webex App,8865,14.4,None,Provisioned,2025-12-17
DEV00964,SITE011,USER01317,Room Kit,8841,15.0,Registered,Provisioned,2026-01-25
DEV00965,SITE017,USER01990,Cisco 8851,Room Kit,15.1,Registered,Failed,2025-11-21
DEV00966,SITE034,USER00094,Cisco 8865,8865,15.1,None,Provisioned,2025-12-05
DEV00967,SITE012,USER02440,Cisco 8841,8841,15.1,None,Provisioned,2026-03-15
DEV00968,SITE003,USER02143,Cisco 8841,Room Kit,15.1,Unregistered,Provisioned,2026-02-20
DEV00969,SITE035,USER01214,Room Kit,8851,14.4,Registered,Provisioned,2025-12-28
DEV00970,SITE010,USER01982,Room Kit,Room Kit,15.0,Unregistered,Provisioned,2025-12-25
DEV00971,SITE031,USER00973,Cisco 8865,8865,15.1,Registered,Provisioned,2025-12-12
DEV00972,SITE033,USER01230,Webex App,8841,14.4,Registered,Provisioned,2026-04-27
DEV00973,SITE035,USER00212,Webex App,8851,14.4,Registered,Provisioned,2026-05-21
DEV00974,SITE019,USER00788,Cisco 8841,Webex App,14.2,None,Provisioned,2026-07-16
DEV00975,SITE021,USER01838,Cisco 8841,8841,14.2,Registered,Provisioned,2026-06-26
DEV00976,SITE002,USER00405,Cisco 8841,8865,14.2,Registered,Provisioned,2026-08-11
DEV00977,SITE018,USER02118,Cisco 8841,8851,15.0,Registered,Provisioned,2026-01-22
DEV00978,SITE021,USER02272,Cisco 8851,Webex App,14.4,Registered,Provisioned,2026-04-22
DEV00979,SITE008,USER00600,Webex App,Webex App,15.0,Unregistered,Provisioned,2026-06-20
DEV00980,SITE003,USER00382,Cisco 8841,8851,14.2,Registered,Provisioned,2026-01-22
DEV00981,SITE035,USER00624,Room Kit,Room Kit,15.0,None,Failed,2026-02-08
DEV00982,SITE023,USER00137,Cisco 8841,8865,14.4,Registered,Provisioned,2026-04-27
DEV00983,SITE006,USER00486,Webex App,Webex App,14.3,Registered,Provisioned,2026-07-27
DEV00984,SITE032,USER02280,Cisco 8851,8865,14.2,Registered,Failed,2026-08-09
DEV00985,SITE031,USER00189,Webex App,8865,14.4,Unregistered,Provisioned,2026-04-20
DEV00986,SITE019,USER00014,Cisco 8851,Webex App,15.0,Registered,Pending,2026-07-25
DEV00987,SITE011,USER02144,Webex App,Room Kit,14.4,Registered,Provisioned,2026-05-10
DEV00988,SITE032,USER00110,Webex App,8865,15.1,Registered,Provisioned,2026-02-24
DEV00989,SITE021,USER00928,Webex App,8851,14.2,Unregistered,Provisioned,2026-07-24
DEV00990,SITE026,USER01016,Room Kit,8865,14.3,Registered,Failed,2026-07-29
DEV00991,SITE029,USER02181,Cisco 8851,Webex App,14.2,Registered,Provisioned,2026-01-18
DEV00992,SITE018,USER00008,Cisco 8865,8851,15.0,Unregistered,Pending,2026-08-17
DEV00993,SITE024,USER01265,Cisco 8841,Room Kit,14.4,Registered,Provisioned,2025-12-17
DEV00994,SITE010,USER00279,Cisco 8841,8841,14.4,Unregistered,Provisioned,2026-06-06
DEV00995,SITE022,USER00516,Room Kit,8841,14.4,Unregistered,Failed,2026-03-17
DEV00996,SITE005,USER02450,Webex App,8851,14.4,Registered,Provisioned,2026-08-25
DEV00997,SITE007,USER00517,Cisco 8841,8851,15.0,Registered,Provisioned,2026-05-18
DEV00998,SITE005,USER00783,Webex App,8841,15.1,Registered,Provisioned,2026-08-16
DEV00999,SITE025,USER00725,Cisco 8841,Webex App,14.2,Unregistered,Provisioned,2026-07-25
DEV01000,SITE019,USER01009,Cisco 8851,8851,14.4,Registered,Pending,2026-02-03
DEV01001,SITE014,USER02379,Cisco 8851,8865,15.1,None,Provisioned,2026-06-23
DEV01002,SITE029,USER01098,Cisco 8865,8851,14.4,Registered,Provisioned,2026-03-16
DEV01003,SITE024,USER01565,Cisco 8841,8851,14.2,Unregistered,Provisioned,2026-04-19
DEV01004,SITE020,USER00377,Webex App,Room Kit,14.3,Unregistered,Provisioned,2026-03-01
DEV01005,SITE008,USER02373,Room Kit,Webex App,15.0,Registered,Provisioned,2026-03-20
DEV01006,SITE026,USER00209,Room Kit,8865,15.1,Registered,Provisioned,2025-12-11
DEV01007,SITE013,USER01488,Webex App,Room Kit,15.0,Registered,Provisioned,2026-05-01
DEV01008,SITE010,USER01016,Room Kit,8865,14.4,Unregistered,Provisioned,2026-01-17
DEV01009,SITE034,USER01026,Room Kit,8851,15.1,Unregistered,Provisioned,2025-11-16
DEV01010,SITE029,USER00598,Room Kit,8865,15.1,Unregistered,Provisioned,2026-04-05
DEV01011,SITE019,USER01364,Cisco 8841,Room Kit,15.1,Unregistered,Provisioned,2026-02-07
DEV01012,SITE006,USER01622,Cisco 8865,8865,14.4,Unregistered,Provisioned,2026-07-23
DEV01013,SITE001,USER02162,Room Kit,Room Kit,14.2,Registered,Provisioned,2026-06-24
DEV01014,SITE019,USER02044,Cisco 8851,8865,15.1,Registered,Provisioned,2026-05-28
DEV01015,SITE026,USER02020,Cisco 8865,8841,14.3,None,Provisioned,2026-06-08
DEV01016,SITE024,USER02458,Room Kit,Room Kit,15.1,Registered,Provisioned,2026-01-18
DEV01017,SITE027,USER00174,Room Kit,8851,14.4,Registered,Failed,2026-06-15
DEV01018,SITE002,USER00997,Webex App,8841,14.3,Unregistered,Provisioned,2026-03-22
DEV01019,SITE032,USER00477,Room Kit,Room Kit,15.1,Registered,Failed,2026-07-08
DEV01020,SITE009,USER01048,Webex App,Webex App,14.4,None,Provisioned,2026-01-28
DEV01021,SITE005,USER01979,Cisco 8865,8851,15.0,None,Provisioned,2026-02-16
DEV01022,SITE031,USER00224,Cisco 8865,8851,14.2,Unregistered,Failed,2025-11-16
DEV01023,SITE034,USER01517,Room Kit,8865,14.2,Registered,Pending,2026-02-15
DEV01024,SITE031,USER01761,Cisco 8865,8865,15.1,Registered,Provisioned,2026-04-29
DEV01025,SITE006,USER00850,Room Kit,8865,14.4,Registered,Provisioned,2026-01-30
DEV01026,SITE018,USER01269,Webex App,8865,15.1,Registered,Provisioned,2026-04-08
DEV01027,SITE034,USER00889,Cisco 8865,Webex App,14.2,Registered,Provisioned,2026-01-27
DEV01028,SITE010,USER02176,Webex App,Room Kit,15.0,Unregistered,Provisioned,2025-12-03
DEV01029,SITE030,USER01488,Cisco 8841,8865,14.3,Registered,Provisioned,2026-07-10
DEV01030,SITE006,USER02291,Room Kit,Room Kit,14.3,Registered,Pending,2025-12-23
DEV01031,SITE006,USER02448,Cisco 8841,8865,14.2,Unregistered,Provisioned,2026-01-11
DEV01032,SITE031,USER02333,Room Kit,8851,14.3,Registered,Provisioned,2025-11-03
DEV01033,SITE025,USER02417,Cisco 8841,8865,15.1,Registered,Provisioned,2026-01-20
DEV01034,SITE034,USER00294,Cisco 8865,Room Kit,14.3,Unregistered,Provisioned,2026-05-13
DEV01035,SITE012,USER01664,Cisco 8851,Webex App,15.1,None,Pending,2026-08-26
DEV01036,SITE017,USER00586,Webex App,Webex App,15.1,Registered,Provisioned,2026-04-22
DEV01037,SITE015,USER00893,Room Kit,Webex App,14.2,Registered,Failed,2025-11-01
DEV01038,SITE021,USER00577,Cisco 8851,8841,14.3,Unregistered,Provisioned,2026-04-02
DEV01039,SITE031,USER00920,Room Kit,8865,14.4,Registered,Pending,2026-07-16
DEV01040,SITE009,USER00377,Cisco 8841,Room Kit,15.0,Registered,Provisioned,2025-12-06
DEV01041,SITE025,USER01229,Cisco 8851,8851,14.4,Registered,Pending,2026-07-24
DEV01042,SITE026,USER00052,Room Kit,8851,14.2,None,Provisioned,2026-01-02
DEV01043,SITE004,USER00089,Cisco 8841,Room Kit,14.4,Registered,Provisioned,2025-12-12
DEV01044,SITE010,USER00490,Webex App,8865,15.0,Unregistered,Provisioned,2026-02-13
DEV01045,SITE005,USER00738,Cisco 8865,Room Kit,15.1,Registered,Provisioned,2026-05-11
DEV01046,SITE014,USER01775,Webex App,8865,14.4,Registered,Pending,2025-11-06
DEV01047,SITE017,USER02193,Cisco 8851,Room Kit,14.3,Registered,Provisioned,2026-02-18
DEV01048,SITE028,USER02477,Cisco 8865,8851,14.3,Registered,Provisioned,2026-03-29
DEV01049,SITE005,USER02464,Room Kit,Webex App,15.0,Registered,Provisioned,2025-11-05
DEV01050,SITE022,USER00100,Webex App,8865,15.0,Registered,Provisioned,2026-06-09
DEV01051,SITE029,USER00084,Cisco 8865,8841,15.0,Registered,Provisioned,2026-02-21
DEV01052,SITE025,USER01315,Cisco 8865,Room Kit,14.2,Registered,Provisioned,2026-02-05
DEV01053,SITE020,USER01255,Cisco 8851,8865,15.0,Registered,Provisioned,2025-11-11
DEV01054,SITE017,USER01415,Cisco 8851,8841,15.0,None,Provisioned,2026-07-10
DEV01055,SITE029,USER00091,Cisco 8841,Webex App,14.2,None,Provisioned,2026-02-14
DEV01056,SITE015,USER00286,Room Kit,Room Kit,15.0,Registered,Provisioned,2026-06-18
DEV01057,SITE005,USER01160,Cisco 8841,Webex App,15.0,Registered,Failed,2026-03-18
DEV01058,SITE008,USER00527,Cisco 8851,8841,15.0,Registered,Provisioned,2026-04-09
DEV01059,SITE021,USER00443,Webex App,8865,14.3,Registered,Provisioned,2026-08-24
DEV01060,SITE033,USER00322,Cisco 8841,Webex App,14.4,Unregistered,Provisioned,2026-03-13
DEV01061,SITE032,USER00238,Webex App,Room Kit,14.2,Registered,Provisioned,2026-01-21
DEV01062,SITE031,USER01724,Room Kit,8841,14.2,Registered,Failed,2025-11-05
DEV01063,SITE008,USER02287,Cisco 8865,8841,14.4,Registered,Pending,2026-06-03
DEV01064,SITE031,USER01170,Cisco 8851,Webex App,14.3,Registered,Provisioned,2026-08-18
DEV01065,SITE031,USER00876,Cisco 8841,Webex App,15.0,Registered,Provisioned,2026-07-27
DEV01066,SITE024,USER00663,Cisco 8865,8865,15.1,None,Provisioned,2026-01-18
DEV01067,SITE032,USER02492,Webex App,8865,14.3,Registered,Provisioned,2026-02-16
DEV01068,SITE023,USER00195,Cisco 8841,8851,14.2,Unregistered,Pending,2026-02-20
DEV01069,SITE004,USER01645,Cisco 8865,Room Kit,15.1,Registered,Provisioned,2026-05-10
DEV01070,SITE034,USER01754,Cisco 8841,Room Kit,14.3,Registered,Failed,2025-11-21
DEV01071,SITE007,USER01272,Webex App,8851,14.4,Registered,Pending,2026-08-13
DEV01072,SITE009,USER00324,Cisco 8841,8865,14.2,Registered,Provisioned,2026-04-11
DEV01073,SITE022,USER01348,Cisco 8865,Room Kit,14.4,Registered,Provisioned,2026-03-30
DEV01074,SITE012,USER00704,Webex App,8865,15.1,Unregistered,Failed,2026-03-03
DEV01075,SITE033,USER01696,Cisco 8851,Webex App,15.1,Unregistered,Failed,2026-03-11
DEV01076,SITE015,USER02245,Cisco 8841,8841,15.1,Unregistered,Provisioned,2025-12-18
DEV01077,SITE027,USER02096,Cisco 8841,8841,14.2,Registered,Provisioned,2026-03-16
DEV01078,SITE014,USER00995,Cisco 8841,8851,15.0,Registered,Provisioned,2026-08-20
DEV01079,SITE035,USER01440,Room Kit,8841,14.2,Registered,Provisioned,2026-04-24
DEV01080,SITE013,USER02028,Room Kit,Webex App,15.0,Unregistered,Provisioned,2026-03-18
DEV01081,SITE018,USER01499,Room Kit,Room Kit,14.4,Registered,Provisioned,2025-12-01
DEV01082,SITE002,USER00828,Room Kit,Room Kit,15.1,Unregistered,Provisioned,2025-12-02
DEV01083,SITE002,USER00092,Room Kit,8841,14.4,Registered,Provisioned,2026-08-06
DEV01084,SITE029,USER02401,Cisco 8865,8851,14.2,Registered,Provisioned,2026-06-02
DEV01085,SITE024,USER00429,Cisco 8841,Room Kit,15.1,Registered,Provisioned,2025-12-14
DEV01086,SITE016,USER01477,Cisco 8865,Room Kit,15.1,None,Pending,2026-01-17
DEV01087,SITE035,USER01741,Webex App,8865,15.0,Unregistered,Provisioned,2026-02-28
DEV01088,SITE015,USER00570,Cisco 8865,8851,15.1,Registered,Provisioned,2026-02-25
DEV01089,SITE017,USER00880,Cisco 8865,8841,14.4,None,Provisioned,2026-02-17
DEV01090,SITE028,USER01148,Cisco 8851,Room Kit,15.0,Registered,Provisioned,2026-08-17
DEV01091,SITE010,USER00508,Cisco 8865,Room Kit,14.4,Unregistered,Failed,2025-12-03
DEV01092,SITE005,USER01922,Room Kit,8841,15.1,Registered,Provisioned,2026-07-09
DEV01093,SITE023,USER00943,Cisco 8841,8841,14.4,Registered,Pending,2025-12-30
DEV01094,SITE033,USER01308,Cisco 8865,8865,15.0,Registered,Provisioned,2026-05-31
DEV01095,SITE020,USER01268,Cisco 8851,8841,14.3,None,Provisioned,2026-02-05
DEV01096,SITE024,USER01086,Cisco 8841,Room Kit,14.3,None,Provisioned,2026-07-10
DEV01097,SITE004,USER01814,Cisco 8841,Webex App,14.3,Registered,Provisioned,2026-02-04
DEV01098,SITE021,USER00239,Room Kit,Webex App,14.4,Registered,Failed,2025-12-09
DEV01099,SITE007,USER02235,Cisco 8851,Room Kit,14.3,Registered,Failed,2026-02-13
DEV01100,SITE026,USER00698,Webex App,8865,14.4,Registered,Provisioned,2026-05-27
DEV01101,SITE034,USER00276,Cisco 8851,8865,14.4,Registered,Provisioned,2026-04-22
DEV01102,SITE009,USER00040,Cisco 8841,Room Kit,14.4,Unregistered,Provisioned,2026-08-05
DEV01103,SITE003,USER01074,Cisco 8841,8851,14.2,Registered,Pending,2026-07-22
DEV01104,SITE029,USER00151,Room Kit,8865,14.3,Registered,Failed,2026-06-11
DEV01105,SITE030,USER00496,Cisco 8851,Room Kit,14.4,Registered,Provisioned,2026-05-20
DEV01106,SITE021,USER00008,Room Kit,8851,15.1,Unregistered,Provisioned,2025-12-06
DEV01107,SITE008,USER01471,Webex App,8841,14.4,Registered,Provisioned,2026-05-07
DEV01108,SITE004,USER02446,Webex App,8851,15.0,Registered,Provisioned,2025-11-26
DEV01109,SITE008,USER00132,Cisco 8865,8865,15.0,Registered,Provisioned,2026-08-15
DEV01110,SITE034,USER02401,Cisco 8865,8865,15.1,Registered,Failed,2026-01-27
DEV01111,SITE033,USER00488,Cisco 8841,8851,14.3,Unregistered,Provisioned,2026-08-25
DEV01112,SITE029,USER01522,Webex App,8865,14.4,Unregistered,Provisioned,2026-01-04
DEV01113,SITE010,USER02342,Cisco 8865,Room Kit,14.2,Registered,Pending,2025-11-27
DEV01114,SITE003,USER02325,Webex App,8865,15.0,Registered,Provisioned,2026-01-30
DEV01115,SITE005,USER01555,Cisco 8865,8841,14.4,Registered,Provisioned,2026-03-27
DEV01116,SITE014,USER00704,Cisco 8841,8841,14.3,Registered,Provisioned,2026-08-24
DEV01117,SITE035,USER00491,Cisco 8841,8851,14.4,None,Provisioned,2026-02-19
DEV01118,SITE012,USER00667,Cisco 8851,Room Kit,15.0,Registered,Provisioned,2026-06-03
DEV01119,SITE004,USER00662,Room Kit,Webex App,14.3,Registered,Provisioned,2026-01-23
DEV01120,SITE007,USER02233,Cisco 8865,8865,14.2,Unregistered,Pending,2026-05-07
DEV01121,SITE024,USER00454,Cisco 8841,8851,14.4,Registered,Provisioned,2026-02-15
DEV01122,SITE002,USER01444,Room Kit,Webex App,14.4,Registered,Provisioned,2026-04-14
DEV01123,SITE027,USER00046,Room Kit,Webex App,15.0,Registered,Pending,2026-05-03
DEV01124,SITE017,USER02231,Room Kit,Room Kit,14.2,Unregistered,Provisioned,2025-12-14
DEV01125,SITE001,USER00575,Room Kit,8841,15.1,Registered,Provisioned,2026-01-24
DEV01126,SITE004,USER00350,Cisco 8841,Webex App,15.1,Registered,Provisioned,2025-12-27
DEV01127,SITE027,USER02292,Webex App,8841,15.1,Registered,Pending,2026-03-28
DEV01128,SITE017,USER01379,Webex App,Webex App,14.2,Unregistered,Provisioned,2026-07-27
DEV01129,SITE021,USER01205,Room Kit,8851,15.1,Registered,Provisioned,2025-12-05
DEV01130,SITE013,USER01407,Webex App,8865,15.0,Registered,Provisioned,2026-02-14
DEV01131,SITE035,USER01851,Cisco 8841,Room Kit,15.0,Unregistered,Provisioned,2026-04-02
DEV01132,SITE024,USER02066,Webex App,Room Kit,14.2,None,Provisioned,2025-12-14
DEV01133,SITE019,USER00487,Cisco 8865,8841,14.2,Registered,Pending,2026-08-23
DEV01134,SITE011,USER00316,Room Kit,Room Kit,14.3,Registered,Provisioned,2026-05-30
DEV01135,SITE012,USER02232,Cisco 8841,Webex App,14.2,Registered,Provisioned,2026-08-29
DEV01136,SITE021,USER00089,Cisco 8841,8851,15.1,Registered,Provisioned,2026-02-17
DEV01137,SITE034,USER02463,Cisco 8865,8865,15.1,None,Provisioned,2026-07-02
DEV01138,SITE024,USER00561,Room Kit,Room Kit,15.1,Unregistered,Provisioned,2026-01-29
DEV01139,SITE028,USER01753,Cisco 8865,Room Kit,14.4,Registered,Provisioned,2026-01-24
DEV01140,SITE032,USER02134,Cisco 8865,8865,15.1,Registered,Failed,2026-06-06
DEV01141,SITE021,USER01639,Cisco 8851,Room Kit,14.3,Registered,Provisioned,2026-03-29
DEV01142,SITE030,USER00561,Webex App,Webex App,15.1,Registered,Provisioned,2026-02-04
DEV01143,SITE035,USER02201,Room Kit,8865,14.4,Registered,Provisioned,2026-05-12
DEV01144,SITE030,USER01756,Webex App,8865,15.0,Registered,Provisioned,2026-03-11
DEV01145,SITE033,USER00497,Room Kit,8841,15.1,Registered,Provisioned,2026-06-18
DEV01146,SITE001,USER01623,Room Kit,8851,14.4,Registered,Provisioned,2025-11-20
DEV01147,SITE007,USER01853,Cisco 8865,8851,15.0,Registered,Provisioned,2026-08-29
DEV01148,SITE020,USER01592,Cisco 8841,Webex App,14.2,Registered,Provisioned,2026-08-27
DEV01149,SITE017,USER00980,Cisco 8841,Webex App,14.2,Unregistered,Provisioned,2026-01-11
DEV01150,SITE033,USER02317,Cisco 8865,8841,15.1,Registered,Provisioned,2026-06-29
DEV01151,SITE034,USER02428,Cisco 8841,8851,15.0,Registered,Failed,2025-11-22
DEV01152,SITE006,USER02256,Webex App,8865,14.2,Registered,Pending,2026-06-15
DEV01153,SITE010,USER00269,Room Kit,8841,14.3,Registered,Provisioned,2026-05-07
DEV01154,SITE004,USER00622,Cisco 8851,8851,14.2,Registered,Provisioned,2026-01-12
DEV01155,SITE022,USER00378,Cisco 8841,8841,15.1,None,Provisioned,2026-02-12
DEV01156,SITE023,USER01042,Webex App,8851,14.4,Registered,Provisioned,2026-08-19
DEV01157,SITE010,USER01724,Cisco 8865,8841,14.2,Registered,Provisioned,2026-01-11
DEV01158,SITE029,USER00929,Room Kit,Webex App,14.3,Registered,Provisioned,2026-06-06
DEV01159,SITE017,USER01585,Cisco 8865,8851,14.2,Registered,Provisioned,2026-07-02
DEV01160,SITE014,USER01585,Cisco 8851,8865,14.4,None,Provisioned,2026-07-09
DEV01161,SITE004,USER00243,Cisco 8851,8841,14.3,Unregistered,Provisioned,2026-05-13
DEV01162,SITE001,USER00947,Webex App,8841,14.4,Registered,Provisioned,2026-05-09
DEV01163,SITE034,USER01980,Webex App,Webex App,14.3,Registered,Provisioned,2026-03-14
DEV01164,SITE001,USER00235,Cisco 8841,Room Kit,15.1,Unregistered,Provisioned,2025-11-27
DEV01165,SITE024,USER01858,Cisco 8841,8851,15.0,Registered,Provisioned,2026-03-10
DEV01166,SITE012,USER00729,Cisco 8851,8865,14.3,Registered,Provisioned,2026-03-07
DEV01167,SITE009,USER01319,Cisco 8865,8865,15.1,Registered,Provisioned,2026-04-26
DEV01168,SITE003,USER00563,Webex App,8841,15.1,Registered,Provisioned,2026-06-08
DEV01169,SITE028,USER00019,Cisco 8841,8851,14.2,Registered,Pending,2026-01-16
DEV01170,SITE024,USER01757,Webex App,8851,14.3,Registered,Provisioned,2026-02-11
DEV01171,SITE005,USER00028,Webex App,8851,14.4,Unregistered,Provisioned,2026-06-10
DEV01172,SITE031,USER01870,Room Kit,8841,14.3,Registered,Pending,2026-06-03
DEV01173,SITE027,USER00153,Cisco 8865,8851,15.1,None,Provisioned,2026-02-25
DEV01174,SITE017,USER00015,Cisco 8841,Webex App,14.2,None,Provisioned,2026-03-12
DEV01175,SITE026,USER01662,Cisco 8865,8851,14.2,Registered,Provisioned,2026-03-04
DEV01176,SITE031,USER00399,Cisco 8851,8851,14.2,Registered,Provisioned,2026-08-26
DEV01177,SITE021,USER00126,Room Kit,Room Kit,14.3,Unregistered,Provisioned,2025-12-02
DEV01178,SITE003,USER01375,Webex App,8851,14.3,Registered,Provisioned,2026-02-21
DEV01179,SITE014,USER02487,Cisco 8865,Room Kit,14.3,Registered,Provisioned,2025-11-25
DEV01180,SITE032,USER01334,Cisco 8851,8851,14.2,Registered,Provisioned,2026-06-21
DEV01181,SITE006,USER01227,Room Kit,Webex App,14.3,Registered,Pending,2026-03-24
DEV01182,SITE010,USER00545,Cisco 8841,Webex App,14.4,Registered,Pending,2026-08-03
DEV01183,SITE025,USER00265,Room Kit,8841,15.0,None,Provisioned,2026-06-07
DEV01184,SITE006,USER00073,Cisco 8865,8865,14.4,Unregistered,Provisioned,2026-05-03
DEV01185,SITE033,USER00731,Cisco 8851,Webex App,15.0,Registered,Failed,2025-12-17
DEV01186,SITE022,USER02043,Cisco 8841,Webex App,14.4,Registered,Provisioned,2025-11-08
DEV01187,SITE015,USER01076,Cisco 8851,Webex App,14.4,Registered,Provisioned,2026-05-23
DEV01188,SITE032,USER02280,Webex App,Webex App,14.3,Registered,Provisioned,2026-03-21
DEV01189,SITE034,USER00879,Cisco 8865,8865,15.1,Registered,Provisioned,2026-04-13
DEV01190,SITE025,USER02072,Cisco 8841,Webex App,15.1,Registered,Provisioned,2026-04-18
DEV01191,SITE005,USER02130,Room Kit,Webex App,14.3,None,Provisioned,2026-02-09
DEV01192,SITE032,USER01746,Cisco 8841,8851,14.2,Registered,Provisioned,2026-06-03
DEV01193,SITE027,USER00358,Webex App,8841,15.0,Registered,Failed,2026-03-17
DEV01194,SITE028,USER01589,Cisco 8865,Room Kit,14.2,Registered,Provisioned,2026-04-04
DEV01195,SITE019,USER01318,Cisco 8851,8841,15.1,Unregistered,Provisioned,2025-11-17
DEV01196,SITE024,USER00202,Cisco 8841,8865,14.4,None,Provisioned,2026-03-11
DEV01197,SITE007,USER00609,Cisco 8851,Webex App,14.3,Unregistered,Provisioned,2026-01-20
DEV01198,SITE030,USER00792,Webex App,8841,14.3,Unregistered,Provisioned,2026-01-08
DEV01199,SITE034,USER01188,Cisco 8851,8865,14.3,Registered,Pending,2026-07-15
DEV01200,SITE022,USER01523,Cisco 8851,Webex App,14.4,Registered,Pending,2025-11-24
DEV01201,SITE011,USER00170,Cisco 8851,8851,15.0,Registered,Pending,2026-06-13
DEV01202,SITE021,USER01863,Webex App,8865,15.1,Registered,Provisioned,2026-08-05
DEV01203,SITE025,USER00002,Cisco 8851,8865,14.2,Registered,Provisioned,2025-11-05
DEV01204,SITE009,USER01041,Cisco 8865,8865,14.3,Unregistered,Provisioned,2026-07-05
DEV01205,SITE012,USER01660,Cisco 8851,Room Kit,14.3,Registered,Provisioned,2026-02-26
DEV01206,SITE031,USER00671,Room Kit,Webex App,15.1,Unregistered,Provisioned,2026-04-06
DEV01207,SITE007,USER01430,Webex App,8865,15.1,Registered,Provisioned,2026-04-25
DEV01208,SITE007,USER02416,Cisco 8841,Room Kit,14.4,Unregistered,Provisioned,2026-02-03
DEV01209,SITE012,USER01477,Webex App,8841,14.2,Unregistered,Provisioned,2026-03-30
DEV01210,SITE030,USER01812,Room Kit,Webex App,15.1,Registered,Provisioned,2026-01-07
DEV01211,SITE032,USER01151,Webex App,Room Kit,14.3,Registered,Pending,2026-02-14
DEV01212,SITE016,USER01377,Cisco 8851,Room Kit,14.3,Registered,Provisioned,2026-01-12
DEV01213,SITE010,USER02215,Webex App,8851,14.4,Unregistered,Provisioned,2026-02-10
DEV01214,SITE008,USER01355,Cisco 8851,8865,15.1,Unregistered,Provisioned,2026-07-03
DEV01215,SITE030,USER01421,Webex App,8865,14.2,Unregistered,Provisioned,2026-01-12
DEV01216,SITE009,USER01665,Room Kit,8851,14.4,Registered,Provisioned,2026-08-29
DEV01217,SITE020,USER00383,Webex App,8841,15.1,Registered,Provisioned,2026-01-22
DEV01218,SITE022,USER02480,Cisco 8841,8851,15.0,Unregistered,Provisioned,2026-01-30
DEV01219,SITE004,USER00910,Cisco 8841,Room Kit,15.0,Registered,Provisioned,2026-01-09
DEV01220,SITE018,USER02279,Webex App,Webex App,15.0,Registered,Provisioned,2026-04-17
DEV01221,SITE009,USER01025,Room Kit,8865,15.0,Registered,Provisioned,2026-04-14
DEV01222,SITE035,USER02221,Cisco 8851,Webex App,15.0,Registered,Provisioned,2026-05-15
DEV01223,SITE030,USER00128,Room Kit,Webex App,14.3,Registered,Provisioned,2026-05-09
DEV01224,SITE023,USER00949,Cisco 8865,8841,15.0,Registered,Provisioned,2026-07-01
DEV01225,SITE004,USER01145,Room Kit,Room Kit,14.2,Registered,Provisioned,2025-11-13
DEV01226,SITE030,USER00308,Cisco 8865,8841,14.4,Registered,Provisioned,2026-03-03
DEV01227,SITE035,USER01666,Cisco 8865,Webex App,14.2,Registered,Provisioned,2026-02-28
DEV01228,SITE018,USER01415,Webex App,Webex App,14.3,Registered,Failed,2026-03-13
DEV01229,SITE024,USER02027,Cisco 8865,8865,14.2,Unregistered,Pending,2026-02-21
DEV01230,SITE017,USER00200,Cisco 8841,8851,15.0,Registered,Pending,2025-12-09
DEV01231,SITE013,USER01252,Cisco 8851,Room Kit,15.1,Registered,Provisioned,2025-11-17
DEV01232,SITE023,USER00231,Cisco 8865,8851,15.1,Registered,Pending,2026-06-21
DEV01233,SITE019,USER01609,Cisco 8851,8841,14.2,Registered,Provisioned,2026-03-09
DEV01234,SITE010,USER01415,Cisco 8851,Room Kit,14.2,Registered,Provisioned,2026-04-18
DEV01235,SITE022,USER01368,Cisco 8841,8851,14.4,Registered,Provisioned,2025-11-14
DEV01236,SITE027,USER00234,Cisco 8841,8851,14.3,Registered,Pending,2026-05-10
DEV01237,SITE026,USER01692,Room Kit,8841,14.2,Registered,Provisioned,2026-05-26
DEV01238,SITE003,USER01973,Cisco 8851,Webex App,14.3,Registered,Pending,2025-12-31
DEV01239,SITE003,USER00463,Cisco 8851,8865,14.3,Unregistered,Provisioned,2026-03-02
DEV01240,SITE027,USER02281,Cisco 8841,Webex App,14.3,Registered,Provisioned,2025-12-30
DEV01241,SITE001,USER01794,Cisco 8865,8865,14.4,Unregistered,Provisioned,2026-02-08
DEV01242,SITE007,USER01955,Cisco 8865,Webex App,14.3,Registered,Provisioned,2026-02-21
DEV01243,SITE035,USER01271,Cisco 8851,Webex App,14.2,Registered,Pending,2026-07-04
DEV01244,SITE006,USER01310,Cisco 8865,8841,15.1,Registered,Pending,2026-03-18
DEV01245,SITE011,USER02016,Cisco 8851,Room Kit,14.3,Registered,Provisioned,2026-01-04
DEV01246,SITE012,USER02137,Webex App,8851,15.1,Registered,Provisioned,2026-03-02
DEV01247,SITE003,USER01050,Webex App,8865,14.3,None,Pending,2026-08-24
DEV01248,SITE022,USER02444,Webex App,Webex App,14.4,Registered,Provisioned,2026-06-04
DEV01249,SITE025,USER00292,Room Kit,8841,15.0,Registered,Failed,2026-01-15
DEV01250,SITE022,USER00312,Room Kit,8851,15.1,Registered,Failed,2026-07-06
DEV01251,SITE018,USER02239,Room Kit,Room Kit,15.1,Registered,Provisioned,2026-08-28
DEV01252,SITE015,USER01584,Webex App,8851,14.3,Registered,Failed,2026-03-22
DEV01253,SITE035,USER00660,Room Kit,8865,14.2,Registered,Provisioned,2026-06-30
DEV01254,SITE033,USER01979,Cisco 8841,Room Kit,14.3,Registered,Provisioned,2025-11-26
DEV01255,SITE007,USER01981,Cisco 8841,8851,15.1,Registered,Provisioned,2025-11-22
DEV01256,SITE024,USER00776,Room Kit,8865,15.0,Registered,Provisioned,2025-12-24
DEV01257,SITE004,USER02270,Cisco 8841,8851,14.2,Registered,Provisioned,2026-05-30
DEV01258,SITE009,USER00407,Cisco 8865,8865,14.3,None,Provisioned,2026-04-29
DEV01259,SITE027,USER00621,Cisco 8841,8865,14.2,Registered,Provisioned,2026-06-02
DEV01260,SITE021,USER00711,Cisco 8865,8865,14.3,Registered,Pending,2026-08-17
DEV01261,SITE007,USER01979,Webex App,Webex App,14.2,Registered,Provisioned,2026-04-24
DEV01262,SITE023,USER01346,Cisco 8841,8865,14.3,Registered,Provisioned,2025-11-03
DEV01263,SITE006,USER02283,Room Kit,8841,14.4,None,Provisioned,2026-06-26
DEV01264,SITE013,USER01210,Webex App,8841,14.3,Registered,Provisioned,2025-11-13
DEV01265,SITE023,USER01317,Cisco 8865,Webex App,14.3,Registered,Provisioned,2026-02-12
DEV01266,SITE018,USER00669,Cisco 8851,Room Kit,14.2,Registered,Provisioned,2026-08-16
DEV01267,SITE011,USER00487,Room Kit,Room Kit,15.0,Registered,Provisioned,2026-02-19
DEV01268,SITE002,USER01181,Cisco 8851,8865,14.3,Registered,Pending,2026-05-28
DEV01269,SITE001,USER02268,Cisco 8851,8851,15.1,Registered,Provisioned,2026-05-27
DEV01270,SITE013,USER01761,Cisco 8851,Room Kit,14.2,Unregistered,Provisioned,2026-06-28
DEV01271,SITE002,USER01452,Room Kit,8841,14.4,Registered,Provisioned,2025-12-21
DEV01272,SITE010,USER01646,Cisco 8841,8865,15.0,Unregistered,Provisioned,2026-06-01
DEV01273,SITE010,USER02190,Cisco 8841,Webex App,14.3,Registered,Provisioned,2025-12-07
DEV01274,SITE012,USER00163,Cisco 8841,8851,15.0,Registered,Provisioned,2026-06-17
DEV01275,SITE019,USER02443,Webex App,8851,15.0,Registered,Provisioned,2026-01-18
DEV01276,SITE008,USER00645,Webex App,8851,14.2,Registered,Provisioned,2026-07-14
DEV01277,SITE016,USER02317,Room Kit,8841,15.0,Registered,Pending,2025-12-24
DEV01278,SITE016,USER02410,Cisco 8851,8841,14.3,Unregistered,Provisioned,2026-07-14
DEV01279,SITE001,USER00617,Cisco 8841,8851,15.0,Registered,Provisioned,2026-07-06
DEV01280,SITE007,USER02429,Webex App,8841,14.2,Registered,Pending,2026-07-09
DEV01281,SITE012,USER02175,Webex App,8865,14.2,Registered,Provisioned,2025-12-18
DEV01282,SITE012,USER01006,Webex App,Webex App,14.4,Registered,Provisioned,2026-06-01
DEV01283,SITE015,USER01818,Webex App,8865,14.3,Registered,Provisioned,2026-03-26
DEV01284,SITE010,USER02229,Cisco 8865,Webex App,15.1,Unregistered,Pending,2026-03-12
DEV01285,SITE017,USER01909,Room Kit,8865,14.4,Registered,Provisioned,2026-07-05
DEV01286,SITE012,USER00625,Cisco 8841,Room Kit,14.3,Unregistered,Provisioned,2025-11-16
DEV01287,SITE034,USER01088,Cisco 8851,Webex App,14.2,Registered,Pending,2026-08-07
DEV01288,SITE028,USER01985,Cisco 8851,Room Kit,15.1,Unregistered,Provisioned,2025-12-03
DEV01289,SITE032,USER01842,Room Kit,8841,14.4,Registered,Provisioned,2025-11-03
DEV01290,SITE007,USER00104,Webex App,Webex App,15.1,Registered,Pending,2026-04-17
DEV01291,SITE014,USER00278,Webex App,8865,14.4,Registered,Pending,2026-08-06
DEV01292,SITE002,USER02128,Cisco 8841,8841,15.1,Registered,Provisioned,2025-11-17
DEV01293,SITE026,USER00862,Room Kit,8851,15.1,Registered,Provisioned,2026-03-09
DEV01294,SITE022,USER00222,Webex App,8841,14.3,Registered,Pending,2026-05-02
DEV01295,SITE010,USER00766,Cisco 8841,Room Kit,14.2,Registered,Provisioned,2026-03-23
DEV01296,SITE011,USER02175,Webex App,8851,14.3,Registered,Provisioned,2025-12-21
DEV01297,SITE001,USER00070,Cisco 8841,8851,14.3,Registered,Provisioned,2025-11-13
DEV01298,SITE002,USER00573,Cisco 8841,8865,14.2,Registered,Pending,2025-11-08
DEV01299,SITE010,USER00028,Cisco 8865,Webex App,15.0,Registered,Provisioned,2026-06-09
DEV01300,SITE023,USER01375,Webex App,8865,15.0,Registered,Provisioned,2026-05-17
DEV01301,SITE016,USER01699,Cisco 8865,8865,15.0,Registered,Provisioned,2026-01-25
DEV01302,SITE014,USER00991,Cisco 8841,8841,14.3,Unregistered,Provisioned,2026-08-28
DEV01303,SITE005,USER02203,Room Kit,8851,14.3,Registered,Provisioned,2026-06-13
DEV01304,SITE020,USER01742,Cisco 8851,Webex App,14.4,Registered,Provisioned,2026-06-10
DEV01305,SITE019,USER01786,Cisco 8841,Room Kit,15.1,Registered,Provisioned,2026-05-05
DEV01306,SITE006,USER01380,Cisco 8865,8865,14.3,Registered,Provisioned,2026-04-26
DEV01307,SITE033,USER01971,Cisco 8841,Webex App,14.4,Registered,Failed,2026-03-24
DEV01308,SITE009,USER02276,Cisco 8851,8865,14.2,Registered,Provisioned,2026-07-05
DEV01309,SITE001,USER01913,Room Kit,Webex App,14.2,Registered,Failed,2026-06-29
DEV01310,SITE009,USER00079,Webex App,8865,14.3,Registered,Provisioned,2025-12-10
DEV01311,SITE026,USER00946,Cisco 8865,8851,15.1,None,Provisioned,2026-04-04
DEV01312,SITE017,USER01238,Cisco 8865,8865,14.4,Registered,Provisioned,2026-07-25
DEV01313,SITE002,USER01706,Webex App,Room Kit,15.1,Registered,Provisioned,2026-05-31
DEV01314,SITE031,USER02151,Webex App,Room Kit,14.2,Unregistered,Provisioned,2025-11-10
DEV01315,SITE009,USER01909,Cisco 8841,8841,14.2,Registered,Provisioned,2026-01-20
DEV01316,SITE011,USER00406,Cisco 8841,8851,15.1,Registered,Provisioned,2026-07-25
DEV01317,SITE002,USER01285,Cisco 8865,Room Kit,14.2,Unregistered,Provisioned,2026-01-01
DEV01318,SITE024,USER01011,Room Kit,8841,15.1,Registered,Provisioned,2026-05-07
DEV01319,SITE007,USER01918,Cisco 8851,8851,15.0,Registered,Provisioned,2026-07-04
DEV01320,SITE024,USER01403,Room Kit,Webex App,14.3,Registered,Provisioned,2026-07-07
DEV01321,SITE026,USER00601,Cisco 8865,Webex App,15.1,Registered,Provisioned,2025-12-27
DEV01322,SITE009,USER01507,Cisco 8865,8841,14.4,Registered,Provisioned,2026-07-16
DEV01323,SITE001,USER02357,Room Kit,8865,14.2,Registered,Provisioned,2026-03-05
DEV01324,SITE015,USER00146,Cisco 8841,Webex App,14.4,Registered,Provisioned,2026-05-17
DEV01325,SITE018,USER00361,Webex App,8851,14.4,Registered,Provisioned,2026-01-15
DEV01326,SITE010,USER02471,Cisco 8865,Room Kit,15.0,Unregistered,Pending,2026-01-15
DEV01327,SITE035,USER01128,Webex App,8851,15.0,Registered,Provisioned,2026-03-09
DEV01328,SITE017,USER01361,Room Kit,8851,15.0,Registered,Failed,2026-08-10
DEV01329,SITE023,USER00690,Cisco 8865,8841,14.3,Registered,Provisioned,2025-12-22
DEV01330,SITE005,USER02116,Cisco 8841,Webex App,15.0,Registered,Provisioned,2026-03-03
DEV01331,SITE022,USER00497,Cisco 8865,8865,15.1,Registered,Provisioned,2026-04-27
DEV01332,SITE003,USER00158,Cisco 8851,Room Kit,15.1,Registered,Provisioned,2026-08-24
DEV01333,SITE019,USER02435,Cisco 8865,Webex App,15.1,Registered,Provisioned,2025-11-05
DEV01334,SITE016,USER02030,Cisco 8851,8851,14.2,Registered,Provisioned,2026-01-30
DEV01335,SITE017,USER02493,Cisco 8865,8851,14.4,Registered,Provisioned,2026-05-08
DEV01336,SITE029,USER01068,Cisco 8841,Webex App,14.2,Registered,Provisioned,2025-12-21
DEV01337,SITE035,USER00793,Room Kit,8851,15.0,Registered,Provisioned,2026-01-21
DEV01338,SITE011,USER02137,Room Kit,8851,14.4,Registered,Provisioned,2025-12-12
DEV01339,SITE005,USER00592,Webex App,8841,14.3,Registered,Pending,2026-07-20
DEV01340,SITE012,USER02366,Room Kit,8841,15.0,Registered,Provisioned,2026-07-27
DEV01341,SITE013,USER00170,Webex App,Room Kit,15.1,Registered,Provisioned,2026-08-13
DEV01342,SITE017,USER01103,Cisco 8851,8841,15.0,Registered,Provisioned,2026-03-28
DEV01343,SITE028,USER01902,Cisco 8851,8865,14.2,Registered,Provisioned,2025-12-25
DEV01344,SITE023,USER01761,Webex App,8851,15.1,Registered,Pending,2026-02-22
DEV01345,SITE020,USER01030,Webex App,8865,14.4,Registered,Provisioned,2026-04-11
DEV01346,SITE032,USER02117,Room Kit,8841,14.3,Registered,Provisioned,2026-05-20
DEV01347,SITE012,USER01376,Cisco 8841,8841,15.1,Registered,Provisioned,2025-11-29
DEV01348,SITE018,USER01353,Cisco 8841,Webex App,14.3,Registered,Provisioned,2026-05-11
DEV01349,SITE008,USER02089,Cisco 8865,8841,14.2,Unregistered,Provisioned,2025-11-26
DEV01350,SITE008,USER02015,Room Kit,Webex App,15.1,Registered,Failed,2026-08-11
DEV01351,SITE007,USER01262,Webex App,Room Kit,15.0,Registered,Provisioned,2026-04-26
DEV01352,SITE026,USER00572,Cisco 8841,Webex App,14.2,None,Provisioned,2026-06-22
DEV01353,SITE005,USER00385,Cisco 8865,8851,15.1,Registered,Provisioned,2025-12-26
DEV01354,SITE028,USER01816,Cisco 8841,Room Kit,14.4,None,Provisioned,2026-04-21
DEV01355,SITE027,USER00927,Room Kit,Room Kit,15.1,Registered,Provisioned,2025-11-26
DEV01356,SITE009,USER02389,Cisco 8841,Webex App,14.4,Registered,Provisioned,2026-04-18
DEV01357,SITE029,USER00757,Webex App,Webex App,14.2,Registered,Provisioned,2025-11-03
DEV01358,SITE021,USER01797,Webex App,8865,14.4,Registered,Pending,2026-06-29
DEV01359,SITE007,USER01622,Cisco 8865,8841,14.3,Registered,Pending,2025-11-09
DEV01360,SITE007,USER01059,Cisco 8841,8865,15.0,Unregistered,Provisioned,2025-11-02
DEV01361,SITE018,USER01299,Cisco 8865,Room Kit,14.3,Unregistered,Provisioned,2026-04-08
DEV01362,SITE031,USER00886,Webex App,Room Kit,15.1,Registered,Provisioned,2025-11-29
DEV01363,SITE017,USER02027,Cisco 8851,Webex App,15.0,Registered,Provisioned,2026-05-31
DEV01364,SITE011,USER01845,Cisco 8865,Room Kit,14.2,Unregistered,Provisioned,2025-12-07
DEV01365,SITE016,USER02336,Webex App,8851,14.3,Registered,Provisioned,2026-06-17
DEV01366,SITE025,USER02330,Room Kit,Webex App,15.1,Registered,Provisioned,2026-03-09
DEV01367,SITE006,USER00385,Cisco 8851,8841,14.2,Registered,Pending,2026-06-06
DEV01368,SITE010,USER00497,Cisco 8865,8841,15.0,Registered,Provisioned,2026-04-25
DEV01369,SITE031,USER02310,Cisco 8851,8841,15.1,Registered,Failed,2026-06-16
DEV01370,SITE006,USER02313,Cisco 8865,Webex App,15.1,Registered,Pending,2026-06-26
DEV01371,SITE033,USER01637,Webex App,Room Kit,14.2,Registered,Failed,2026-04-06
DEV01372,SITE031,USER01065,Cisco 8841,Room Kit,15.1,Registered,Provisioned,2026-06-10
DEV01373,SITE012,USER00061,Room Kit,Webex App,15.0,Unregistered,Provisioned,2026-02-01
DEV01374,SITE016,USER00576,Cisco 8851,Webex App,14.4,Registered,Pending,2026-05-25
DEV01375,SITE014,USER01001,Cisco 8841,Room Kit,14.3,Registered,Pending,2026-03-19
DEV01376,SITE025,USER01158,Webex App,Webex App,14.4,Unregistered,Provisioned,2026-08-07
DEV01377,SITE027,USER01383,Cisco 8841,8865,14.3,Registered,Provisioned,2026-07-01
DEV01378,SITE009,USER00773,Webex App,Webex App,14.4,Registered,Pending,2025-12-06
DEV01379,SITE017,USER00923,Room Kit,8851,14.2,Unregistered,Provisioned,2026-06-19
DEV01380,SITE020,USER01117,Cisco 8851,Room Kit,15.1,Registered,Provisioned,2025-11-15
DEV01381,SITE005,USER01082,Cisco 8851,Room Kit,15.1,Unregistered,Provisioned,2026-03-21
DEV01382,SITE006,USER01006,Cisco 8851,8841,14.2,Unregistered,Provisioned,2025-11-02
DEV01383,SITE013,USER02294,Cisco 8851,8865,15.1,Registered,Provisioned,2026-03-29
DEV01384,SITE007,USER01032,Cisco 8851,Room Kit,14.2,Registered,Provisioned,2025-11-08
DEV01385,SITE011,USER01248,Cisco 8841,Room Kit,15.0,Registered,Pending,2026-01-16
DEV01386,SITE022,USER00222,Room Kit,8841,15.0,None,Provisioned,2026-05-19
DEV01387,SITE024,USER01551,Webex App,8841,14.3,Registered,Failed,2026-05-25
DEV01388,SITE034,USER01144,Webex App,8865,14.4,Registered,Provisioned,2026-06-03
DEV01389,SITE024,USER00746,Webex App,8841,15.1,Registered,Provisioned,2026-04-28
DEV01390,SITE007,USER02006,Room Kit,Webex App,14.2,Registered,Provisioned,2026-05-09
DEV01391,SITE007,USER00173,Cisco 8865,Room Kit,14.4,Registered,Provisioned,2025-11-19
DEV01392,SITE003,USER02190,Cisco 8841,Webex App,14.3,Registered,Provisioned,2026-06-08
DEV01393,SITE030,USER00242,Cisco 8851,8865,14.2,Registered,Provisioned,2026-02-21
DEV01394,SITE010,USER01871,Room Kit,8841,15.1,Unregistered,Provisioned,2026-08-16
DEV01395,SITE009,USER01288,Cisco 8841,8865,15.0,Unregistered,Provisioned,2026-05-14
DEV01396,SITE002,USER01807,Cisco 8851,8865,14.3,Registered,Pending,2026-01-07
DEV01397,SITE001,USER00277,Cisco 8841,Room Kit,15.1,Unregistered,Provisioned,2026-05-07
DEV01398,SITE012,USER00112,Room Kit,Webex App,14.4,Registered,Provisioned,2026-06-21
DEV01399,SITE014,USER01701,Cisco 8841,8851,15.1,Registered,Provisioned,2026-05-10
DEV01400,SITE013,USER00715,Room Kit,8865,14.2,Unregistered,Provisioned,2025-12-13
DEV01401,SITE018,USER02022,Webex App,8865,14.4,Registered,Provisioned,2026-05-01
DEV01402,SITE010,USER00717,Cisco 8851,Webex App,15.0,Registered,Provisioned,2026-06-15
DEV01403,SITE022,USER02489,Webex App,Room Kit,15.0,Registered,Failed,2025-12-23
DEV01404,SITE015,USER01496,Room Kit,Webex App,15.0,Registered,Provisioned,2026-06-01
DEV01405,SITE010,USER01256,Cisco 8851,8851,15.1,None,Provisioned,2026-05-29
DEV01406,SITE019,USER01121,Cisco 8851,Webex App,14.2,Registered,Provisioned,2026-07-16
DEV01407,SITE019,USER00057,Cisco 8865,Webex App,14.2,Unregistered,Pending,2026-07-10
DEV01408,SITE018,USER00279,Webex App,8865,14.4,Registered,Provisioned,2026-01-12
DEV01409,SITE015,USER02155,Room Kit,Room Kit,14.3,Registered,Provisioned,2026-06-03
DEV01410,SITE024,USER01937,Cisco 8865,Room Kit,15.0,None,Provisioned,2026-07-30
DEV01411,SITE033,USER00329,Webex App,8841,14.4,Registered,Provisioned,2026-07-01
DEV01412,SITE003,USER00534,Cisco 8865,Room Kit,15.1,Registered,Failed,2026-01-11
DEV01413,SITE010,USER00799,Room Kit,Webex App,14.2,Registered,Provisioned,2026-06-25
DEV01414,SITE029,USER02000,Cisco 8865,8851,15.1,Registered,Provisioned,2026-07-01
DEV01415,SITE035,USER01383,Webex App,8865,14.4,Registered,Provisioned,2026-03-30
DEV01416,SITE024,USER01564,Cisco 8865,8841,14.4,Registered,Provisioned,2026-01-14
DEV01417,SITE014,USER02087,Cisco 8841,Webex App,14.4,Registered,Pending,2026-07-21
DEV01418,SITE012,USER00930,Cisco 8851,Webex App,14.4,Registered,Provisioned,2026-03-25
DEV01419,SITE015,USER01287,Room Kit,Room Kit,14.3,None,Provisioned,2026-02-04
DEV01420,SITE003,USER02262,Room Kit,8841,14.2,Registered,Provisioned,2026-08-07
DEV01421,SITE008,USER01279,Cisco 8841,8841,14.4,Registered,Provisioned,2026-08-20
DEV01422,SITE012,USER02481,Cisco 8865,Webex App,15.0,Registered,Pending,2025-11-20
DEV01423,SITE007,USER00387,Cisco 8865,Room Kit,14.3,Registered,Provisioned,2025-12-01
DEV01424,SITE034,USER01226,Webex App,8841,14.2,None,Provisioned,2025-11-04
DEV01425,SITE003,USER00738,Cisco 8865,Webex App,14.3,None,Provisioned,2025-11-20
DEV01426,SITE023,USER02480,Cisco 8851,Webex App,14.4,Registered,Provisioned,2026-02-16
DEV01427,SITE002,USER00747,Room Kit,8841,15.0,Registered,Provisioned,2026-03-10
DEV01428,SITE013,USER00245,Cisco 8851,Webex App,14.3,None,Provisioned,2026-03-13
DEV01429,SITE005,USER02136,Cisco 8865,8851,15.1,Unregistered,Provisioned,2026-03-20
DEV01430,SITE016,USER02278,Cisco 8851,Webex App,14.3,Registered,Provisioned,2026-07-23
DEV01431,SITE016,USER01529,Cisco 8865,Room Kit,15.1,Registered,Provisioned,2026-08-24
DEV01432,SITE035,USER01395,Cisco 8851,8851,15.1,Unregistered,Failed,2025-12-28
DEV01433,SITE030,USER02128,Cisco 8865,8841,15.0,None,Provisioned,2026-08-28
DEV01434,SITE002,USER00136,Cisco 8841,Webex App,14.2,Registered,Provisioned,2026-06-08
DEV01435,SITE016,USER01980,Cisco 8851,Room Kit,14.2,Registered,Pending,2026-03-30
DEV01436,SITE035,USER00063,Webex App,Webex App,14.2,Registered,Provisioned,2026-01-05
DEV01437,SITE003,USER02266,Cisco 8851,Webex App,15.0,Registered,Provisioned,2026-01-29
DEV01438,SITE018,USER00945,Cisco 8865,8841,15.1,Registered,Provisioned,2026-07-12
DEV01439,SITE022,USER02219,Cisco 8851,8865,15.1,Unregistered,Provisioned,2025-12-25
DEV01440,SITE035,USER01063,Cisco 8841,Room Kit,15.0,Registered,Failed,2026-03-02
DEV01441,SITE020,USER00522,Cisco 8865,8851,14.4,Registered,Failed,2026-07-18
DEV01442,SITE024,USER01322,Cisco 8851,8851,15.1,Unregistered,Failed,2025-12-01
DEV01443,SITE035,USER00350,Cisco 8841,8841,15.1,Registered,Pending,2026-06-11
DEV01444,SITE034,USER02477,Cisco 8865,Webex App,15.1,Unregistered,Provisioned,2026-01-01
DEV01445,SITE030,USER00517,Cisco 8841,8841,14.3,Registered,Provisioned,2025-12-26
DEV01446,SITE007,USER01916,Cisco 8851,8865,15.1,Registered,Pending,2026-07-12
DEV01447,SITE009,USER02223,Cisco 8851,8841,14.4,Registered,Provisioned,2026-05-29
DEV01448,SITE030,USER01087,Cisco 8841,8841,15.1,Registered,Provisioned,2025-11-06
DEV01449,SITE023,USER02154,Cisco 8841,Webex App,14.4,Registered,Provisioned,2026-02-26
DEV01450,SITE024,USER01036,Webex App,8851,14.4,Registered,Provisioned,2026-01-02
DEV01451,SITE012,USER02407,Cisco 8851,8851,14.3,Registered,Provisioned,2026-08-08
DEV01452,SITE004,USER00581,Webex App,8865,15.0,Registered,Provisioned,2025-11-21
DEV01453,SITE035,USER00986,Cisco 8865,8865,14.4,Unregistered,Provisioned,2026-07-16
DEV01454,SITE008,USER00082,Room Kit,8841,15.0,Registered,Provisioned,2026-02-06
DEV01455,SITE026,USER01718,Cisco 8865,Room Kit,14.3,Registered,Provisioned,2026-05-19
DEV01456,SITE014,USER00577,Webex App,8865,15.0,Registered,Pending,2026-03-02
DEV01457,SITE015,USER01212,Webex App,Room Kit,15.1,Unregistered,Provisioned,2026-08-13
DEV01458,SITE007,USER01802,Cisco 8841,8865,14.3,Unregistered,Provisioned,2026-06-20
DEV01459,SITE005,USER01564,Cisco 8841,Room Kit,14.4,Unregistered,Provisioned,2026-01-29
DEV01460,SITE010,USER00947,Cisco 8865,8851,15.1,None,Provisioned,2026-03-24
DEV01461,SITE007,USER02364,Webex App,8865,14.4,Registered,Provisioned,2026-04-10
DEV01462,SITE001,USER02254,Webex App,8851,15.0,Registered,Provisioned,2026-04-06
DEV01463,SITE021,USER01334,Cisco 8841,Room Kit,14.4,Unregistered,Provisioned,2026-01-16
DEV01464,SITE017,USER02214,Cisco 8851,8851,14.4,Registered,Provisioned,2026-06-23
DEV01465,SITE026,USER00154,Room Kit,8851,14.3,Registered,Provisioned,2026-03-02
DEV01466,SITE003,USER01011,Cisco 8865,8865,15.1,Registered,Provisioned,2026-01-26
DEV01467,SITE018,USER01057,Room Kit,Room Kit,15.1,Registered,Provisioned,2025-11-04
DEV01468,SITE013,USER01061,Cisco 8851,8865,15.1,Unregistered,Provisioned,2026-04-02
DEV01469,SITE014,USER01596,Cisco 8865,8841,15.0,Registered,Provisioned,2026-04-24
DEV01470,SITE014,USER00338,Room Kit,8865,14.2,Registered,Provisioned,2026-06-26
DEV01471,SITE011,USER02220,Room Kit,8851,14.3,Registered,Provisioned,2026-08-27
DEV01472,SITE018,USER01148,Cisco 8851,Room Kit,14.2,Registered,Provisioned,2025-12-01
DEV01473,SITE011,USER02079,Cisco 8865,8841,15.0,Registered,Provisioned,2026-02-08
DEV01474,SITE016,USER00461,Cisco 8851,8851,15.0,Registered,Provisioned,2026-04-14
DEV01475,SITE021,USER00846,Cisco 8841,8851,14.3,Registered,Provisioned,2026-08-12
DEV01476,SITE017,USER01036,Webex App,8851,14.4,Registered,Provisioned,2026-04-05
DEV01477,SITE005,USER01304,Cisco 8841,8841,15.1,Registered,Provisioned,2026-03-05
DEV01478,SITE004,USER01833,Cisco 8851,8865,14.3,Registered,Provisioned,2026-08-31
DEV01479,SITE007,USER02126,Cisco 8851,8865,15.0,Registered,Provisioned,2026-05-23
DEV01480,SITE009,USER02293,Webex App,8851,14.4,Registered,Provisioned,2026-05-04
DEV01481,SITE006,USER01707,Cisco 8851,8841,15.0,Registered,Provisioned,2026-05-05
DEV01482,SITE028,USER01625,Cisco 8865,Webex App,14.2,Registered,Pending,2026-03-19
DEV01483,SITE016,USER00956,Cisco 8865,Room Kit,14.4,Registered,Provisioned,2026-08-16
DEV01484,SITE002,USER01714,Cisco 8841,Webex App,15.0,None,Provisioned,2026-01-01
DEV01485,SITE033,USER00347,Cisco 8841,8841,15.0,Registered,Provisioned,2025-11-21
DEV01486,SITE003,USER00832,Webex App,Room Kit,14.3,Registered,Provisioned,2026-08-14
DEV01487,SITE006,USER00879,Webex App,8841,14.3,Unregistered,Pending,2026-08-01
DEV01488,SITE014,USER00631,Cisco 8865,Webex App,15.1,Unregistered,Pending,2026-06-09
DEV01489,SITE023,USER02372,Webex App,8865,15.0,Registered,Provisioned,2026-05-10
DEV01490,SITE022,USER00295,Webex App,8841,15.1,Registered,Provisioned,2026-04-24
DEV01491,SITE025,USER01471,Room Kit,8865,14.3,Registered,Provisioned,2026-01-10
DEV01492,SITE025,USER00195,Webex App,Webex App,14.2,Registered,Provisioned,2026-01-14
DEV01493,SITE008,USER01572,Cisco 8851,8841,15.0,Registered,Failed,2025-11-01
DEV01494,SITE004,USER01913,Webex App,8841,14.4,Registered,Provisioned,2026-08-12
DEV01495,SITE018,USER00519,Cisco 8865,8841,14.3,Registered,Provisioned,2025-11-03
DEV01496,SITE009,USER01284,Cisco 8865,8851,14.3,Registered,Provisioned,2025-11-18
DEV01497,SITE016,USER00167,Cisco 8851,Room Kit,15.0,Registered,Pending,2026-08-21
DEV01498,SITE002,USER01480,Cisco 8851,Webex App,15.0,Registered,Provisioned,2026-06-22
DEV01499,SITE027,USER00838,Webex App,8851,15.1,Unregistered,Provisioned,2026-03-13
DEV01500,SITE004,USER01380,Cisco 8841,8865,15.1,Registered,Pending,2026-03-22
DEV01501,SITE025,USER00245,Cisco 8851,Room Kit,14.3,Registered,Provisioned,2026-08-22
DEV01502,SITE004,USER02288,Cisco 8841,Webex App,15.0,Registered,Provisioned,2026-03-17
DEV01503,SITE014,USER00688,Cisco 8841,Webex App,14.3,Registered,Provisioned,2026-02-11
DEV01504,SITE030,USER01864,Cisco 8865,8851,15.0,Registered,Provisioned,2026-03-11
DEV01505,SITE012,USER00888,Webex App,8865,14.4,Unregistered,Failed,2025-12-16
DEV01506,SITE028,USER01763,Cisco 8851,Webex App,14.4,Registered,Failed,2025-11-28
DEV01507,SITE023,USER02373,Webex App,Room Kit,14.3,Registered,Provisioned,2026-05-30
DEV01508,SITE004,USER01642,Room Kit,8841,15.1,Registered,Provisioned,2026-03-22
DEV01509,SITE010,USER02045,Room Kit,Room Kit,14.4,Registered,Pending,2025-11-03
DEV01510,SITE033,USER00982,Webex App,8851,15.0,Unregistered,Provisioned,2026-08-13
DEV01511,SITE016,USER01403,Cisco 8851,Room Kit,15.0,Registered,Pending,2026-06-18
DEV01512,SITE021,USER02003,Cisco 8851,8865,14.3,Registered,Provisioned,2025-11-08
DEV01513,SITE026,USER00602,Cisco 8851,8841,14.3,Unregistered,Pending,2026-01-11
DEV01514,SITE023,USER01525,Room Kit,Webex App,15.1,Registered,Provisioned,2026-01-01
DEV01515,SITE015,USER00468,Cisco 8841,8851,14.3,Registered,Provisioned,2026-06-06
DEV01516,SITE004,USER01259,Cisco 8851,Webex App,15.1,Registered,Provisioned,2025-11-17
DEV01517,SITE019,USER01155,Webex App,Webex App,15.0,Registered,Pending,2026-04-09
DEV01518,SITE007,USER01812,Cisco 8841,8865,14.2,Unregistered,Provisioned,2025-11-13
DEV01519,SITE026,USER00364,Room Kit,8841,15.1,None,Provisioned,2026-05-30
DEV01520,SITE021,USER00897,Cisco 8851,8841,15.0,Registered,Provisioned,2026-07-19
DEV01521,SITE027,USER01046,Room Kit,8841,14.4,Registered,Failed,2026-03-23
DEV01522,SITE014,USER02373,Cisco 8865,8865,15.0,Registered,Provisioned,2025-12-18
DEV01523,SITE021,USER00988,Cisco 8851,8865,14.4,Registered,Provisioned,2025-11-12
DEV01524,SITE013,USER01470,Cisco 8851,8851,14.3,Unregistered,Provisioned,2026-08-03
DEV01525,SITE011,USER00666,Cisco 8841,Webex App,14.2,Unregistered,Pending,2026-08-20
DEV01526,SITE020,USER01993,Cisco 8865,Webex App,14.2,Registered,Failed,2025-12-03
DEV01527,SITE031,USER01071,Webex App,8851,14.2,None,Pending,2026-03-20
DEV01528,SITE007,USER01574,Cisco 8841,8865,15.1,Registered,Provisioned,2026-05-15
DEV01529,SITE005,USER01134,Webex App,8851,15.1,Registered,Provisioned,2026-07-02
DEV01530,SITE002,USER01130,Cisco 8851,8841,14.4,Registered,Pending,2026-08-23
DEV01531,SITE018,USER00630,Cisco 8841,8865,15.0,Registered,Provisioned,2026-01-26
DEV01532,SITE019,USER01132,Cisco 8841,8851,15.1,Registered,Provisioned,2026-02-12
DEV01533,SITE004,USER02313,Webex App,8865,15.1,Registered,Provisioned,2026-03-07
DEV01534,SITE014,USER00913,Webex App,8851,14.4,Registered,Provisioned,2026-02-28
DEV01535,SITE006,USER01100,Webex App,8865,14.3,Registered,Pending,2026-08-16
DEV01536,SITE001,USER00129,Webex App,8841,15.1,Unregistered,Provisioned,2026-04-22
DEV01537,SITE016,USER00518,Cisco 8851,Webex App,15.1,Registered,Pending,2026-04-11
DEV01538,SITE033,USER01831,Room Kit,8865,15.1,None,Pending,2026-06-07
DEV01539,SITE021,USER01842,Cisco 8841,Room Kit,14.2,Registered,Provisioned,2026-03-14
DEV01540,SITE015,USER00360,Room Kit,8841,15.0,None,Provisioned,2026-08-12
DEV01541,SITE013,USER02099,Webex App,Webex App,15.1,Registered,Provisioned,2026-03-20
DEV01542,SITE016,USER02385,Cisco 8841,Webex App,14.4,Registered,Provisioned,2026-07-31
DEV01543,SITE006,USER01442,Cisco 8865,Room Kit,14.4,Registered,Provisioned,2026-03-12
DEV01544,SITE003,USER01315,Cisco 8865,8851,15.1,Unregistered,Provisioned,2026-07-31
DEV01545,SITE022,USER01646,Room Kit,Webex App,14.2,Registered,Provisioned,2025-11-16
DEV01546,SITE015,USER00280,Webex App,8841,14.2,Registered,Provisioned,2025-12-21
DEV01547,SITE006,USER02444,Cisco 8865,Room Kit,14.2,Registered,Provisioned,2026-04-27
DEV01548,SITE017,USER00171,Cisco 8841,Room Kit,14.4,Registered,Provisioned,2026-02-25
DEV01549,SITE006,USER00400,Webex App,Room Kit,14.4,Registered,Provisioned,2026-02-17
DEV01550,SITE021,USER00766,Webex App,8851,15.1,Registered,Pending,2026-01-27
DEV01551,SITE028,USER02276,Cisco 8851,8865,14.2,Unregistered,Provisioned,2026-05-21
DEV01552,SITE013,USER00855,Cisco 8865,Webex App,14.2,Registered,Provisioned,2026-07-10
DEV01553,SITE031,USER01706,Webex App,8841,15.0,Registered,Pending,2026-02-23
DEV01554,SITE017,USER00500,Cisco 8841,8841,14.3,None,Provisioned,2026-06-23
DEV01555,SITE018,USER01871,Room Kit,Webex App,14.2,None,Pending,2026-07-16
DEV01556,SITE015,USER01509,Cisco 8841,8841,15.1,Unregistered,Provisioned,2026-06-17
DEV01557,SITE026,USER01958,Cisco 8851,8865,14.3,None,Pending,2026-07-03
DEV01558,SITE030,USER02225,Cisco 8865,8865,15.0,Unregistered,Pending,2026-01-24
DEV01559,SITE021,USER01508,Cisco 8841,8865,15.1,Registered,Provisioned,2026-05-14
DEV01560,SITE023,USER00369,Cisco 8841,Webex App,14.2,Registered,Provisioned,2026-04-04
DEV01561,SITE007,USER01733,Cisco 8841,Room Kit,15.1,None,Pending,2026-03-28
DEV01562,SITE001,USER02224,Cisco 8851,8851,14.2,Registered,Provisioned,2025-11-22
DEV01563,SITE034,USER02028,Cisco 8841,Webex App,14.2,Registered,Provisioned,2026-07-20
DEV01564,SITE021,USER00684,Room Kit,8865,15.1,Registered,Provisioned,2026-03-14
DEV01565,SITE026,USER01070,Cisco 8865,8841,14.2,Unregistered,Provisioned,2026-04-01
DEV01566,SITE031,USER02168,Cisco 8851,Room Kit,14.2,Unregistered,Provisioned,2025-11-17
DEV01567,SITE016,USER01574,Cisco 8865,8865,14.3,Registered,Provisioned,2026-04-03
DEV01568,SITE001,USER01451,Cisco 8865,8841,14.3,Registered,Provisioned,2026-06-08
DEV01569,SITE024,USER02176,Cisco 8841,8865,15.0,Registered,Provisioned,2026-08-15
DEV01570,SITE034,USER00497,Webex App,8865,15.0,Registered,Provisioned,2026-08-25
DEV01571,SITE025,USER01122,Room Kit,Webex App,15.1,None,Provisioned,2026-05-25
DEV01572,SITE024,USER01093,Room Kit,8841,14.4,None,Pending,2025-11-19
DEV01573,SITE005,USER00075,Cisco 8841,8851,14.3,Registered,Provisioned,2026-02-27
DEV01574,SITE027,USER02191,Cisco 8865,8841,14.4,Registered,Provisioned,2026-04-15
DEV01575,SITE033,USER01359,Cisco 8841,8841,14.3,Registered,Provisioned,2026-06-05
DEV01576,SITE027,USER00355,Cisco 8851,8865,14.4,Registered,Provisioned,2026-01-24
DEV01577,SITE006,USER01295,Cisco 8865,Room Kit,15.0,Registered,Provisioned,2026-01-18
DEV01578,SITE015,USER02304,Cisco 8851,8841,15.0,None,Pending,2026-05-14
DEV01579,SITE031,USER01018,Cisco 8841,Room Kit,15.1,None,Provisioned,2026-05-23
DEV01580,SITE002,USER00186,Cisco 8865,Webex App,14.4,Registered,Provisioned,2026-01-11
DEV01581,SITE012,USER00905,Webex App,Webex App,14.2,None,Provisioned,2026-05-28
DEV01582,SITE033,USER01023,Webex App,8865,15.0,None,Provisioned,2026-03-14
DEV01583,SITE011,USER00934,Room Kit,Webex App,15.1,Registered,Provisioned,2026-03-21
DEV01584,SITE017,USER01375,Webex App,8841,15.0,Registered,Provisioned,2026-05-23
DEV01585,SITE013,USER01395,Webex App,Webex App,14.3,Registered,Provisioned,2025-11-02
DEV01586,SITE029,USER02465,Cisco 8865,8851,15.0,Registered,Provisioned,2026-01-12
DEV01587,SITE005,USER01740,Cisco 8851,Room Kit,15.0,Unregistered,Provisioned,2026-03-12
DEV01588,SITE017,USER02173,Room Kit,Room Kit,14.3,Registered,Failed,2026-08-06
DEV01589,SITE005,USER00887,Cisco 8841,Room Kit,14.4,Registered,Provisioned,2026-03-13
DEV01590,SITE025,USER00242,Room Kit,8865,14.3,Registered,Provisioned,2026-02-27
DEV01591,SITE003,USER01953,Room Kit,Webex App,15.1,Registered,Provisioned,2026-08-05
DEV01592,SITE012,USER00479,Cisco 8865,8841,14.2,Unregistered,Provisioned,2026-04-21
DEV01593,SITE005,USER01118,Cisco 8865,8865,14.3,Registered,Provisioned,2026-07-02
DEV01594,SITE017,USER02227,Cisco 8841,8841,14.3,None,Provisioned,2026-04-06
DEV01595,SITE030,USER02455,Cisco 8851,8865,14.3,Registered,Failed,2025-12-03
DEV01596,SITE002,USER02449,Cisco 8851,Webex App,14.4,Registered,Provisioned,2026-07-20
DEV01597,SITE028,USER01173,Cisco 8851,8865,14.4,Registered,Provisioned,2026-06-14
DEV01598,SITE005,USER02291,Cisco 8841,Room Kit,14.4,Registered,Provisioned,2026-03-19
DEV01599,SITE021,USER00878,Cisco 8841,Room Kit,14.3,Registered,Provisioned,2025-11-20
DEV01600,SITE029,USER00337,Webex App,8865,15.1,Registered,Failed,2026-01-12
DEV01601,SITE030,USER00419,Cisco 8851,Webex App,14.3,Unregistered,Provisioned,2026-05-13
DEV01602,SITE004,USER00096,Cisco 8865,8841,15.0,None,Provisioned,2026-03-08
DEV01603,SITE031,USER01534,Cisco 8841,8841,15.0,Registered,Provisioned,2026-08-14
DEV01604,SITE022,USER01955,Cisco 8865,Webex App,15.1,None,Provisioned,2026-01-18
DEV01605,SITE002,USER01175,Cisco 8865,Webex App,14.3,Registered,Provisioned,2026-06-10
DEV01606,SITE016,USER01123,Cisco 8841,8851,15.1,Registered,Provisioned,2026-01-16
DEV01607,SITE020,USER02257,Cisco 8851,Webex App,15.0,Registered,Failed,2025-11-07
DEV01608,SITE018,USER00456,Cisco 8851,8841,14.2,Unregistered,Provisioned,2026-01-10
DEV01609,SITE009,USER02112,Cisco 8865,Room Kit,15.0,Registered,Failed,2026-04-10
DEV01610,SITE026,USER00819,Cisco 8851,Room Kit,14.3,Registered,Provisioned,2025-12-23
DEV01611,SITE017,USER00896,Cisco 8841,8851,14.4,Registered,Pending,2026-06-15
DEV01612,SITE008,USER02458,Cisco 8851,8865,14.4,Registered,Provisioned,2026-07-13
DEV01613,SITE012,USER01265,Cisco 8841,Webex App,15.1,Registered,Pending,2026-03-07
DEV01614,SITE018,USER00153,Cisco 8841,Room Kit,14.4,Registered,Provisioned,2025-11-11
DEV01615,SITE024,USER01681,Webex App,8841,14.2,None,Provisioned,2026-02-15
DEV01616,SITE011,USER01584,Cisco 8865,8865,14.3,Registered,Provisioned,2026-03-24
DEV01617,SITE020,USER00102,Cisco 8865,8865,14.2,Registered,Provisioned,2026-05-15
DEV01618,SITE023,USER01356,Webex App,8865,15.0,Registered,Failed,2025-12-01
DEV01619,SITE020,USER01193,Webex App,8841,15.1,Registered,Provisioned,2026-04-29
DEV01620,SITE033,USER02471,Cisco 8841,Webex App,14.3,Registered,Provisioned,2026-01-04
DEV01621,SITE029,USER02025,Room Kit,Webex App,14.3,Registered,Provisioned,2026-04-12
DEV01622,SITE002,USER01729,Webex App,8865,15.0,Unregistered,Pending,2026-05-23
DEV01623,SITE006,USER00216,Webex App,8841,14.4,Registered,Pending,2025-11-13
DEV01624,SITE031,USER02117,Cisco 8865,Webex App,15.1,Registered,Provisioned,2025-12-06
DEV01625,SITE012,USER00501,Cisco 8865,Webex App,14.3,Registered,Failed,2026-04-09
DEV01626,SITE035,USER01620,Cisco 8841,Webex App,14.2,Unregistered,Failed,2026-07-25
DEV01627,SITE007,USER02164,Cisco 8841,8865,14.3,Registered,Failed,2026-07-10
DEV01628,SITE025,USER00501,Cisco 8851,8841,15.0,Unregistered,Failed,2025-12-05
DEV01629,SITE031,USER01112,Cisco 8865,8841,14.2,Registered,Provisioned,2025-12-23
DEV01630,SITE033,USER01867,Webex App,8851,15.0,Registered,Pending,2025-12-01
DEV01631,SITE017,USER02227,Room Kit,Webex App,14.4,Registered,Provisioned,2026-01-19
DEV01632,SITE026,USER02258,Cisco 8851,8841,15.0,Registered,Provisioned,2026-05-07
DEV01633,SITE011,USER00265,Cisco 8841,Room Kit,14.3,None,Pending,2026-08-28
DEV01634,SITE030,USER01597,Room Kit,Room Kit,14.2,Registered,Provisioned,2026-02-15
DEV01635,SITE013,USER01668,Webex App,Room Kit,14.3,Registered,Provisioned,2026-07-02
DEV01636,SITE005,USER00947,Cisco 8841,Webex App,14.2,Registered,Provisioned,2025-12-22
DEV01637,SITE012,USER01912,Cisco 8841,8865,14.2,None,Provisioned,2026-08-17
DEV01638,SITE010,USER00165,Webex App,8851,15.0,None,Failed,2026-05-12
DEV01639,SITE033,USER01100,Cisco 8851,8865,14.4,Registered,Provisioned,2026-08-10
DEV01640,SITE005,USER00206,Cisco 8851,8865,15.0,Registered,Failed,2026-05-29
DEV01641,SITE004,USER01288,Cisco 8865,Webex App,14.4,Registered,Pending,2026-04-14
DEV01642,SITE029,USER01682,Cisco 8865,8841,14.3,Registered,Failed,2026-07-23
DEV01643,SITE010,USER01750,Cisco 8841,Room Kit,14.4,Unregistered,Provisioned,2026-08-01
DEV01644,SITE030,USER01049,Webex App,8865,14.3,Registered,Provisioned,2026-06-26
DEV01645,SITE002,USER00429,Cisco 8851,8841,15.0,Registered,Provisioned,2025-12-23
DEV01646,SITE005,USER01336,Cisco 8841,Webex App,14.4,Unregistered,Provisioned,2026-07-22
DEV01647,SITE004,USER00505,Room Kit,8851,15.1,Registered,Provisioned,2026-03-22
DEV01648,SITE011,USER02030,Room Kit,Webex App,14.2,Registered,Provisioned,2026-03-21
DEV01649,SITE004,USER01354,Webex App,Webex App,14.4,Unregistered,Provisioned,2026-02-28
DEV01650,SITE006,USER00784,Webex App,Webex App,14.2,Registered,Pending,2026-04-15
DEV01651,SITE005,USER00416,Cisco 8851,Room Kit,15.0,Registered,Failed,2026-08-19
DEV01652,SITE029,USER01537,Webex App,Room Kit,15.0,Registered,Provisioned,2025-12-10
DEV01653,SITE035,USER01934,Cisco 8865,Webex App,14.4,Unregistered,Provisioned,2026-06-07
DEV01654,SITE027,USER02142,Cisco 8841,8841,14.3,None,Pending,2026-05-26
DEV01655,SITE008,USER00467,Room Kit,8851,14.4,Registered,Provisioned,2026-05-06
DEV01656,SITE019,USER00217,Room Kit,8841,14.3,Registered,Pending,2026-07-18
DEV01657,SITE029,USER01437,Cisco 8841,Webex App,14.2,Unregistered,Provisioned,2026-05-22
DEV01658,SITE025,USER00966,Webex App,Webex App,14.3,Registered,Provisioned,2026-07-31
DEV01659,SITE005,USER01819,Webex App,Room Kit,14.2,None,Provisioned,2026-01-14
DEV01660,SITE025,USER01811,Cisco 8865,8865,15.1,Registered,Pending,2025-12-28
DEV01661,SITE013,USER00221,Webex App,8865,14.2,Registered,Provisioned,2026-05-09
DEV01662,SITE007,USER00936,Cisco 8865,Webex App,14.3,None,Pending,2026-05-31
DEV01663,SITE002,USER01080,Webex App,Room Kit,14.2,Registered,Pending,2026-06-14
DEV01664,SITE030,USER02236,Webex App,8841,15.0,Unregistered,Pending,2025-11-24
DEV01665,SITE021,USER01031,Cisco 8865,8851,14.3,Registered,Provisioned,2026-03-23
DEV01666,SITE010,USER00893,Room Kit,8841,14.2,Registered,Provisioned,2026-01-03
DEV01667,SITE010,USER01599,Cisco 8851,Webex App,14.3,Registered,Provisioned,2026-06-08
DEV01668,SITE012,USER00351,Webex App,Webex App,14.3,Registered,Provisioned,2026-07-10
DEV01669,SITE001,USER01616,Cisco 8851,Webex App,14.3,Unregistered,Provisioned,2026-04-04
DEV01670,SITE028,USER01493,Room Kit,Webex App,15.0,Registered,Pending,2025-11-22
DEV01671,SITE033,USER01734,Cisco 8865,Webex App,15.1,Registered,Provisioned,2026-05-31
DEV01672,SITE010,USER02088,Webex App,Room Kit,14.2,Unregistered,Provisioned,2026-05-07
DEV01673,SITE015,USER02266,Cisco 8841,Room Kit,15.0,Unregistered,Provisioned,2026-08-18
DEV01674,SITE019,USER02420,Cisco 8841,Room Kit,15.1,Unregistered,Provisioned,2026-06-10
DEV01675,SITE017,USER00145,Cisco 8851,8851,15.1,None,Pending,2025-12-13
DEV01676,SITE004,USER00908,Cisco 8851,Webex App,14.2,Unregistered,Provisioned,2025-12-12
DEV01677,SITE029,USER00696,Cisco 8865,8865,15.1,Registered,Provisioned,2025-11-15
DEV01678,SITE009,USER02285,Cisco 8841,8865,15.1,None,Provisioned,2026-05-18
DEV01679,SITE027,USER00349,Cisco 8865,8865,14.4,Registered,Provisioned,2025-12-01
DEV01680,SITE003,USER00261,Cisco 8865,8841,15.0,Unregistered,Provisioned,2025-11-10
DEV01681,SITE002,USER00833,Cisco 8851,8841,15.0,Registered,Provisioned,2026-02-28
DEV01682,SITE028,USER02488,Webex App,8841,14.3,Registered,Pending,2026-01-30
DEV01683,SITE034,USER00048,Room Kit,8851,15.1,Registered,Provisioned,2025-11-02
DEV01684,SITE003,USER01846,Webex App,8851,14.4,Registered,Provisioned,2026-08-23
DEV01685,SITE035,USER01096,Cisco 8865,8851,14.3,Registered,Provisioned,2026-06-30
DEV01686,SITE011,USER00116,Cisco 8851,Room Kit,14.3,Registered,Provisioned,2025-11-30
DEV01687,SITE035,USER02473,Cisco 8841,8865,15.0,Registered,Provisioned,2026-06-16
DEV01688,SITE004,USER00521,Cisco 8865,8851,14.3,Registered,Provisioned,2026-06-04
DEV01689,SITE013,USER02269,Cisco 8841,8865,15.0,Registered,Provisioned,2025-12-14
DEV01690,SITE021,USER01632,Webex App,8865,14.4,Unregistered,Provisioned,2025-11-05
DEV01691,SITE015,USER01871,Cisco 8865,8851,15.0,Registered,Provisioned,2026-03-09
DEV01692,SITE009,USER00125,Cisco 8841,8851,15.0,Unregistered,Provisioned,2026-07-29
DEV01693,SITE031,USER01521,Room Kit,8851,15.1,Registered,Provisioned,2026-01-06
DEV01694,SITE011,USER00155,Cisco 8841,Webex App,14.3,Registered,Provisioned,2026-01-31
DEV01695,SITE013,USER02135,Cisco 8841,Webex App,14.2,Registered,Provisioned,2026-08-13
DEV01696,SITE003,USER01493,Webex App,8841,14.2,Registered,Provisioned,2026-01-26
DEV01697,SITE030,USER02081,Cisco 8841,8851,15.0,Unregistered,Provisioned,2026-08-30
DEV01698,SITE013,USER01043,Cisco 8851,Webex App,14.3,Registered,Provisioned,2026-08-15
DEV01699,SITE001,USER01814,Cisco 8851,8841,14.3,Registered,Provisioned,2026-02-06
DEV01700,SITE011,USER01875,Room Kit,8851,14.4,Registered,Provisioned,2026-01-19
DEV01701,SITE005,USER00598,Cisco 8865,Webex App,15.0,Registered,Pending,2026-03-21
DEV01702,SITE025,USER01768,Room Kit,8851,14.3,Registered,Provisioned,2026-08-15
DEV01703,SITE030,USER00818,Cisco 8865,8841,15.0,Registered,Provisioned,2026-05-19
DEV01704,SITE032,USER00093,Cisco 8865,Webex App,15.0,Registered,Provisioned,2026-03-02
DEV01705,SITE013,USER00904,Cisco 8841,8865,15.1,Unregistered,Provisioned,2026-01-13
DEV01706,SITE032,USER02310,Webex App,Room Kit,15.0,Unregistered,Provisioned,2026-07-25
DEV01707,SITE032,USER00988,Webex App,8841,14.4,Registered,Provisioned,2026-01-09
DEV01708,SITE005,USER00207,Cisco 8851,Room Kit,14.3,Unregistered,Provisioned,2026-02-22
DEV01709,SITE027,USER01460,Cisco 8841,8841,14.4,Registered,Provisioned,2026-03-12
DEV01710,SITE028,USER01277,Room Kit,8851,15.1,Registered,Provisioned,2025-12-28
DEV01711,SITE033,USER02425,Cisco 8851,8851,15.1,Registered,Pending,2026-05-10
DEV01712,SITE015,USER00622,Cisco 8865,8841,14.2,Registered,Provisioned,2026-03-27
DEV01713,SITE020,USER01240,Cisco 8851,Webex App,14.2,Registered,Provisioned,2026-01-13
DEV01714,SITE009,USER01585,Webex App,8851,14.4,Registered,Provisioned,2025-12-23
DEV01715,SITE027,USER00647,Cisco 8865,Webex App,15.1,Registered,Provisioned,2026-05-28
DEV01716,SITE012,USER00148,Room Kit,8841,14.2,Registered,Provisioned,2026-03-10
DEV01717,SITE013,USER00036,Webex App,Room Kit,15.1,Registered,Provisioned,2026-05-22
DEV01718,SITE013,USER00265,Room Kit,8841,14.4,Registered,Failed,2025-12-16
DEV01719,SITE034,USER01076,Webex App,Webex App,14.4,Registered,Provisioned,2025-11-24
DEV01720,SITE027,USER00440,Webex App,Room Kit,14.2,Registered,Pending,2026-05-12
DEV01721,SITE026,USER02074,Webex App,Room Kit,14.3,Unregistered,Pending,2026-07-20
DEV01722,SITE035,USER00137,Cisco 8865,8851,15.0,None,Provisioned,2025-11-23
DEV01723,SITE026,USER00162,Cisco 8851,8841,14.2,Registered,Provisioned,2026-04-23
DEV01724,SITE027,USER00724,Cisco 8865,8851,15.1,Registered,Provisioned,2026-01-05
DEV01725,SITE019,USER00598,Webex App,8851,15.1,Registered,Failed,2026-04-02
DEV01726,SITE027,USER02420,Cisco 8865,8841,15.1,Registered,Provisioned,2026-02-26
DEV01727,SITE019,USER01077,Webex App,8841,14.4,Registered,Provisioned,2026-05-14
DEV01728,SITE023,USER01377,Webex App,Room Kit,14.4,Unregistered,Provisioned,2026-05-15
DEV01729,SITE006,USER00192,Room Kit,Room Kit,14.2,Registered,Provisioned,2026-05-27
DEV01730,SITE018,USER01112,Cisco 8841,Webex App,15.1,Registered,Pending,2026-06-30
DEV01731,SITE006,USER00712,Cisco 8841,Webex App,15.0,Registered,Provisioned,2026-02-09
DEV01732,SITE001,USER00035,Cisco 8865,8841,14.2,Registered,Provisioned,2025-12-29
DEV01733,SITE027,USER00935,Webex App,8865,14.4,Unregistered,Provisioned,2026-01-23
DEV01734,SITE009,USER00955,Webex App,Webex App,15.0,Registered,Provisioned,2026-03-28
DEV01735,SITE012,USER00641,Cisco 8865,Room Kit,14.4,Registered,Pending,2025-11-17
DEV01736,SITE014,USER01814,Cisco 8851,8851,15.1,Registered,Provisioned,2026-07-28
DEV01737,SITE033,USER01833,Cisco 8851,8841,14.3,Unregistered,Provisioned,2026-03-14
DEV01738,SITE001,USER00342,Webex App,Webex App,14.2,Registered,Pending,2026-01-08
DEV01739,SITE023,USER01164,Cisco 8851,Webex App,15.0,Unregistered,Provisioned,2026-05-02
DEV01740,SITE008,USER01896,Cisco 8841,8851,15.1,Registered,Provisioned,2025-12-08
DEV01741,SITE002,USER02354,Room Kit,8851,14.3,Unregistered,Provisioned,2025-12-03
DEV01742,SITE025,USER00309,Room Kit,Webex App,14.3,Unregistered,Provisioned,2026-05-01
DEV01743,SITE035,USER00010,Cisco 8851,Webex App,14.2,Registered,Provisioned,2025-12-25
DEV01744,SITE014,USER02322,Cisco 8851,8851,14.3,Registered,Provisioned,2026-05-29
DEV01745,SITE026,USER01610,Webex App,8841,15.0,Registered,Provisioned,2026-08-12
DEV01746,SITE004,USER01626,Webex App,8851,14.2,Registered,Provisioned,2025-12-05
DEV01747,SITE024,USER01451,Cisco 8851,Webex App,15.1,Registered,Provisioned,2026-08-08
DEV01748,SITE027,USER01129,Cisco 8865,8865,14.2,Registered,Provisioned,2026-05-12
DEV01749,SITE019,USER00683,Cisco 8841,8841,15.0,Registered,Provisioned,2026-05-08
DEV01750,SITE011,USER02322,Cisco 8841,8865,14.4,Registered,Provisioned,2026-02-26
DEV01751,SITE022,USER00983,Cisco 8851,8865,14.4,Registered,Pending,2026-08-11
DEV01752,SITE029,USER01719,Cisco 8865,8865,14.2,Registered,Provisioned,2025-11-01
DEV01753,SITE035,USER00255,Cisco 8865,8851,15.0,Registered,Pending,2026-01-06
DEV01754,SITE023,USER00805,Webex App,Room Kit,14.3,Registered,Provisioned,2026-02-18
DEV01755,SITE020,USER00296,Cisco 8841,8841,15.1,Registered,Provisioned,2026-01-07
DEV01756,SITE013,USER02183,Cisco 8851,Webex App,14.4,None,Provisioned,2026-08-28
DEV01757,SITE010,USER01606,Cisco 8865,Webex App,14.3,Registered,Failed,2026-07-10
DEV01758,SITE030,USER01513,Cisco 8865,Webex App,15.0,Registered,Provisioned,2026-02-23
DEV01759,SITE029,USER01251,Cisco 8851,Room Kit,14.3,None,Pending,2025-11-04
DEV01760,SITE018,USER01707,Cisco 8841,8851,14.3,Unregistered,Provisioned,2026-07-28
DEV01761,SITE032,USER00835,Cisco 8841,8865,14.2,Unregistered,Provisioned,2026-06-21
DEV01762,SITE008,USER00757,Webex App,8851,14.2,Registered,Provisioned,2025-11-27
DEV01763,SITE003,USER00975,Cisco 8865,8841,14.3,Registered,Provisioned,2026-05-21
DEV01764,SITE021,USER01692,Cisco 8841,8841,14.2,Registered,Provisioned,2026-01-12
DEV01765,SITE012,USER00243,Cisco 8841,Webex App,15.1,Registered,Pending,2026-01-11
DEV01766,SITE020,USER00409,Cisco 8865,8841,14.3,Registered,Provisioned,2026-05-15
DEV01767,SITE014,USER01149,Cisco 8851,8841,14.4,None,Pending,2025-11-02
DEV01768,SITE014,USER01658,Cisco 8865,Webex App,15.1,Registered,Provisioned,2026-07-26
DEV01769,SITE032,USER01313,Cisco 8865,8865,14.4,Registered,Failed,2026-06-09
DEV01770,SITE013,USER01610,Room Kit,8851,14.3,Registered,Provisioned,2026-06-24
DEV01771,SITE014,USER00048,Room Kit,8865,14.3,Registered,Provisioned,2025-12-11
DEV01772,SITE002,USER01978,Cisco 8865,Room Kit,14.3,Registered,Provisioned,2026-08-16
DEV01773,SITE018,USER01111,Room Kit,Webex App,15.1,Registered,Provisioned,2026-05-28
DEV01774,SITE013,USER01357,Webex App,8865,14.2,Registered,Provisioned,2026-08-22
DEV01775,SITE010,USER01920,Cisco 8851,Webex App,14.3,Registered,Provisioned,2026-01-08
DEV01776,SITE032,USER01867,Room Kit,8851,15.1,Registered,Failed,2025-11-22
DEV01777,SITE026,USER00728,Cisco 8865,Webex App,14.3,Registered,Provisioned,2026-05-27
DEV01778,SITE002,USER02061,Cisco 8865,8841,14.3,Registered,Provisioned,2026-02-17
DEV01779,SITE018,USER00129,Cisco 8841,8841,14.4,Registered,Pending,2026-04-12
DEV01780,SITE035,USER00564,Room Kit,8851,15.0,Unregistered,Provisioned,2026-02-05
DEV01781,SITE003,USER01611,Cisco 8841,8865,14.3,None,Provisioned,2026-08-16
DEV01782,SITE017,USER01891,Room Kit,8865,15.0,Registered,Provisioned,2026-05-03
DEV01783,SITE033,USER00013,Cisco 8851,Room Kit,14.2,Registered,Pending,2026-07-06
DEV01784,SITE019,USER02165,Cisco 8865,8841,14.2,Unregistered,Failed,2026-07-11
DEV01785,SITE003,USER00124,Cisco 8851,8865,14.3,Registered,Provisioned,2026-04-13
DEV01786,SITE019,USER00527,Webex App,8865,14.4,Registered,Provisioned,2026-05-09
DEV01787,SITE002,USER00951,Cisco 8841,8841,14.2,Unregistered,Provisioned,2026-06-13
DEV01788,SITE013,USER02035,Cisco 8851,Room Kit,14.3,Registered,Provisioned,2026-08-31
DEV01789,SITE012,USER01993,Cisco 8851,8841,15.1,Registered,Failed,2025-12-29
DEV01790,SITE020,USER02315,Webex App,Room Kit,15.0,Registered,Provisioned,2026-06-29
DEV01791,SITE032,USER01988,Cisco 8841,8851,14.4,Registered,Provisioned,2026-04-28
DEV01792,SITE003,USER01362,Webex App,8865,15.1,Registered,Provisioned,2025-11-16
DEV01793,SITE006,USER02363,Webex App,8841,15.1,Registered,Provisioned,2026-01-07
DEV01794,SITE013,USER02348,Room Kit,8851,14.3,Registered,Provisioned,2026-02-04
DEV01795,SITE004,USER00708,Cisco 8841,Webex App,14.4,Registered,Provisioned,2026-05-27
DEV01796,SITE025,USER01950,Cisco 8865,8865,14.2,Registered,Provisioned,2026-05-21
DEV01797,SITE021,USER00272,Cisco 8851,8841,15.1,Registered,Provisioned,2026-01-26
DEV01798,SITE011,USER01829,Cisco 8851,Room Kit,14.3,Registered,Provisioned,2026-01-13
DEV01799,SITE011,USER00615,Webex App,Room Kit,14.3,Registered,Pending,2026-02-17
DEV01800,SITE003,USER01025,Cisco 8851,Webex App,15.0,Registered,Failed,2026-02-24
DEV01801,SITE025,USER01724,Room Kit,Webex App,14.4,Registered,Provisioned,2026-04-03
DEV01802,SITE018,USER01731,Cisco 8841,8841,15.1,Registered,Provisioned,2026-08-17
DEV01803,SITE010,USER00057,Webex App,8851,14.4,Registered,Provisioned,2025-11-22
DEV01804,SITE032,USER01621,Cisco 8851,8865,14.4,Registered,Provisioned,2026-01-25
DEV01805,SITE008,USER01089,Room Kit,Webex App,14.3,Unregistered,Provisioned,2026-05-10
DEV01806,SITE005,USER00151,Cisco 8851,Room Kit,14.4,Registered,Provisioned,2025-12-19
DEV01807,SITE022,USER00999,Cisco 8841,8851,14.4,Unregistered,Pending,2026-02-19
DEV01808,SITE024,USER00620,Cisco 8865,Room Kit,15.0,Registered,Provisioned,2025-12-21
DEV01809,SITE011,USER01135,Cisco 8865,Webex App,15.1,None,Pending,2026-03-26
DEV01810,SITE022,USER01814,Cisco 8851,8851,14.4,Registered,Provisioned,2026-01-30
DEV01811,SITE029,USER00869,Cisco 8841,Webex App,14.4,Registered,Provisioned,2026-01-20
DEV01812,SITE029,USER01624,Cisco 8841,8841,15.1,None,Provisioned,2026-04-07
DEV01813,SITE027,USER01093,Webex App,8841,15.0,Registered,Provisioned,2026-04-04
DEV01814,SITE033,USER00986,Room Kit,8851,14.3,Registered,Provisioned,2026-02-05
DEV01815,SITE031,USER01861,Webex App,Room Kit,14.2,Registered,Provisioned,2026-07-01
DEV01816,SITE031,USER01807,Cisco 8851,8841,15.0,Registered,Provisioned,2026-08-07
DEV01817,SITE031,USER01901,Cisco 8865,Webex App,14.2,Registered,Pending,2026-05-15
DEV01818,SITE013,USER02154,Cisco 8865,8851,15.1,Registered,Provisioned,2026-07-12
DEV01819,SITE023,USER00180,Cisco 8851,Webex App,14.2,Unregistered,Failed,2026-05-10
DEV01820,SITE031,USER01888,Webex App,Room Kit,14.2,Registered,Pending,2026-08-22
DEV01821,SITE019,USER01207,Cisco 8865,8851,15.0,Registered,Provisioned,2026-03-22
DEV01822,SITE029,USER01397,Room Kit,8841,14.3,Unregistered,Provisioned,2026-03-17
DEV01823,SITE018,USER01402,Cisco 8851,8865,14.2,Registered,Provisioned,2026-08-17
DEV01824,SITE015,USER00131,Cisco 8851,Webex App,14.4,Registered,Pending,2026-06-07
DEV01825,SITE007,USER01237,Cisco 8865,8851,14.3,Registered,Provisioned,2026-05-18
DEV01826,SITE015,USER02062,Webex App,8865,14.2,Unregistered,Provisioned,2025-11-29
DEV01827,SITE026,USER01903,Room Kit,Room Kit,14.4,Registered,Provisioned,2026-03-02
DEV01828,SITE009,USER00209,Room Kit,8841,14.3,Registered,Provisioned,2026-02-25
DEV01829,SITE007,USER01104,Webex App,8851,15.1,Registered,Provisioned,2026-02-04
DEV01830,SITE005,USER02163,Cisco 8851,8865,15.1,Registered,Provisioned,2026-04-20
DEV01831,SITE035,USER01509,Cisco 8851,8865,14.3,Unregistered,Provisioned,2025-12-27
DEV01832,SITE015,USER01445,Cisco 8851,8841,14.2,Registered,Failed,2026-07-31
DEV01833,SITE004,USER02265,Room Kit,8841,14.2,Unregistered,Failed,2025-12-14
DEV01834,SITE028,USER00640,Cisco 8865,Room Kit,14.3,Registered,Provisioned,2026-08-27
DEV01835,SITE025,USER01080,Room Kit,Room Kit,15.1,Registered,Pending,2026-06-14
DEV01836,SITE013,USER00751,Webex App,8851,15.1,Unregistered,Provisioned,2025-12-10
DEV01837,SITE033,USER00595,Cisco 8841,8851,14.4,Registered,Provisioned,2026-06-24
DEV01838,SITE031,USER00614,Cisco 8851,8841,15.1,Registered,Provisioned,2026-04-05
DEV01839,SITE035,USER00482,Cisco 8865,8865,14.4,Registered,Provisioned,2026-08-30
DEV01840,SITE018,USER01392,Cisco 8841,8865,14.3,Registered,Provisioned,2026-01-01
DEV01841,SITE008,USER01891,Cisco 8851,Room Kit,15.1,Registered,Failed,2026-05-27
DEV01842,SITE025,USER00650,Cisco 8851,8865,15.0,None,Provisioned,2026-07-29
DEV01843,SITE032,USER01156,Room Kit,8865,14.4,Registered,Provisioned,2026-04-13
DEV01844,SITE009,USER01083,Room Kit,8851,14.4,Registered,Pending,2025-12-20
DEV01845,SITE023,USER00052,Cisco 8841,8841,15.0,Unregistered,Provisioned,2026-02-19
DEV01846,SITE021,USER00384,Cisco 8841,Room Kit,14.4,Registered,Provisioned,2025-11-30
DEV01847,SITE013,USER00004,Webex App,Webex App,15.0,None,Provisioned,2026-06-09
DEV01848,SITE021,USER00282,Cisco 8865,Room Kit,15.1,None,Provisioned,2026-01-08
DEV01849,SITE029,USER01101,Cisco 8841,8865,14.4,Registered,Provisioned,2026-03-03
DEV01850,SITE026,USER00972,Room Kit,Room Kit,14.3,Registered,Pending,2026-03-29
DEV01851,SITE017,USER01710,Cisco 8851,8865,15.1,Registered,Provisioned,2026-08-16
DEV01852,SITE008,USER00264,Room Kit,Webex App,14.2,Registered,Provisioned,2026-05-07
DEV01853,SITE019,USER00295,Cisco 8865,8851,14.4,Registered,Provisioned,2026-07-16
DEV01854,SITE016,USER00733,Cisco 8851,8851,15.1,Registered,Provisioned,2025-11-19
DEV01855,SITE017,USER00903,Cisco 8841,Room Kit,14.2,Registered,Provisioned,2026-06-07
DEV01856,SITE032,USER01156,Cisco 8865,Webex App,15.1,Registered,Provisioned,2026-02-18
DEV01857,SITE001,USER00984,Cisco 8851,Room Kit,15.1,Unregistered,Provisioned,2026-05-22
DEV01858,SITE033,USER01518,Cisco 8841,Webex App,15.1,Registered,Provisioned,2026-03-06
DEV01859,SITE030,USER00273,Cisco 8851,Webex App,15.0,Registered,Pending,2025-11-18
DEV01860,SITE010,USER01514,Room Kit,Webex App,15.1,Registered,Provisioned,2026-01-05
DEV01861,SITE029,USER01758,Cisco 8865,Room Kit,14.4,Registered,Provisioned,2026-01-17
DEV01862,SITE006,USER01017,Webex App,8851,14.3,None,Pending,2026-05-15
DEV01863,SITE016,USER00226,Room Kit,Room Kit,15.1,Registered,Provisioned,2025-12-18
DEV01864,SITE026,USER00111,Room Kit,Room Kit,14.4,Registered,Pending,2026-06-17
DEV01865,SITE005,USER01076,Cisco 8841,Webex App,14.4,Registered,Provisioned,2026-01-27
DEV01866,SITE033,USER00431,Cisco 8851,8851,15.0,Registered,Provisioned,2025-12-03
DEV01867,SITE032,USER02164,Room Kit,8851,14.3,None,Provisioned,2025-11-29
DEV01868,SITE011,USER02410,Cisco 8841,8865,15.1,None,Pending,2026-03-11
DEV01869,SITE021,USER00910,Cisco 8851,8865,14.2,Unregistered,Provisioned,2026-06-27
DEV01870,SITE007,USER00766,Webex App,Room Kit,14.4,Unregistered,Provisioned,2026-02-27
DEV01871,SITE018,USER00222,Room Kit,Room Kit,15.0,Registered,Provisioned,2026-02-19
DEV01872,SITE030,USER00392,Room Kit,8851,15.1,Registered,Provisioned,2026-07-14
DEV01873,SITE014,USER00723,Cisco 8841,Room Kit,15.0,Registered,Failed,2026-05-25
DEV01874,SITE015,USER02039,Cisco 8851,Room Kit,15.0,Registered,Provisioned,2026-04-29
DEV01875,SITE023,USER01384,Webex App,Room Kit,15.1,Registered,Provisioned,2026-03-17
DEV01876,SITE015,USER00638,Cisco 8865,8851,14.3,Registered,Pending,2026-08-13
DEV01877,SITE006,USER00941,Cisco 8841,8841,14.2,Registered,Provisioned,2026-01-05
DEV01878,SITE015,USER00966,Cisco 8865,8841,15.0,Registered,Provisioned,2026-05-04
DEV01879,SITE021,USER00536,Cisco 8865,Room Kit,14.4,Registered,Provisioned,2026-06-03
DEV01880,SITE030,USER00829,Room Kit,Webex App,15.1,Registered,Failed,2025-11-19
DEV01881,SITE034,USER00408,Cisco 8865,Room Kit,15.1,Registered,Provisioned,2025-12-12
DEV01882,SITE018,USER00518,Room Kit,8841,14.2,Registered,Provisioned,2026-04-20
DEV01883,SITE019,USER00241,Room Kit,8841,15.1,Registered,Provisioned,2026-04-20
DEV01884,SITE004,USER00710,Cisco 8865,Webex App,14.3,Registered,Provisioned,2026-03-27
DEV01885,SITE003,USER00337,Room Kit,Webex App,14.3,Registered,Provisioned,2026-05-30
DEV01886,SITE018,USER00997,Cisco 8841,8851,14.4,Unregistered,Provisioned,2025-12-16
DEV01887,SITE034,USER00555,Cisco 8865,8851,15.1,Registered,Provisioned,2026-01-06
DEV01888,SITE005,USER01062,Webex App,Room Kit,14.3,Unregistered,Provisioned,2025-11-04
DEV01889,SITE035,USER01353,Cisco 8865,Webex App,15.1,Registered,Provisioned,2026-02-08
DEV01890,SITE011,USER01557,Cisco 8865,8841,15.0,Unregistered,Provisioned,2026-07-10
DEV01891,SITE015,USER02392,Webex App,8841,14.3,Registered,Provisioned,2026-04-06
DEV01892,SITE023,USER02009,Cisco 8865,Webex App,14.2,Registered,Provisioned,2026-06-28
DEV01893,SITE014,USER01955,Webex App,8851,15.1,Registered,Failed,2026-06-26
DEV01894,SITE033,USER01558,Webex App,Room Kit,14.4,Registered,Provisioned,2026-04-07
DEV01895,SITE007,USER02488,Room Kit,8851,14.4,Registered,Provisioned,2026-04-27
DEV01896,SITE005,USER00803,Webex App,Room Kit,14.4,Registered,Provisioned,2026-07-05
DEV01897,SITE028,USER00843,Cisco 8865,Webex App,14.4,Unregistered,Provisioned,2025-12-01
DEV01898,SITE017,USER01231,Cisco 8851,8841,14.2,Unregistered,Provisioned,2026-03-14
DEV01899,SITE021,USER02396,Cisco 8851,8865,14.3,Registered,Pending,2026-04-24
DEV01900,SITE021,USER01369,Webex App,Webex App,15.1,Registered,Provisioned,2025-12-18
DEV01901,SITE001,USER02154,Webex App,Webex App,14.2,Registered,Provisioned,2026-08-30
DEV01902,SITE010,USER02273,Webex App,Webex App,15.1,Unregistered,Provisioned,2026-05-12
DEV01903,SITE013,USER01953,Cisco 8865,8851,15.1,Registered,Provisioned,2025-11-27
DEV01904,SITE010,USER01776,Webex App,Room Kit,14.2,Registered,Provisioned,2026-04-04
DEV01905,SITE016,USER00618,Cisco 8841,8865,14.2,Registered,Pending,2026-04-09
DEV01906,SITE015,USER01539,Webex App,8841,14.2,Registered,Provisioned,2025-12-08
DEV01907,SITE019,USER02270,Cisco 8851,Webex App,14.2,Registered,Provisioned,2025-12-17
DEV01908,SITE032,USER00036,Cisco 8841,Room Kit,15.0,Registered,Provisioned,2026-01-08
DEV01909,SITE004,USER00021,Cisco 8851,8865,15.0,Unregistered,Provisioned,2026-01-23
DEV01910,SITE005,USER00550,Cisco 8841,Room Kit,14.2,Unregistered,Provisioned,2025-12-28
DEV01911,SITE019,USER02002,Cisco 8841,Room Kit,15.0,Registered,Provisioned,2026-04-03
DEV01912,SITE032,USER00980,Room Kit,8851,14.4,Registered,Provisioned,2026-05-22
DEV01913,SITE012,USER00230,Room Kit,8851,14.3,None,Provisioned,2026-01-13
DEV01914,SITE015,USER00596,Cisco 8851,8865,15.1,None,Pending,2026-07-04
DEV01915,SITE001,USER00823,Cisco 8841,8851,14.2,None,Provisioned,2026-06-14
DEV01916,SITE023,USER01218,Webex App,Webex App,15.0,Unregistered,Provisioned,2026-04-13
DEV01917,SITE012,USER01282,Webex App,Room Kit,14.4,Unregistered,Provisioned,2026-03-03
DEV01918,SITE007,USER01834,Cisco 8865,8865,14.4,Registered,Provisioned,2026-08-25
DEV01919,SITE030,USER00312,Webex App,8851,14.3,Registered,Failed,2026-07-08
DEV01920,SITE006,USER01562,Cisco 8851,8851,15.0,Registered,Failed,2026-02-13
DEV01921,SITE002,USER02022,Room Kit,8851,14.3,Registered,Provisioned,2025-11-12
DEV01922,SITE025,USER00287,Cisco 8841,Webex App,15.0,Registered,Pending,2026-07-01
DEV01923,SITE021,USER00900,Cisco 8841,8865,14.4,Unregistered,Pending,2025-11-25
DEV01924,SITE022,USER01913,Cisco 8841,Webex App,14.4,Registered,Provisioned,2026-02-01
DEV01925,SITE015,USER01751,Room Kit,8851,15.0,Registered,Failed,2025-12-06
DEV01926,SITE020,USER02197,Cisco 8865,Webex App,14.2,Registered,Provisioned,2026-07-27
DEV01927,SITE022,USER01803,Cisco 8851,Webex App,14.4,Registered,Provisioned,2026-06-02
DEV01928,SITE001,USER00452,Cisco 8841,Room Kit,15.1,Unregistered,Provisioned,2025-11-09
DEV01929,SITE010,USER00427,Webex App,Webex App,14.3,Registered,Provisioned,2026-05-31
DEV01930,SITE013,USER00601,Cisco 8865,8841,14.3,Unregistered,Provisioned,2026-05-29
DEV01931,SITE009,USER02126,Cisco 8865,Room Kit,15.1,Unregistered,Pending,2026-07-05
DEV01932,SITE019,USER01647,Webex App,8841,14.3,Registered,Provisioned,2026-05-26
DEV01933,SITE006,USER01888,Cisco 8865,Webex App,14.3,Registered,Provisioned,2026-03-30
DEV01934,SITE027,USER01593,Webex App,Webex App,15.1,Unregistered,Provisioned,2026-03-07
DEV01935,SITE030,USER01119,Cisco 8865,8865,14.4,Registered,Provisioned,2026-05-16
DEV01936,SITE019,USER00401,Cisco 8841,8851,14.2,Unregistered,Provisioned,2026-08-14
DEV01937,SITE006,USER01974,Cisco 8865,Webex App,14.2,Registered,Provisioned,2026-05-06
DEV01938,SITE012,USER00299,Cisco 8851,Webex App,14.4,None,Provisioned,2025-12-09
DEV01939,SITE002,USER02130,Webex App,8851,14.3,Registered,Provisioned,2026-03-29
DEV01940,SITE026,USER00573,Webex App,8851,14.2,None,Pending,2026-03-10
DEV01941,SITE025,USER01333,Cisco 8865,8841,15.1,Registered,Provisioned,2026-07-25
DEV01942,SITE017,USER00258,Webex App,Webex App,14.4,Registered,Provisioned,2026-07-29
DEV01943,SITE012,USER00165,Room Kit,8851,15.1,Registered,Provisioned,2026-05-07
DEV01944,SITE001,USER01067,Room Kit,Room Kit,15.1,Registered,Provisioned,2026-05-03
DEV01945,SITE033,USER01526,Room Kit,Room Kit,15.1,Registered,Provisioned,2025-12-25
DEV01946,SITE031,USER02206,Cisco 8851,8841,14.2,Registered,Provisioned,2026-01-31
DEV01947,SITE031,USER00527,Cisco 8865,Webex App,14.3,Registered,Provisioned,2026-07-15
DEV01948,SITE022,USER00074,Cisco 8865,8851,15.0,Registered,Provisioned,2026-07-24
DEV01949,SITE032,USER00362,Cisco 8865,8865,15.1,Registered,Provisioned,2026-03-03
DEV01950,SITE020,USER02097,Cisco 8851,8865,14.3,Registered,Provisioned,2026-08-11
DEV01951,SITE011,USER00566,Room Kit,Webex App,14.3,Registered,Provisioned,2025-11-09
DEV01952,SITE025,USER01663,Room Kit,8851,15.0,Unregistered,Provisioned,2026-04-26
DEV01953,SITE013,USER00205,Room Kit,8851,14.3,Registered,Provisioned,2026-06-30
DEV01954,SITE019,USER00414,Room Kit,8865,14.4,Registered,Provisioned,2026-01-08
DEV01955,SITE013,USER02265,Cisco 8865,Room Kit,15.1,Registered,Provisioned,2026-07-03
DEV01956,SITE001,USER00947,Cisco 8851,8865,15.1,None,Pending,2026-07-18
DEV01957,SITE016,USER01849,Cisco 8851,8865,15.0,Registered,Provisioned,2026-05-06
DEV01958,SITE015,USER02275,Cisco 8841,8841,15.1,Registered,Provisioned,2025-12-10
DEV01959,SITE032,USER01614,Cisco 8851,8851,14.3,Registered,Pending,2026-07-04
DEV01960,SITE031,USER00924,Cisco 8865,8841,15.0,None,Provisioned,2025-11-24
DEV01961,SITE021,USER00283,Cisco 8851,Webex App,14.2,Registered,Provisioned,2026-07-14
DEV01962,SITE026,USER00868,Cisco 8841,Webex App,14.4,None,Provisioned,2025-12-27
DEV01963,SITE016,USER01580,Cisco 8851,Webex App,14.2,Registered,Provisioned,2025-12-29
DEV01964,SITE020,USER01042,Room Kit,8851,14.3,Registered,Provisioned,2025-12-20
DEV01965,SITE006,USER00926,Cisco 8851,8851,14.4,Registered,Provisioned,2026-08-20
DEV01966,SITE025,USER01693,Webex App,8851,14.2,Registered,Provisioned,2026-06-20
DEV01967,SITE003,USER01409,Cisco 8851,8865,14.3,Registered,Pending,2026-07-05
DEV01968,SITE026,USER00504,Cisco 8841,8865,14.4,Registered,Provisioned,2026-04-10
DEV01969,SITE030,USER01095,Room Kit,8851,14.3,None,Failed,2026-05-22
DEV01970,SITE001,USER00277,Cisco 8851,8841,14.4,Registered,Provisioned,2025-12-13
DEV01971,SITE035,USER02342,Room Kit,Room Kit,14.2,Registered,Failed,2026-02-12
DEV01972,SITE002,USER02190,Cisco 8841,8841,15.1,Registered,Provisioned,2026-06-25
DEV01973,SITE007,USER01197,Cisco 8865,Webex App,14.3,Unregistered,Provisioned,2026-02-15
DEV01974,SITE015,USER01247,Cisco 8851,Webex App,15.1,Registered,Pending,2025-12-22
DEV01975,SITE020,USER01330,Cisco 8865,8865,14.4,Registered,Provisioned,2026-03-19
DEV01976,SITE005,USER02444,Cisco 8841,8851,14.3,Registered,Provisioned,2025-12-07
DEV01977,SITE034,USER01598,Room Kit,8851,15.0,Unregistered,Provisioned,2025-12-06
DEV01978,SITE007,USER01636,Cisco 8841,8865,14.2,None,Provisioned,2026-03-04
DEV01979,SITE024,USER02131,Cisco 8841,Room Kit,15.0,Registered,Pending,2026-05-19
DEV01980,SITE029,USER01779,Room Kit,8841,14.2,Registered,Provisioned,2026-05-16
DEV01981,SITE025,USER00748,Cisco 8841,8851,14.3,Registered,Provisioned,2026-06-08
DEV01982,SITE031,USER01137,Cisco 8841,8841,15.1,Registered,Provisioned,2026-03-14
DEV01983,SITE024,USER02214,Cisco 8851,Webex App,15.1,None,Pending,2026-08-14
DEV01984,SITE001,USER01272,Cisco 8841,8865,15.0,Registered,Provisioned,2026-03-22
DEV01985,SITE017,USER00574,Room Kit,8851,15.1,Registered,Provisioned,2026-08-19
DEV01986,SITE011,USER00110,Cisco 8865,8841,14.2,Registered,Provisioned,2025-12-24
DEV01987,SITE029,USER00513,Cisco 8841,Webex App,15.0,Registered,Pending,2026-05-26
DEV01988,SITE003,USER00705,Cisco 8865,Webex App,14.3,Registered,Pending,2026-08-11
DEV01989,SITE023,USER00533,Cisco 8851,Webex App,15.0,Unregistered,Provisioned,2026-06-19
DEV01990,SITE026,USER00927,Room Kit,8865,14.2,None,Failed,2026-05-07
DEV01991,SITE005,USER01192,Cisco 8865,8841,15.1,Registered,Pending,2026-08-05
DEV01992,SITE025,USER01114,Room Kit,Room Kit,14.4,Registered,Provisioned,2026-03-04
DEV01993,SITE023,USER00141,Webex App,8851,15.0,Registered,Provisioned,2025-12-16
DEV01994,SITE030,USER00252,Cisco 8841,8865,15.0,Registered,Provisioned,2026-05-19
DEV01995,SITE011,USER02154,Webex App,8865,14.3,Registered,Provisioned,2026-01-05
DEV01996,SITE015,USER01082,Cisco 8851,8851,14.2,Registered,Pending,2026-01-13
DEV01997,SITE003,USER01595,Cisco 8841,Room Kit,15.0,Unregistered,Provisioned,2026-04-07
DEV01998,SITE022,USER01182,Webex App,Room Kit,15.0,Registered,Pending,2026-03-02
DEV01999,SITE010,USER02182,Webex App,8841,14.2,Registered,Provisioned,2025-11-29
DEV02000,SITE033,USER00624,Cisco 8851,8851,14.4,Registered,Provisioned,2025-11-14
DEV02001,SITE002,USER01976,Cisco 8841,8851,14.4,Registered,Provisioned,2026-07-11
DEV02002,SITE035,USER01664,Cisco 8851,Webex App,14.4,Registered,Provisioned,2025-11-19
DEV02003,SITE032,USER01611,Cisco 8865,8851,14.2,Registered,Failed,2026-01-28
DEV02004,SITE032,USER01742,Cisco 8851,8865,15.0,Registered,Provisioned,2025-11-24
DEV02005,SITE012,USER00820,Room Kit,Webex App,14.3,Registered,Failed,2026-03-21
DEV02006,SITE024,USER02243,Cisco 8841,8865,15.0,None,Provisioned,2026-03-24
DEV02007,SITE015,USER01101,Cisco 8841,Webex App,15.0,Registered,Provisioned,2025-11-15
DEV02008,SITE023,USER02321,Cisco 8851,8851,14.4,Registered,Failed,2026-03-04
DEV02009,SITE002,USER02254,Cisco 8851,8841,15.0,Registered,Pending,2026-01-24
DEV02010,SITE006,USER01062,Webex App,8841,14.3,Registered,Provisioned,2026-07-27
DEV02011,SITE029,USER01182,Cisco 8841,8865,14.2,Registered,Provisioned,2026-03-29
DEV02012,SITE012,USER02058,Cisco 8841,8851,14.4,Registered,Provisioned,2026-05-30
DEV02013,SITE035,USER00712,Cisco 8841,8851,14.4,Registered,Provisioned,2026-07-17
DEV02014,SITE018,USER00232,Cisco 8841,8841,14.3,Registered,Pending,2026-03-01
DEV02015,SITE032,USER02339,Cisco 8865,8841,15.0,Unregistered,Pending,2026-01-04
DEV02016,SITE025,USER02215,Room Kit,8851,14.3,Unregistered,Provisioned,2026-03-17
DEV02017,SITE016,USER01587,Room Kit,8851,14.2,Unregistered,Pending,2025-12-19
DEV02018,SITE001,USER02349,Room Kit,8865,14.3,Registered,Provisioned,2026-01-11
DEV02019,SITE011,USER01979,Room Kit,8865,14.2,Unregistered,Provisioned,2026-08-17
DEV02020,SITE035,USER00541,Cisco 8851,Room Kit,15.0,None,Provisioned,2025-12-16
DEV02021,SITE035,USER01027,Webex App,8865,14.4,Registered,Provisioned,2026-05-24
DEV02022,SITE027,USER01118,Cisco 8865,Room Kit,14.2,Registered,Provisioned,2026-08-22
DEV02023,SITE018,USER02354,Cisco 8851,Webex App,15.0,Unregistered,Pending,2026-03-24
DEV02024,SITE012,USER01262,Cisco 8841,Room Kit,15.1,Unregistered,Provisioned,2025-12-06
DEV02025,SITE015,USER01981,Cisco 8841,Webex App,15.0,Registered,Provisioned,2026-04-10
DEV02026,SITE030,USER01964,Cisco 8865,8851,15.0,Registered,Failed,2026-06-09
DEV02027,SITE008,USER01982,Cisco 8841,8851,15.1,Unregistered,Provisioned,2026-05-20
DEV02028,SITE014,USER01886,Cisco 8865,8841,14.4,Registered,Provisioned,2026-07-20
DEV02029,SITE021,USER00303,Cisco 8841,8865,14.2,Unregistered,Provisioned,2026-04-30
DEV02030,SITE009,USER00053,Cisco 8865,8841,15.1,Unregistered,Provisioned,2026-08-09
DEV02031,SITE001,USER01727,Room Kit,Room Kit,14.2,Registered,Provisioned,2026-03-29
DEV02032,SITE020,USER01537,Cisco 8841,8841,14.4,Registered,Provisioned,2026-01-29
DEV02033,SITE012,USER01863,Room Kit,Webex App,14.3,Registered,Provisioned,2026-06-14
DEV02034,SITE025,USER01752,Room Kit,8851,15.0,Unregistered,Provisioned,2026-08-29
DEV02035,SITE021,USER01610,Webex App,Room Kit,15.1,Unregistered,Provisioned,2026-03-09
DEV02036,SITE002,USER00324,Room Kit,Webex App,14.4,Unregistered,Provisioned,2025-12-08
DEV02037,SITE032,USER01231,Cisco 8841,8851,15.1,Registered,Provisioned,2026-02-17
DEV02038,SITE002,USER01987,Cisco 8841,Room Kit,14.4,Registered,Provisioned,2026-05-25
DEV02039,SITE015,USER01232,Cisco 8841,8841,14.3,Registered,Provisioned,2026-02-18
DEV02040,SITE011,USER00865,Cisco 8841,8841,14.3,Unregistered,Pending,2026-02-28
DEV02041,SITE032,USER02185,Room Kit,8865,15.0,Registered,Provisioned,2026-02-28
DEV02042,SITE002,USER01029,Webex App,8841,14.4,Registered,Provisioned,2026-07-07
DEV02043,SITE007,USER00871,Room Kit,Webex App,15.1,Registered,Provisioned,2026-01-05
DEV02044,SITE017,USER01538,Cisco 8865,Room Kit,15.1,Unregistered,Failed,2026-08-20
DEV02045,SITE017,USER02064,Cisco 8865,8851,14.4,Unregistered,Provisioned,2026-04-28
DEV02046,SITE026,USER01000,Webex App,8841,14.2,Registered,Pending,2026-07-20
DEV02047,SITE025,USER02229,Cisco 8851,Room Kit,15.1,Unregistered,Provisioned,2026-05-10
DEV02048,SITE007,USER02279,Room Kit,8865,14.2,Registered,Provisioned,2026-06-22
DEV02049,SITE022,USER02421,Cisco 8865,Webex App,14.2,Registered,Failed,2026-07-26
DEV02050,SITE010,USER00663,Webex App,8841,14.3,Registered,Pending,2025-11-03
DEV02051,SITE009,USER02036,Webex App,8841,15.0,Registered,Pending,2025-11-11
DEV02052,SITE005,USER00934,Cisco 8865,8865,14.3,Registered,Provisioned,2026-07-13
DEV02053,SITE029,USER00294,Room Kit,8841,15.1,Registered,Provisioned,2025-11-07
DEV02054,SITE006,USER02190,Cisco 8851,Webex App,15.0,Registered,Failed,2026-07-19
DEV02055,SITE029,USER01700,Webex App,Room Kit,15.0,Registered,Pending,2026-08-24
DEV02056,SITE025,USER00336,Cisco 8865,8865,15.1,None,Provisioned,2026-05-25
DEV02057,SITE012,USER00382,Cisco 8865,8841,15.1,None,Provisioned,2025-12-22
DEV02058,SITE018,USER02423,Cisco 8841,8851,14.3,Registered,Provisioned,2025-12-06
DEV02059,SITE033,USER01842,Room Kit,Webex App,14.2,Registered,Pending,2026-05-08
DEV02060,SITE026,USER00480,Cisco 8851,8841,14.3,Unregistered,Provisioned,2026-08-30
DEV02061,SITE030,USER01511,Cisco 8851,8841,14.3,Registered,Provisioned,2026-01-20
DEV02062,SITE032,USER00969,Cisco 8851,8851,15.1,Registered,Pending,2026-02-11
DEV02063,SITE031,USER01679,Cisco 8865,Webex App,14.4,Registered,Provisioned,2026-05-04
DEV02064,SITE029,USER01451,Cisco 8841,Room Kit,14.3,Registered,Provisioned,2026-06-04
DEV02065,SITE029,USER00714,Room Kit,8841,14.4,Registered,Provisioned,2026-06-16
DEV02066,SITE020,USER00810,Cisco 8841,8865,15.0,None,Failed,2026-05-06
DEV02067,SITE028,USER01697,Cisco 8841,8851,15.0,Registered,Provisioned,2026-03-15
DEV02068,SITE014,USER02175,Cisco 8865,8865,15.1,Registered,Provisioned,2026-05-26
DEV02069,SITE005,USER01027,Cisco 8841,Webex App,14.4,Registered,Provisioned,2026-08-24
DEV02070,SITE030,USER01511,Cisco 8851,8841,15.0,Registered,Provisioned,2026-05-24
DEV02071,SITE035,USER00213,Cisco 8865,8865,14.2,Registered,Provisioned,2026-01-16
DEV02072,SITE028,USER01707,Cisco 8851,Room Kit,15.1,None,Provisioned,2026-01-16
DEV02073,SITE019,USER00696,Cisco 8865,Webex App,14.4,Registered,Provisioned,2026-06-24
DEV02074,SITE032,USER01272,Cisco 8851,8841,14.2,Registered,Provisioned,2026-07-15
DEV02075,SITE006,USER00944,Cisco 8865,Room Kit,15.1,Registered,Provisioned,2026-02-15
DEV02076,SITE013,USER00087,Cisco 8851,Room Kit,14.2,Registered,Provisioned,2026-08-13
DEV02077,SITE005,USER00314,Webex App,8865,14.2,Registered,Provisioned,2026-04-24
DEV02078,SITE020,USER01382,Webex App,8841,15.0,Unregistered,Pending,2026-08-23
DEV02079,SITE010,USER00442,Cisco 8851,8841,15.1,Unregistered,Provisioned,2025-11-02
DEV02080,SITE025,USER00066,Webex App,Room Kit,14.4,None,Provisioned,2026-06-02
DEV02081,SITE030,USER01887,Room Kit,8851,14.3,Registered,Provisioned,2026-07-27
DEV02082,SITE024,USER00268,Cisco 8851,Webex App,14.2,Registered,Pending,2026-08-31
DEV02083,SITE031,USER02462,Cisco 8865,8841,15.0,Unregistered,Provisioned,2026-03-25
DEV02084,SITE013,USER01862,Cisco 8851,Webex App,15.1,Registered,Provisioned,2026-01-06
DEV02085,SITE014,USER01621,Cisco 8841,Room Kit,14.2,Registered,Provisioned,2026-03-10
DEV02086,SITE012,USER00962,Cisco 8841,Room Kit,14.3,Registered,Provisioned,2026-04-15
DEV02087,SITE015,USER00857,Cisco 8865,Room Kit,14.3,Registered,Provisioned,2026-08-19
DEV02088,SITE020,USER00623,Cisco 8865,Room Kit,15.1,None,Failed,2026-07-20
DEV02089,SITE030,USER00148,Webex App,8865,14.4,Registered,Failed,2025-11-04
DEV02090,SITE021,USER01935,Room Kit,Webex App,15.1,Registered,Provisioned,2026-01-22
DEV02091,SITE031,USER01035,Cisco 8851,8841,15.0,Registered,Provisioned,2026-01-11
DEV02092,SITE013,USER01211,Cisco 8865,8851,14.3,Registered,Provisioned,2026-03-06
DEV02093,SITE022,USER00992,Webex App,8865,14.3,None,Provisioned,2026-04-10
DEV02094,SITE015,USER01950,Cisco 8851,Webex App,14.4,Registered,Provisioned,2026-01-19
DEV02095,SITE022,USER02023,Room Kit,8851,15.1,None,Failed,2026-02-19
DEV02096,SITE016,USER01669,Room Kit,Webex App,14.4,Registered,Failed,2026-05-30
DEV02097,SITE023,USER02078,Webex App,Room Kit,15.1,None,Provisioned,2026-07-25
DEV02098,SITE015,USER00531,Room Kit,Webex App,14.2,Registered,Provisioned,2026-06-09
DEV02099,SITE034,USER02094,Cisco 8851,Webex App,14.4,Unregistered,Provisioned,2026-06-05
DEV02100,SITE009,USER01759,Cisco 8841,8865,14.2,Unregistered,Provisioned,2026-07-22
DEV02101,SITE022,USER01178,Cisco 8851,8865,14.3,Registered,Provisioned,2026-03-10
DEV02102,SITE019,USER00420,Cisco 8841,Webex App,14.2,Registered,Provisioned,2025-12-24
DEV02103,SITE023,USER02447,Cisco 8841,8851,15.1,None,Failed,2026-08-17
DEV02104,SITE017,USER02102,Cisco 8851,8865,14.4,Registered,Provisioned,2026-06-29
DEV02105,SITE012,USER02397,Webex App,8865,14.2,Registered,Pending,2025-11-02
DEV02106,SITE027,USER00847,Webex App,8851,15.1,Registered,Provisioned,2026-05-06
DEV02107,SITE001,USER02400,Room Kit,Room Kit,14.2,Registered,Provisioned,2026-08-28
DEV02108,SITE004,USER02324,Room Kit,8851,14.4,Unregistered,Provisioned,2026-01-17
DEV02109,SITE026,USER01238,Cisco 8851,Room Kit,14.4,Registered,Failed,2026-04-17
DEV02110,SITE018,USER00691,Cisco 8841,Room Kit,14.3,Registered,Provisioned,2026-08-22
DEV02111,SITE008,USER00516,Cisco 8841,Webex App,14.4,Registered,Provisioned,2026-03-29
DEV02112,SITE018,USER00264,Cisco 8841,8841,14.3,Registered,Pending,2026-04-23
DEV02113,SITE011,USER02448,Cisco 8841,8841,14.3,Registered,Provisioned,2026-08-15
DEV02114,SITE019,USER02421,Room Kit,Webex App,14.3,Registered,Provisioned,2026-03-16
DEV02115,SITE023,USER00705,Cisco 8865,Room Kit,14.2,Registered,Failed,2026-06-29
DEV02116,SITE002,USER00406,Webex App,Room Kit,14.4,Registered,Provisioned,2026-02-22
DEV02117,SITE011,USER00935,Cisco 8851,Room Kit,14.4,Registered,Provisioned,2025-11-22
DEV02118,SITE022,USER01337,Cisco 8865,8865,14.4,Unregistered,Provisioned,2026-06-28
DEV02119,SITE009,USER01730,Cisco 8865,8841,15.0,Registered,Pending,2026-05-22
DEV02120,SITE020,USER00360,Webex App,Room Kit,14.4,Registered,Provisioned,2026-07-23
DEV02121,SITE003,USER00662,Room Kit,Webex App,14.4,Unregistered,Provisioned,2026-03-27
DEV02122,SITE029,USER02122,Cisco 8851,Room Kit,15.0,Registered,Provisioned,2026-08-22
DEV02123,SITE012,USER00021,Cisco 8851,8851,14.3,Unregistered,Provisioned,2026-02-18
DEV02124,SITE004,USER02427,Cisco 8841,Webex App,14.3,Registered,Provisioned,2026-03-25
DEV02125,SITE033,USER00674,Cisco 8851,8865,14.3,Registered,Failed,2026-01-15
DEV02126,SITE026,USER00033,Room Kit,8851,14.3,Registered,Provisioned,2026-04-03
DEV02127,SITE021,USER00726,Cisco 8841,8841,15.0,Registered,Provisioned,2025-11-11
DEV02128,SITE014,USER00331,Cisco 8865,8851,14.2,Unregistered,Provisioned,2026-07-26
DEV02129,SITE016,USER00581,Cisco 8851,8851,15.0,Registered,Failed,2026-02-10
DEV02130,SITE030,USER02485,Webex App,8865,14.4,Unregistered,Pending,2026-05-09
DEV02131,SITE002,USER02116,Cisco 8851,Webex App,14.4,Registered,Provisioned,2025-12-17
DEV02132,SITE016,USER01058,Cisco 8851,8841,14.3,Registered,Provisioned,2026-03-07
DEV02133,SITE006,USER00544,Cisco 8841,Room Kit,15.0,Registered,Provisioned,2026-01-02
DEV02134,SITE022,USER01514,Room Kit,Webex App,14.3,Unregistered,Provisioned,2026-08-28
DEV02135,SITE031,USER02185,Room Kit,Webex App,14.3,Registered,Provisioned,2025-12-03
DEV02136,SITE035,USER00320,Cisco 8841,8841,14.4,Registered,Provisioned,2026-01-10
DEV02137,SITE013,USER01147,Cisco 8841,Room Kit,14.3,None,Provisioned,2026-05-02
DEV02138,SITE027,USER01676,Cisco 8841,8851,14.3,Registered,Provisioned,2026-02-15
DEV02139,SITE031,USER01852,Room Kit,8865,15.1,Registered,Provisioned,2025-12-30
DEV02140,SITE006,USER00414,Webex App,8851,15.1,Registered,Provisioned,2026-04-28
DEV02141,SITE031,USER02460,Cisco 8841,Webex App,14.2,None,Provisioned,2026-07-18
DEV02142,SITE016,USER00580,Cisco 8841,8851,15.0,None,Provisioned,2026-02-16
DEV02143,SITE011,USER02035,Webex App,Room Kit,14.4,Registered,Provisioned,2026-04-26
DEV02144,SITE024,USER02456,Room Kit,Webex App,14.2,Registered,Pending,2026-02-23
DEV02145,SITE024,USER00813,Webex App,8841,15.1,Registered,Provisioned,2026-02-18
DEV02146,SITE024,USER02385,Cisco 8851,8841,14.4,Registered,Provisioned,2025-11-01
DEV02147,SITE016,USER02101,Cisco 8841,8851,14.3,Unregistered,Failed,2026-06-10
DEV02148,SITE006,USER02403,Cisco 8865,8865,14.2,Registered,Provisioned,2026-05-14
DEV02149,SITE009,USER02323,Cisco 8851,Webex App,15.0,Registered,Provisioned,2026-05-21
DEV02150,SITE012,USER02345,Cisco 8841,Webex App,14.3,Registered,Provisioned,2025-11-16
DEV02151,SITE035,USER01567,Cisco 8851,8851,14.2,Registered,Failed,2026-08-30
DEV02152,SITE030,USER00451,Cisco 8841,8851,14.2,None,Provisioned,2026-05-12
DEV02153,SITE002,USER00508,Cisco 8865,8841,15.0,Registered,Provisioned,2026-08-09
DEV02154,SITE013,USER01899,Cisco 8865,8841,15.1,Registered,Provisioned,2026-05-01
DEV02155,SITE014,USER00119,Cisco 8851,8865,14.4,Registered,Provisioned,2026-07-04
DEV02156,SITE013,USER02049,Cisco 8841,8841,14.3,Registered,Provisioned,2026-01-07
DEV02157,SITE026,USER01931,Webex App,Webex App,14.3,Unregistered,Pending,2025-12-21
DEV02158,SITE030,USER02053,Webex App,Room Kit,14.4,Registered,Provisioned,2026-08-20
DEV02159,SITE014,USER00085,Cisco 8851,8851,14.4,Registered,Provisioned,2026-04-20
DEV02160,SITE013,USER01491,Cisco 8865,8841,14.3,None,Provisioned,2026-02-06
DEV02161,SITE014,USER00541,Cisco 8865,8865,15.0,Registered,Provisioned,2026-05-14
DEV02162,SITE032,USER01032,Webex App,8851,15.0,Registered,Provisioned,2025-12-08
DEV02163,SITE021,USER00808,Cisco 8841,8865,14.2,Registered,Provisioned,2026-06-15
DEV02164,SITE024,USER01170,Room Kit,8865,15.0,Registered,Provisioned,2026-04-18
DEV02165,SITE018,USER00652,Cisco 8841,8841,14.3,Registered,Pending,2026-07-04
DEV02166,SITE013,USER01117,Cisco 8865,Webex App,15.0,Registered,Provisioned,2025-11-05
DEV02167,SITE019,USER00353,Cisco 8851,8851,15.1,Registered,Provisioned,2026-04-21
DEV02168,SITE005,USER00747,Room Kit,8851,14.3,Registered,Provisioned,2026-05-18
DEV02169,SITE028,USER00674,Webex App,8851,14.3,Registered,Provisioned,2026-02-12
DEV02170,SITE015,USER01386,Cisco 8865,Room Kit,15.1,Registered,Provisioned,2026-02-13
DEV02171,SITE026,USER01743,Room Kit,8841,14.4,None,Provisioned,2026-05-31
DEV02172,SITE034,USER00473,Cisco 8851,8865,15.0,Registered,Provisioned,2026-05-25
DEV02173,SITE024,USER01321,Cisco 8865,8865,15.1,Registered,Pending,2026-08-18
DEV02174,SITE026,USER01194,Webex App,8865,15.1,None,Provisioned,2025-12-05
DEV02175,SITE002,USER01289,Cisco 8865,Room Kit,14.2,None,Provisioned,2026-02-03
DEV02176,SITE027,USER02215,Cisco 8841,Webex App,15.0,Registered,Provisioned,2026-03-22
DEV02177,SITE015,USER00820,Room Kit,Room Kit,14.2,Registered,Provisioned,2026-03-03
DEV02178,SITE023,USER00775,Room Kit,8841,15.0,Registered,Failed,2026-05-20
DEV02179,SITE017,USER01764,Room Kit,8851,14.3,Registered,Provisioned,2026-03-25
DEV02180,SITE034,USER01718,Cisco 8851,8851,14.2,Registered,Pending,2026-02-27
DEV02181,SITE019,USER02053,Cisco 8865,8851,15.0,Registered,Provisioned,2025-12-20
DEV02182,SITE003,USER01071,Cisco 8865,Room Kit,14.3,Registered,Provisioned,2026-06-16
DEV02183,SITE027,USER01877,Room Kit,Room Kit,15.1,Registered,Provisioned,2026-03-27
DEV02184,SITE026,USER02131,Webex App,Room Kit,14.3,Registered,Provisioned,2026-04-07
DEV02185,SITE023,USER01221,Webex App,8851,15.0,Registered,Provisioned,2026-01-12
DEV02186,SITE031,USER02008,Cisco 8851,8865,15.1,Registered,Provisioned,2026-07-31
DEV02187,SITE022,USER01791,Cisco 8865,Room Kit,14.3,Registered,Provisioned,2026-04-30
DEV02188,SITE002,USER00221,Webex App,Room Kit,14.2,Registered,Pending,2026-07-04
DEV02189,SITE019,USER01650,Room Kit,Room Kit,14.4,Registered,Provisioned,2026-05-12
DEV02190,SITE027,USER00475,Webex App,8841,15.1,Unregistered,Failed,2026-07-21
DEV02191,SITE003,USER01679,Cisco 8841,8841,14.2,Unregistered,Provisioned,2025-11-19
DEV02192,SITE003,USER00226,Cisco 8851,8841,14.4,Registered,Provisioned,2026-07-30
DEV02193,SITE026,USER00291,Cisco 8841,8841,14.4,Unregistered,Provisioned,2025-12-03
DEV02194,SITE006,USER01634,Webex App,8865,15.0,Registered,Provisioned,2026-02-21
DEV02195,SITE012,USER00796,Cisco 8865,8865,14.2,Registered,Provisioned,2025-11-13
DEV02196,SITE010,USER01399,Cisco 8865,8841,14.4,Registered,Provisioned,2026-06-09
DEV02197,SITE002,USER02210,Room Kit,8851,15.0,Unregistered,Provisioned,2025-11-14
DEV02198,SITE016,USER01938,Cisco 8841,8841,14.2,Registered,Provisioned,2026-07-16
DEV02199,SITE016,USER01275,Cisco 8851,Webex App,14.2,Unregistered,Pending,2025-12-19
DEV02200,SITE004,USER02149,Cisco 8851,Room Kit,15.1,Registered,Provisioned,2026-02-21
DEV02201,SITE019,USER01431,Room Kit,Webex App,14.4,Registered,Provisioned,2026-07-14
DEV02202,SITE012,USER00174,Cisco 8841,8865,15.0,Registered,Provisioned,2026-08-16
DEV02203,SITE032,USER00250,Cisco 8851,Room Kit,14.2,Registered,Failed,2026-01-28
DEV02204,SITE003,USER01198,Cisco 8851,Room Kit,15.0,Registered,Provisioned,2025-11-10
DEV02205,SITE011,USER02309,Cisco 8865,8851,14.2,Unregistered,Provisioned,2026-02-02
DEV02206,SITE019,USER01378,Cisco 8851,8841,15.1,Unregistered,Provisioned,2026-06-20
DEV02207,SITE026,USER02006,Room Kit,8865,14.3,Registered,Provisioned,2026-06-16
DEV02208,SITE011,USER01823,Cisco 8851,8851,15.0,Registered,Provisioned,2025-12-25
DEV02209,SITE015,USER00650,Cisco 8865,Room Kit,14.3,Registered,Provisioned,2026-06-11
DEV02210,SITE030,USER02322,Cisco 8841,8851,15.1,Registered,Provisioned,2026-03-04
DEV02211,SITE002,USER00217,Cisco 8851,8865,15.0,Registered,Provisioned,2026-07-19
DEV02212,SITE027,USER00249,Room Kit,Webex App,15.1,None,Provisioned,2026-01-16
DEV02213,SITE032,USER00905,Room Kit,8865,14.2,Registered,Failed,2026-01-31
DEV02214,SITE001,USER01344,Cisco 8865,8865,14.4,Registered,Provisioned,2025-11-27
DEV02215,SITE016,USER01038,Webex App,8865,14.3,Registered,Provisioned,2026-01-03
DEV02216,SITE021,USER00466,Webex App,Room Kit,14.2,Registered,Failed,2025-12-27
DEV02217,SITE016,USER00401,Cisco 8841,8865,14.3,Unregistered,Provisioned,2026-06-02
DEV02218,SITE013,USER00601,Cisco 8865,8865,14.2,Registered,Pending,2026-03-20
DEV02219,SITE015,USER01456,Room Kit,8841,15.1,Registered,Provisioned,2026-05-27
DEV02220,SITE024,USER00507,Cisco 8865,Webex App,14.3,Registered,Provisioned,2026-04-15
DEV02221,SITE005,USER01365,Cisco 8841,Room Kit,14.3,Registered,Provisioned,2026-05-14
DEV02222,SITE018,USER01075,Cisco 8865,8851,15.0,None,Provisioned,2026-03-08
DEV02223,SITE003,USER00130,Room Kit,Room Kit,14.4,Unregistered,Provisioned,2026-01-10
DEV02224,SITE020,USER01664,Cisco 8851,8841,14.3,Registered,Provisioned,2026-08-29
DEV02225,SITE016,USER00544,Cisco 8865,Webex App,14.3,Registered,Provisioned,2026-03-06
DEV02226,SITE032,USER01220,Cisco 8841,Webex App,15.1,Registered,Pending,2026-01-10
DEV02227,SITE035,USER00092,Cisco 8865,Room Kit,14.4,Registered,Provisioned,2026-04-12
DEV02228,SITE022,USER01835,Room Kit,Webex App,15.0,Registered,Provisioned,2025-12-21
DEV02229,SITE025,USER00177,Cisco 8851,Webex App,14.3,Registered,Provisioned,2026-03-31
DEV02230,SITE021,USER00959,Cisco 8851,Room Kit,14.3,Registered,Provisioned,2026-07-04
DEV02231,SITE017,USER01287,Cisco 8851,Room Kit,14.2,Registered,Provisioned,2026-07-18
DEV02232,SITE001,USER01977,Cisco 8841,8841,14.4,Registered,Provisioned,2026-05-24
DEV02233,SITE026,USER01181,Webex App,Room Kit,15.0,Registered,Provisioned,2026-05-16
DEV02234,SITE015,USER02268,Cisco 8841,Webex App,15.1,Registered,Failed,2026-01-13
DEV02235,SITE028,USER01686,Cisco 8851,8851,14.2,Registered,Provisioned,2026-06-23
DEV02236,SITE009,USER00508,Cisco 8841,Room Kit,15.0,Registered,Provisioned,2026-06-28
DEV02237,SITE015,USER02487,Cisco 8851,8841,14.4,Registered,Provisioned,2025-12-02
DEV02238,SITE017,USER00775,Cisco 8851,8851,14.3,Registered,Provisioned,2026-02-10
DEV02239,SITE003,USER01585,Room Kit,8841,15.1,Unregistered,Pending,2026-01-07
DEV02240,SITE032,USER01973,Cisco 8865,8865,14.3,Registered,Provisioned,2026-05-30
DEV02241,SITE009,USER00815,Cisco 8865,8851,14.4,Unregistered,Provisioned,2026-08-19
DEV02242,SITE022,USER00441,Webex App,Room Kit,14.4,Registered,Provisioned,2026-08-20
DEV02243,SITE012,USER01211,Webex App,8851,14.2,None,Provisioned,2026-01-20
DEV02244,SITE008,USER01054,Room Kit,8865,14.4,Registered,Provisioned,2026-07-17
DEV02245,SITE026,USER00379,Room Kit,Room Kit,14.3,Registered,Provisioned,2025-11-01
DEV02246,SITE020,USER01967,Room Kit,8865,15.0,Registered,Provisioned,2026-05-12
DEV02247,SITE022,USER01654,Cisco 8865,Webex App,14.4,Registered,Provisioned,2025-12-07
DEV02248,SITE015,USER01928,Webex App,8841,14.2,Registered,Failed,2026-05-02
DEV02249,SITE029,USER01989,Webex App,Room Kit,14.4,Unregistered,Provisioned,2026-01-24
DEV02250,SITE020,USER00333,Cisco 8841,8865,14.2,Registered,Provisioned,2026-04-26
DEV02251,SITE032,USER00240,Cisco 8851,Room Kit,14.3,Registered,Provisioned,2025-12-25
DEV02252,SITE015,USER01600,Webex App,8841,14.4,Registered,Provisioned,2026-08-07
DEV02253,SITE026,USER00480,Webex App,8851,14.3,Registered,Provisioned,2025-12-22
DEV02254,SITE013,USER00529,Webex App,Room Kit,14.2,Unregistered,Provisioned,2026-01-06
DEV02255,SITE026,USER02038,Cisco 8851,Webex App,14.2,Registered,Pending,2026-03-27
DEV02256,SITE018,USER01130,Room Kit,8865,15.1,Unregistered,Provisioned,2026-02-24
DEV02257,SITE008,USER01671,Cisco 8841,8841,14.2,Registered,Pending,2026-05-26
DEV02258,SITE002,USER00013,Cisco 8841,Webex App,14.3,Registered,Provisioned,2026-07-23
DEV02259,SITE003,USER00939,Cisco 8851,8851,14.2,Registered,Provisioned,2026-01-31
DEV02260,SITE017,USER01400,Cisco 8841,8865,14.3,Registered,Provisioned,2025-11-28
DEV02261,SITE026,USER01042,Cisco 8865,8851,14.4,Registered,Provisioned,2026-08-05
DEV02262,SITE020,USER01015,Cisco 8851,8851,14.4,Registered,Provisioned,2025-12-31
DEV02263,SITE003,USER00395,Cisco 8865,Webex App,15.0,Registered,Provisioned,2026-02-03
DEV02264,SITE001,USER00127,Room Kit,8865,15.1,Registered,Provisioned,2025-11-11
DEV02265,SITE018,USER00180,Cisco 8841,Webex App,15.1,None,Failed,2026-01-19
DEV02266,SITE032,USER01844,Cisco 8865,8851,15.0,Registered,Provisioned,2026-05-18
DEV02267,SITE016,USER01015,Cisco 8841,Room Kit,14.3,Unregistered,Provisioned,2026-01-22
DEV02268,SITE007,USER01874,Room Kit,8841,14.2,Registered,Provisioned,2025-12-14
DEV02269,SITE006,USER00622,Cisco 8851,Webex App,14.3,Registered,Provisioned,2025-11-11
DEV02270,SITE003,USER01316,Cisco 8865,Webex App,14.2,Unregistered,Provisioned,2026-04-21
DEV02271,SITE032,USER00005,Webex App,Room Kit,14.4,Unregistered,Pending,2026-05-21
DEV02272,SITE033,USER01289,Cisco 8851,8851,15.1,Registered,Provisioned,2026-06-10
DEV02273,SITE034,USER02167,Room Kit,8865,14.4,Registered,Pending,2026-07-19
DEV02274,SITE025,USER00896,Cisco 8865,8851,15.1,Registered,Failed,2026-07-11
DEV02275,SITE033,USER00636,Webex App,8865,14.3,Registered,Provisioned,2026-08-10
DEV02276,SITE018,USER00823,Webex App,8851,14.3,None,Provisioned,2026-04-02
DEV02277,SITE006,USER00518,Cisco 8841,8851,14.4,None,Provisioned,2026-07-02
DEV02278,SITE016,USER00537,Cisco 8865,8865,14.3,Registered,Provisioned,2026-01-27
DEV02279,SITE006,USER00273,Cisco 8851,8851,15.0,Registered,Provisioned,2026-04-15
DEV02280,SITE029,USER01975,Cisco 8851,Room Kit,14.3,Registered,Provisioned,2026-03-02
DEV02281,SITE030,USER00678,Webex App,8851,15.0,Registered,Provisioned,2025-12-09
DEV02282,SITE030,USER01793,Webex App,8851,15.0,Registered,Provisioned,2026-04-30
DEV02283,SITE035,USER01523,Room Kit,Room Kit,15.0,Registered,Provisioned,2026-03-22
DEV02284,SITE021,USER00196,Webex App,Room Kit,14.4,Registered,Failed,2026-07-09
DEV02285,SITE022,USER00929,Webex App,8865,15.1,Registered,Pending,2026-05-17
DEV02286,SITE001,USER01274,Room Kit,Room Kit,14.4,Registered,Failed,2026-05-06
DEV02287,SITE017,USER00390,Cisco 8865,Webex App,15.0,None,Provisioned,2026-08-11
DEV02288,SITE031,USER01182,Room Kit,Room Kit,15.0,Unregistered,Provisioned,2026-02-08
DEV02289,SITE006,USER00229,Cisco 8865,8851,14.2,Registered,Provisioned,2026-04-21
DEV02290,SITE027,USER00059,Cisco 8865,8841,15.1,Registered,Provisioned,2025-12-05
DEV02291,SITE026,USER02425,Cisco 8841,Webex App,14.3,Unregistered,Provisioned,2026-04-05
DEV02292,SITE018,USER00180,Cisco 8841,Room Kit,15.1,Registered,Provisioned,2026-01-08
DEV02293,SITE026,USER01061,Cisco 8841,Room Kit,15.1,None,Pending,2026-01-17
DEV02294,SITE032,USER00604,Webex App,Room Kit,14.4,Registered,Provisioned,2026-04-24
DEV02295,SITE033,USER02035,Cisco 8851,Webex App,15.0,Unregistered,Provisioned,2026-07-29
DEV02296,SITE020,USER01216,Cisco 8851,Webex App,15.1,Registered,Pending,2026-01-09
DEV02297,SITE033,USER01591,Cisco 8865,8841,15.1,Registered,Provisioned,2026-01-30
DEV02298,SITE028,USER01530,Cisco 8851,8851,15.1,Unregistered,Pending,2026-01-29
DEV02299,SITE012,USER00367,Cisco 8851,Room Kit,14.3,Registered,Provisioned,2025-11-09
DEV02300,SITE003,USER01842,Webex App,8851,14.4,Unregistered,Provisioned,2026-06-24
DEV02301,SITE007,USER00922,Cisco 8865,Webex App,15.1,Registered,Provisioned,2026-03-13
DEV02302,SITE023,USER00356,Cisco 8841,8865,14.4,Registered,Pending,2026-06-15
DEV02303,SITE032,USER01706,Cisco 8841,Webex App,14.3,None,Pending,2026-01-26
DEV02304,SITE017,USER02443,Cisco 8841,8841,14.3,Unregistered,Provisioned,2026-03-13
DEV02305,SITE003,USER01399,Cisco 8841,Room Kit,14.2,Registered,Pending,2026-07-14
DEV02306,SITE030,USER01279,Cisco 8851,8851,14.3,Unregistered,Provisioned,2025-12-22
DEV02307,SITE008,USER00210,Room Kit,Webex App,15.0,None,Provisioned,2026-05-16
DEV02308,SITE011,USER02396,Webex App,8851,14.2,None,Provisioned,2025-11-05
DEV02309,SITE031,USER00026,Cisco 8841,8865,15.1,Registered,Provisioned,2026-04-19
DEV02310,SITE020,USER00438,Room Kit,Room Kit,15.0,Registered,Provisioned,2026-01-24
DEV02311,SITE017,USER00583,Cisco 8865,8851,15.0,Registered,Provisioned,2025-12-01
DEV02312,SITE018,USER02008,Cisco 8865,Webex App,14.3,Registered,Pending,2026-07-02
DEV02313,SITE014,USER01980,Cisco 8865,8841,14.3,Registered,Provisioned,2026-01-30
DEV02314,SITE010,USER01561,Cisco 8865,8851,14.3,Registered,Pending,2026-05-21
DEV02315,SITE013,USER02451,Room Kit,Room Kit,15.0,Registered,Provisioned,2026-01-11
DEV02316,SITE025,USER02273,Cisco 8841,Room Kit,14.3,Registered,Provisioned,2026-01-30
DEV02317,SITE033,USER00301,Room Kit,8865,14.4,Registered,Provisioned,2025-12-12
DEV02318,SITE010,USER01370,Cisco 8851,Room Kit,15.1,Registered,Provisioned,2026-01-30
DEV02319,SITE007,USER02332,Room Kit,Webex App,15.1,Unregistered,Provisioned,2026-07-18
DEV02320,SITE016,USER00146,Cisco 8841,Room Kit,15.0,Registered,Provisioned,2025-11-18
DEV02321,SITE034,USER00793,Room Kit,8841,14.4,Registered,Provisioned,2026-07-03
DEV02322,SITE011,USER02443,Cisco 8865,Room Kit,14.3,Registered,Provisioned,2026-02-08
DEV02323,SITE015,USER02131,Cisco 8865,8851,14.4,Registered,Provisioned,2026-03-12
DEV02324,SITE005,USER00357,Cisco 8865,8851,14.3,Registered,Pending,2026-03-11
DEV02325,SITE029,USER02080,Webex App,8865,14.2,Registered,Provisioned,2026-08-03
DEV02326,SITE028,USER01923,Cisco 8841,Room Kit,14.4,Registered,Pending,2026-06-27
DEV02327,SITE027,USER02347,Cisco 8865,8841,14.3,Registered,Provisioned,2026-01-10
DEV02328,SITE034,USER02325,Cisco 8865,8865,14.4,Registered,Provisioned,2026-03-11
DEV02329,SITE009,USER01647,Room Kit,Webex App,14.3,Unregistered,Provisioned,2026-03-11
DEV02330,SITE019,USER02017,Cisco 8865,Webex App,15.0,Registered,Provisioned,2026-06-18
DEV02331,SITE022,USER00773,Webex App,8865,14.2,Registered,Provisioned,2026-05-31
DEV02332,SITE028,USER00627,Cisco 8851,Room Kit,14.4,Registered,Provisioned,2026-02-27
DEV02333,SITE021,USER02144,Cisco 8851,Room Kit,15.0,Registered,Provisioned,2025-12-20
DEV02334,SITE003,USER00932,Cisco 8865,Webex App,14.2,Registered,Provisioned,2026-03-18
DEV02335,SITE029,USER01483,Cisco 8841,Webex App,14.3,Unregistered,Provisioned,2026-01-21
DEV02336,SITE027,USER01438,Cisco 8851,8841,15.1,Unregistered,Pending,2026-01-10
DEV02337,SITE015,USER02001,Webex App,Webex App,14.4,Registered,Provisioned,2025-11-22
DEV02338,SITE005,USER00621,Webex App,Room Kit,15.0,Registered,Provisioned,2026-04-16
DEV02339,SITE027,USER01533,Cisco 8851,Room Kit,15.1,None,Provisioned,2026-04-04
DEV02340,SITE012,USER02299,Webex App,8851,14.2,Registered,Provisioned,2026-02-17
DEV02341,SITE008,USER01333,Cisco 8841,8865,14.4,Registered,Provisioned,2026-03-17
DEV02342,SITE004,USER01215,Cisco 8865,Room Kit,14.2,Registered,Provisioned,2026-07-27
DEV02343,SITE013,USER02261,Webex App,8841,14.2,Unregistered,Pending,2025-11-27
DEV02344,SITE003,USER01425,Cisco 8865,8851,14.3,Unregistered,Pending,2025-11-10
DEV02345,SITE007,USER01642,Cisco 8851,Webex App,15.1,Registered,Provisioned,2025-12-06
DEV02346,SITE035,USER01552,Room Kit,Webex App,14.3,None,Provisioned,2026-01-17
DEV02347,SITE009,USER00776,Webex App,Room Kit,15.0,Registered,Pending,2026-07-09
DEV02348,SITE001,USER02308,Room Kit,8841,14.4,Unregistered,Provisioned,2026-07-03
DEV02349,SITE033,USER00683,Cisco 8851,8851,15.0,Registered,Provisioned,2026-05-06
DEV02350,SITE014,USER00132,Cisco 8865,8851,15.0,Registered,Provisioned,2026-04-18
DEV02351,SITE018,USER00947,Webex App,Room Kit,14.3,Registered,Provisioned,2026-03-06
DEV02352,SITE010,USER00413,Cisco 8841,Room Kit,14.2,Registered,Pending,2025-11-17
DEV02353,SITE017,USER02490,Room Kit,Room Kit,15.0,Registered,Provisioned,2026-02-17
DEV02354,SITE026,USER00234,Cisco 8841,Room Kit,14.4,Registered,Provisioned,2026-07-31
DEV02355,SITE013,USER02076,Room Kit,Webex App,15.1,None,Provisioned,2026-05-14
DEV02356,SITE029,USER00369,Webex App,8841,14.2,None,Provisioned,2026-06-19
DEV02357,SITE035,USER00251,Room Kit,8841,15.1,None,Provisioned,2026-04-28
DEV02358,SITE024,USER00792,Cisco 8865,8851,14.3,Registered,Provisioned,2026-04-27
DEV02359,SITE024,USER00311,Cisco 8851,Webex App,14.4,Registered,Failed,2026-07-01
DEV02360,SITE001,USER00298,Cisco 8865,8841,15.1,Registered,Failed,2026-03-23
DEV02361,SITE028,USER00014,Cisco 8841,8841,14.4,None,Provisioned,2026-02-25
DEV02362,SITE023,USER01610,Cisco 8865,8851,15.0,Registered,Pending,2026-06-05
DEV02363,SITE022,USER00804,Webex App,8841,15.1,None,Provisioned,2026-08-25
DEV02364,SITE027,USER00080,Room Kit,8851,15.0,None,Provisioned,2026-01-22
DEV02365,SITE019,USER01672,Cisco 8865,Webex App,15.0,Registered,Failed,2026-08-27
DEV02366,SITE012,USER01021,Cisco 8841,8851,14.3,Registered,Provisioned,2026-06-02
DEV02367,SITE035,USER00026,Room Kit,8865,15.0,Registered,Provisioned,2026-05-21
DEV02368,SITE005,USER00474,Webex App,Room Kit,15.1,Registered,Provisioned,2026-07-25
DEV02369,SITE020,USER01277,Webex App,8865,14.3,Registered,Pending,2026-05-11
DEV02370,SITE035,USER01380,Webex App,Webex App,15.0,Registered,Provisioned,2025-12-29
DEV02371,SITE004,USER01841,Room Kit,Webex App,15.0,Registered,Provisioned,2026-03-13
DEV02372,SITE014,USER00573,Cisco 8851,8865,15.0,Registered,Provisioned,2026-04-07
DEV02373,SITE019,USER01944,Cisco 8865,8851,14.2,None,Provisioned,2026-02-20
DEV02374,SITE010,USER01570,Cisco 8865,8865,15.1,Unregistered,Provisioned,2026-08-11
DEV02375,SITE019,USER01216,Cisco 8841,8865,14.2,Registered,Provisioned,2026-05-11
DEV02376,SITE014,USER00668,Webex App,Room Kit,14.3,Registered,Provisioned,2026-06-05
DEV02377,SITE001,USER01289,Cisco 8841,8865,14.4,Registered,Provisioned,2025-11-25
DEV02378,SITE030,USER01049,Cisco 8851,Webex App,15.0,Unregistered,Provisioned,2026-02-04
DEV02379,SITE030,USER01518,Cisco 8851,8865,14.4,Registered,Failed,2026-03-03
DEV02380,SITE033,USER01533,Cisco 8841,8851,14.3,Registered,Pending,2025-12-19
DEV02381,SITE006,USER01954,Room Kit,Room Kit,15.0,Registered,Provisioned,2025-11-28
DEV02382,SITE025,USER00744,Room Kit,Room Kit,15.1,Unregistered,Pending,2026-08-23
DEV02383,SITE016,USER01074,Cisco 8851,8851,15.1,Unregistered,Provisioned,2026-08-25
DEV02384,SITE023,USER00305,Webex App,8865,14.4,Registered,Provisioned,2026-06-25
DEV02385,SITE008,USER01837,Webex App,8851,15.1,Registered,Provisioned,2026-06-21
DEV02386,SITE026,USER00580,Webex App,Room Kit,14.4,Registered,Provisioned,2026-04-07
DEV02387,SITE016,USER02412,Room Kit,8865,15.0,Registered,Provisioned,2025-11-05
DEV02388,SITE006,USER01002,Cisco 8841,8865,15.1,None,Provisioned,2025-12-02
DEV02389,SITE030,USER00076,Cisco 8865,8865,14.2,Registered,Pending,2026-03-19
DEV02390,SITE028,USER02217,Cisco 8865,8865,14.2,Registered,Provisioned,2026-02-14
DEV02391,SITE021,USER01241,Webex App,8841,15.1,Unregistered,Provisioned,2026-02-15
DEV02392,SITE021,USER02330,Room Kit,8841,14.2,Registered,Provisioned,2025-12-22
DEV02393,SITE035,USER01115,Cisco 8865,Webex App,15.1,Registered,Provisioned,2026-08-25
DEV02394,SITE030,USER01663,Cisco 8841,8865,15.1,Registered,Provisioned,2026-08-17
DEV02395,SITE033,USER00076,Cisco 8865,Webex App,15.1,Registered,Provisioned,2026-01-14
DEV02396,SITE006,USER00062,Cisco 8851,8841,15.1,Unregistered,Provisioned,2026-06-27
DEV02397,SITE027,USER00884,Cisco 8851,8851,15.0,Unregistered,Failed,2026-08-30
DEV02398,SITE031,USER00545,Webex App,8865,15.1,Registered,Provisioned,2026-08-04
DEV02399,SITE025,USER02177,Webex App,Room Kit,15.0,Registered,Pending,2026-01-15
DEV02400,SITE002,USER00662,Cisco 8841,Webex App,14.2,Registered,Provisioned,2026-02-06
DEV02401,SITE020,USER00049,Cisco 8851,Webex App,14.3,Registered,Provisioned,2025-12-31
DEV02402,SITE011,USER00952,Cisco 8865,8841,15.0,Registered,Failed,2026-06-18
DEV02403,SITE021,USER00864,Webex App,Webex App,14.2,Registered,Provisioned,2026-06-09
DEV02404,SITE033,USER00863,Webex App,8851,14.2,Registered,Pending,2025-12-13
DEV02405,SITE033,USER00246,Cisco 8851,Room Kit,15.1,Registered,Failed,2026-01-09
DEV02406,SITE025,USER02089,Cisco 8865,Webex App,15.0,Unregistered,Provisioned,2025-11-12
DEV02407,SITE033,USER00757,Cisco 8865,8851,14.2,Unregistered,Pending,2026-03-20
DEV02408,SITE008,USER01852,Webex App,Room Kit,14.3,None,Provisioned,2026-07-16
DEV02409,SITE004,USER02101,Room Kit,8865,14.2,Registered,Provisioned,2025-11-27
DEV02410,SITE032,USER01970,Cisco 8865,Webex App,15.1,Unregistered,Provisioned,2025-12-22
DEV02411,SITE019,USER01753,Cisco 8851,Room Kit,14.4,Registered,Pending,2026-02-21
DEV02412,SITE034,USER01374,Room Kit,8841,14.4,None,Provisioned,2026-08-09
DEV02413,SITE018,USER00939,Room Kit,Room Kit,15.0,Registered,Provisioned,2026-04-02
DEV02414,SITE019,USER00976,Webex App,8865,15.0,Registered,Provisioned,2026-08-31
DEV02415,SITE032,USER01466,Room Kit,8865,14.2,Registered,Provisioned,2026-04-04
DEV02416,SITE017,USER00417,Cisco 8841,Webex App,15.1,Registered,Provisioned,2026-03-13
DEV02417,SITE023,USER01363,Room Kit,8851,14.4,Registered,Provisioned,2026-02-14
DEV02418,SITE022,USER01611,Cisco 8841,8841,14.4,Registered,Provisioned,2026-08-23
DEV02419,SITE031,USER00238,Cisco 8865,Room Kit,14.2,Registered,Provisioned,2026-03-18
DEV02420,SITE021,USER02134,Room Kit,8841,15.1,None,Failed,2026-06-12
DEV02421,SITE013,USER01592,Cisco 8851,8865,15.1,None,Provisioned,2026-05-05
DEV02422,SITE001,USER01986,Cisco 8865,8841,15.0,Registered,Provisioned,2026-05-15
DEV02423,SITE015,USER00631,Room Kit,8865,15.0,Registered,Provisioned,2026-02-27
DEV02424,SITE031,USER02170,Room Kit,Room Kit,15.0,Registered,Provisioned,2025-11-27
DEV02425,SITE027,USER02121,Room Kit,8865,14.2,Registered,Pending,2026-03-28
DEV02426,SITE030,USER00663,Webex App,8865,15.1,Registered,Pending,2026-06-05
DEV02427,SITE021,USER02491,Room Kit,8851,14.2,Registered,Pending,2026-04-18
DEV02428,SITE035,USER00818,Cisco 8841,Webex App,14.3,None,Provisioned,2026-08-19
DEV02429,SITE031,USER01321,Cisco 8841,8841,15.0,Registered,Provisioned,2025-11-02
DEV02430,SITE011,USER00721,Cisco 8865,8841,14.2,Registered,Provisioned,2026-08-04
DEV02431,SITE035,USER01963,Cisco 8865,8865,14.4,Registered,Provisioned,2026-01-14
DEV02432,SITE019,USER02226,Cisco 8851,Room Kit,14.2,Registered,Failed,2026-02-09
DEV02433,SITE025,USER01866,Cisco 8841,8865,14.4,Registered,Provisioned,2026-04-11
DEV02434,SITE014,USER00782,Webex App,8865,15.1,Unregistered,Provisioned,2026-07-09
DEV02435,SITE024,USER01747,Webex App,8851,14.2,Unregistered,Provisioned,2026-04-06
DEV02436,SITE035,USER01830,Cisco 8841,8841,14.4,Registered,Failed,2025-12-09
DEV02437,SITE032,USER01249,Webex App,Room Kit,14.3,Registered,Provisioned,2026-05-15
DEV02438,SITE009,USER00085,Cisco 8851,8841,15.0,Registered,Provisioned,2026-02-01
DEV02439,SITE018,USER00600,Webex App,8865,15.0,Registered,Provisioned,2025-11-27
DEV02440,SITE033,USER01339,Webex App,Room Kit,15.1,Registered,Provisioned,2026-08-02
DEV02441,SITE031,USER02442,Cisco 8841,Room Kit,14.2,Registered,Provisioned,2026-06-17
DEV02442,SITE019,USER00081,Webex App,Room Kit,15.0,Registered,Provisioned,2026-06-22
DEV02443,SITE032,USER00071,Room Kit,8865,14.2,Unregistered,Provisioned,2026-06-03
DEV02444,SITE030,USER00826,Cisco 8841,8865,15.0,Registered,Provisioned,2025-11-06
DEV02445,SITE006,USER01262,Webex App,Room Kit,15.0,Registered,Provisioned,2025-12-21
DEV02446,SITE025,USER00961,Room Kit,8851,15.1,Registered,Provisioned,2025-12-31
DEV02447,SITE021,USER01795,Webex App,8851,14.4,Registered,Provisioned,2026-01-02
DEV02448,SITE004,USER00253,Room Kit,8841,15.1,Registered,Failed,2026-08-15
DEV02449,SITE019,USER02406,Room Kit,Room Kit,14.4,Registered,Provisioned,2025-12-15
DEV02450,SITE012,USER00116,Room Kit,Room Kit,15.0,Registered,Provisioned,2025-11-25
DEV02451,SITE013,USER00193,Cisco 8841,Room Kit,14.4,Registered,Provisioned,2026-07-08
DEV02452,SITE027,USER00269,Webex App,Room Kit,14.2,Registered,Pending,2025-12-26
DEV02453,SITE024,USER01863,Room Kit,8841,15.1,Registered,Provisioned,2026-02-18
DEV02454,SITE035,USER00098,Cisco 8865,8851,14.3,None,Pending,2025-11-02
DEV02455,SITE030,USER00439,Cisco 8865,Webex App,15.1,None,Pending,2026-06-23
DEV02456,SITE020,USER01529,Cisco 8851,Webex App,15.1,Registered,Provisioned,2026-03-14
DEV02457,SITE032,USER01691,Webex App,Webex App,14.2,Registered,Provisioned,2026-01-21
DEV02458,SITE006,USER01369,Webex App,Room Kit,14.4,Registered,Provisioned,2026-01-14
DEV02459,SITE010,USER00207,Cisco 8841,8851,14.2,Registered,Provisioned,2026-08-23
DEV02460,SITE001,USER02128,Webex App,Webex App,14.3,Registered,Provisioned,2025-11-19
DEV02461,SITE017,USER02333,Room Kit,8865,14.4,Registered,Provisioned,2026-01-04
DEV02462,SITE012,USER01717,Room Kit,Room Kit,14.2,Registered,Pending,2025-11-25
DEV02463,SITE006,USER02294,Cisco 8865,8851,14.2,Unregistered,Provisioned,2026-04-26
DEV02464,SITE029,USER00217,Room Kit,Webex App,15.0,Registered,Provisioned,2026-05-31
DEV02465,SITE004,USER01770,Cisco 8841,8851,14.4,None,Provisioned,2026-01-13
DEV02466,SITE009,USER02492,Webex App,8841,15.0,Unregistered,Provisioned,2026-01-26
DEV02467,SITE028,USER01831,Cisco 8851,8865,15.1,Registered,Pending,2026-03-08
DEV02468,SITE012,USER01089,Cisco 8851,8841,15.1,Registered,Provisioned,2026-06-01
DEV02469,SITE033,USER00649,Cisco 8841,Webex App,14.2,None,Provisioned,2026-06-05
DEV02470,SITE035,USER02315,Webex App,Room Kit,15.0,Registered,Provisioned,2026-06-23
DEV02471,SITE012,USER00379,Cisco 8841,8841,15.1,Registered,Provisioned,2026-06-09
DEV02472,SITE013,USER01037,Cisco 8841,8865,14.4,Registered,Provisioned,2025-11-28
DEV02473,SITE005,USER02087,Webex App,8841,15.1,Registered,Provisioned,2026-08-15
DEV02474,SITE003,USER01731,Cisco 8841,8851,15.0,Registered,Provisioned,2026-06-25
DEV02475,SITE012,USER02206,Cisco 8841,8851,15.1,Unregistered,Provisioned,2026-04-07
DEV02476,SITE020,USER02277,Cisco 8851,Webex App,15.0,Registered,Pending,2026-02-10
DEV02477,SITE034,USER00982,Cisco 8865,Webex App,15.1,Registered,Provisioned,2026-06-12
DEV02478,SITE022,USER01965,Cisco 8865,Webex App,14.4,Unregistered,Provisioned,2026-03-08
DEV02479,SITE029,USER01594,Room Kit,8851,15.1,Registered,Provisioned,2026-06-10
DEV02480,SITE035,USER01478,Cisco 8865,Room Kit,14.3,Registered,Provisioned,2026-02-02
DEV02481,SITE025,USER00871,Room Kit,Room Kit,14.2,Registered,Failed,2026-05-01
DEV02482,SITE006,USER00713,Cisco 8841,8851,15.0,Registered,Provisioned,2026-04-04
DEV02483,SITE010,USER00790,Cisco 8841,8841,14.3,Registered,Provisioned,2026-03-03
DEV02484,SITE029,USER02080,Room Kit,8841,15.1,Registered,Provisioned,2026-06-29
DEV02485,SITE032,USER00694,Cisco 8841,8865,15.0,None,Provisioned,2026-03-09
DEV02486,SITE029,USER01111,Cisco 8841,8851,14.3,Registered,Provisioned,2025-12-02
DEV02487,SITE002,USER01260,Cisco 8865,Room Kit,14.4,Registered,Provisioned,2026-02-26
DEV02488,SITE028,USER02185,Cisco 8865,8865,14.3,Registered,Provisioned,2025-12-06
DEV02489,SITE023,USER00088,Webex App,8841,15.1,Registered,Provisioned,2026-01-04
DEV02490,SITE023,USER02373,Webex App,Webex App,15.1,Unregistered,Provisioned,2026-06-25
DEV02491,SITE034,USER02462,Cisco 8851,8851,15.0,Registered,Provisioned,2026-02-15
DEV02492,SITE015,USER00080,Cisco 8865,8865,14.2,Registered,Failed,2026-03-25
DEV02493,SITE020,USER01399,Cisco 8841,Room Kit,15.0,Registered,Pending,2026-03-05
DEV02494,SITE024,USER01407,Cisco 8865,Room Kit,15.1,Registered,Failed,2025-11-07
DEV02495,SITE021,USER02431,Cisco 8851,8851,15.0,Registered,Provisioned,2026-03-28
DEV02496,SITE035,USER02370,Webex App,8851,15.0,Registered,Provisioned,2026-04-10
DEV02497,SITE007,USER01699,Room Kit,Room Kit,14.3,Registered,Provisioned,2026-08-19
DEV02498,SITE016,USER01915,Cisco 8851,8851,15.1,Registered,Provisioned,2026-06-28
DEV02499,SITE026,USER00249,Cisco 8865,8841,15.0,Registered,Provisioned,2025-11-16
DEV02500,SITE031,USER00946,Webex App,8841,14.3,Registered,Provisioned,2025-11-17
DEV02501,SITE001,USER00711,Webex App,8841,15.0,Unregistered,Provisioned,2026-08-13
DEV02502,SITE012,USER00627,Cisco 8841,Room Kit,14.4,Unregistered,Provisioned,2026-02-24
DEV02503,SITE012,USER02486,Cisco 8851,Webex App,14.3,Registered,Provisioned,2026-02-07
DEV02504,SITE022,USER01293,Cisco 8841,Webex App,14.3,Registered,Provisioned,2026-04-09
DEV02505,SITE031,USER01680,Cisco 8865,Webex App,15.1,Registered,Provisioned,2025-12-23
DEV02506,SITE001,USER02043,Cisco 8851,8851,15.0,None,Pending,2026-03-07
DEV02507,SITE007,USER00264,Webex App,8851,15.0,Registered,Failed,2026-05-12
DEV02508,SITE023,USER01018,Room Kit,8841,15.1,Registered,Provisioned,2026-05-28
DEV02509,SITE022,USER01791,Cisco 8865,8841,14.3,Registered,Pending,2025-11-23
DEV02510,SITE018,USER00172,Cisco 8841,8841,14.4,Registered,Provisioned,2025-11-12
DEV02511,SITE008,USER01593,Cisco 8865,Webex App,14.3,Registered,Provisioned,2026-06-21
DEV02512,SITE018,USER00928,Cisco 8865,8841,15.1,Registered,Provisioned,2026-01-27
DEV02513,SITE012,USER00688,Webex App,Room Kit,14.3,Registered,Failed,2026-06-26
DEV02514,SITE021,USER00336,Webex App,Room Kit,15.1,Registered,Provisioned,2026-05-07
DEV02515,SITE010,USER01953,Webex App,8851,14.4,Unregistered,Provisioned,2026-04-05
DEV02516,SITE029,USER02236,Cisco 8841,8841,14.2,Registered,Provisioned,2026-03-28
DEV02517,SITE010,USER01995,Cisco 8841,Webex App,14.4,Unregistered,Provisioned,2025-12-15
DEV02518,SITE028,USER01738,Room Kit,8865,14.2,Registered,Provisioned,2026-02-17
DEV02519,SITE012,USER00164,Cisco 8851,8851,15.1,Registered,Provisioned,2026-05-28
DEV02520,SITE033,USER00951,Room Kit,8865,15.1,Unregistered,Pending,2026-04-25
DEV02521,SITE021,USER02389,Cisco 8865,8841,14.2,Registered,Pending,2025-11-09
DEV02522,SITE013,USER00948,Room Kit,Webex App,15.1,Registered,Failed,2026-02-06
DEV02523,SITE009,USER02126,Cisco 8841,8841,14.2,Registered,Provisioned,2025-11-12
DEV02524,SITE007,USER00307,Cisco 8865,8851,14.3,Registered,Provisioned,2026-05-03
DEV02525,SITE034,USER00409,Cisco 8841,Webex App,14.2,Registered,Provisioned,2026-02-16
DEV02526,SITE002,USER01390,Cisco 8841,8865,14.2,Registered,Pending,2026-07-05
DEV02527,SITE002,USER01431,Cisco 8851,8841,14.4,Registered,Provisioned,2026-07-03
DEV02528,SITE025,USER01381,Cisco 8851,Room Kit,14.3,None,Provisioned,2026-07-18
DEV02529,SITE003,USER02327,Room Kit,8851,14.2,Registered,Provisioned,2025-12-21
DEV02530,SITE032,USER02239,Room Kit,Room Kit,15.0,Registered,Pending,2025-11-27
DEV02531,SITE001,USER02304,Room Kit,8865,14.4,Registered,Provisioned,2026-07-15
DEV02532,SITE018,USER00248,Room Kit,8865,15.0,Registered,Provisioned,2025-12-03
DEV02533,SITE027,USER00230,Cisco 8841,8851,14.4,Registered,Provisioned,2026-04-12
DEV02534,SITE007,USER00807,Cisco 8841,8865,15.0,Registered,Failed,2026-03-14
DEV02535,SITE027,USER01770,Cisco 8841,Room Kit,14.2,None,Provisioned,2026-01-08
DEV02536,SITE019,USER01346,Cisco 8841,8841,14.4,Registered,Provisioned,2026-03-23
DEV02537,SITE010,USER01780,Cisco 8865,8865,15.0,Registered,Provisioned,2026-05-16
DEV02538,SITE027,USER02309,Cisco 8851,8851,15.0,Unregistered,Provisioned,2025-11-27
DEV02539,SITE015,USER01122,Webex App,Webex App,14.3,Registered,Provisioned,2026-03-02
DEV02540,SITE012,USER00853,Cisco 8851,Webex App,14.4,Unregistered,Provisioned,2025-11-16
DEV02541,SITE020,USER01125,Cisco 8851,Webex App,14.4,Registered,Provisioned,2026-02-02
DEV02542,SITE032,USER00916,Room Kit,8851,15.1,Registered,Pending,2025-11-15
DEV02543,SITE032,USER01843,Cisco 8841,Room Kit,15.1,Registered,Provisioned,2026-05-02
DEV02544,SITE012,USER01431,Webex App,Webex App,15.0,Registered,Provisioned,2026-02-27
DEV02545,SITE029,USER00728,Webex App,8865,15.1,Unregistered,Provisioned,2026-02-15
DEV02546,SITE027,USER02082,Webex App,8841,14.2,Registered,Provisioned,2026-03-27
DEV02547,SITE024,USER01843,Cisco 8841,Room Kit,14.3,Registered,Provisioned,2026-01-14
DEV02548,SITE008,USER01312,Room Kit,8865,15.0,Unregistered,Provisioned,2026-05-15
DEV02549,SITE028,USER01138,Webex App,Room Kit,15.1,Registered,Failed,2026-01-05
DEV02550,SITE029,USER01187,Room Kit,Webex App,14.3,Registered,Pending,2026-05-02
DEV02551,SITE001,USER02400,Room Kit,8865,15.0,Registered,Provisioned,2025-12-13
DEV02552,SITE007,USER00894,Cisco 8851,Webex App,14.2,Registered,Pending,2026-07-05
DEV02553,SITE003,USER01361,Room Kit,8841,14.4,None,Pending,2026-03-09
DEV02554,SITE034,USER01853,Room Kit,8841,14.2,Registered,Pending,2026-03-04
DEV02555,SITE035,USER00154,Cisco 8865,Webex App,15.0,Registered,Provisioned,2026-08-06
DEV02556,SITE013,USER01180,Cisco 8865,8851,15.0,None,Failed,2026-05-23
DEV02557,SITE030,USER01026,Cisco 8865,8851,14.2,Registered,Failed,2026-07-17
DEV02558,SITE010,USER01537,Room Kit,8851,14.3,Registered,Provisioned,2025-12-18
DEV02559,SITE034,USER02019,Cisco 8851,8851,14.2,Registered,Provisioned,2026-08-28
DEV02560,SITE032,USER01192,Cisco 8841,8851,15.1,Registered,Provisioned,2026-04-26
DEV02561,SITE033,USER01044,Cisco 8865,Room Kit,14.4,Registered,Provisioned,2026-05-08
DEV02562,SITE021,USER01157,Cisco 8841,Webex App,15.1,Registered,Provisioned,2026-06-17
DEV02563,SITE024,USER01284,Cisco 8841,Webex App,15.0,Registered,Provisioned,2026-08-10
DEV02564,SITE005,USER00628,Cisco 8851,8865,15.0,Registered,Provisioned,2026-01-29
DEV02565,SITE018,USER01932,Room Kit,8841,14.2,Registered,Provisioned,2025-11-11
DEV02566,SITE016,USER00281,Room Kit,8841,14.4,Registered,Failed,2026-07-03
DEV02567,SITE024,USER00189,Webex App,8851,15.0,None,Provisioned,2026-07-23
DEV02568,SITE030,USER00622,Cisco 8841,8841,14.3,Registered,Provisioned,2025-11-12
DEV02569,SITE018,USER02326,Room Kit,8841,14.4,Registered,Provisioned,2026-02-22
DEV02570,SITE031,USER02343,Webex App,Webex App,14.4,Registered,Provisioned,2026-03-09
DEV02571,SITE034,USER01028,Room Kit,8841,15.1,None,Pending,2026-07-18
DEV02572,SITE024,USER02376,Cisco 8865,8841,14.4,Registered,Provisioned,2026-04-09
DEV02573,SITE004,USER02249,Webex App,8841,15.1,Registered,Failed,2025-11-28
DEV02574,SITE019,USER00626,Cisco 8841,Webex App,15.1,Registered,Provisioned,2026-04-03
DEV02575,SITE035,USER00064,Webex App,Webex App,14.2,Registered,Provisioned,2026-06-11
DEV02576,SITE014,USER01964,Room Kit,8865,15.0,Registered,Provisioned,2026-04-24
DEV02577,SITE013,USER00575,Cisco 8841,8865,14.2,None,Provisioned,2026-01-16
DEV02578,SITE012,USER00020,Cisco 8841,8865,14.3,Registered,Provisioned,2026-06-06
DEV02579,SITE026,USER01695,Room Kit,Room Kit,14.2,Registered,Provisioned,2026-05-24
DEV02580,SITE022,USER01935,Cisco 8865,8841,15.1,Registered,Provisioned,2025-11-11
DEV02581,SITE025,USER01059,Cisco 8841,Room Kit,14.3,Registered,Failed,2026-04-23
DEV02582,SITE031,USER00383,Cisco 8865,Room Kit,14.3,Registered,Pending,2026-07-02
DEV02583,SITE029,USER00265,Cisco 8851,8841,15.1,Registered,Provisioned,2026-02-01
DEV02584,SITE013,USER00455,Webex App,Room Kit,14.4,Registered,Provisioned,2026-01-11
DEV02585,SITE027,USER02094,Cisco 8865,8841,14.3,None,Provisioned,2026-03-01
DEV02586,SITE011,USER00525,Cisco 8841,8851,15.1,Registered,Provisioned,2026-03-30
DEV02587,SITE003,USER00605,Cisco 8851,Webex App,14.2,Unregistered,Provisioned,2025-12-24
DEV02588,SITE030,USER01758,Cisco 8851,8865,15.0,Unregistered,Provisioned,2026-08-17
DEV02589,SITE017,USER01975,Cisco 8841,Webex App,14.4,Registered,Provisioned,2025-12-22
DEV02590,SITE005,USER01497,Cisco 8841,Room Kit,15.1,None,Provisioned,2026-06-18
DEV02591,SITE019,USER01459,Cisco 8865,8865,14.3,Registered,Provisioned,2026-03-28
DEV02592,SITE018,USER00306,Cisco 8865,8841,14.3,Registered,Provisioned,2025-12-23
DEV02593,SITE021,USER01785,Room Kit,Room Kit,14.3,Unregistered,Provisioned,2026-06-06
DEV02594,SITE034,USER02124,Webex App,8841,14.4,Registered,Provisioned,2026-03-26
DEV02595,SITE021,USER02483,Cisco 8841,8851,14.4,Registered,Provisioned,2025-11-07
DEV02596,SITE003,USER00989,Room Kit,Webex App,14.3,Registered,Pending,2026-05-29
DEV02597,SITE008,USER00463,Cisco 8865,8851,14.3,Registered,Provisioned,2026-02-22
DEV02598,SITE004,USER00919,Cisco 8865,Webex App,15.1,Registered,Pending,2026-08-18
DEV02599,SITE028,USER01114,Cisco 8865,8841,14.2,Registered,Provisioned,2025-12-18
DEV02600,SITE035,USER00732,Webex App,8865,15.0,Registered,Provisioned,2026-06-02
DEV02601,SITE014,USER02252,Cisco 8841,8865,15.1,Registered,Provisioned,2026-06-11
DEV02602,SITE034,USER00891,Cisco 8851,8851,14.4,Registered,Provisioned,2026-02-06
DEV02603,SITE035,USER01911,Cisco 8841,Webex App,15.0,None,Provisioned,2026-03-02
DEV02604,SITE002,USER00414,Room Kit,Webex App,14.3,None,Failed,2026-02-03
DEV02605,SITE020,USER00266,Room Kit,8841,14.3,Registered,Provisioned,2026-02-13
DEV02606,SITE001,USER02405,Cisco 8865,8851,14.2,Registered,Provisioned,2026-08-10
DEV02607,SITE019,USER02374,Cisco 8851,8851,14.3,Registered,Provisioned,2026-05-30
DEV02608,SITE023,USER01383,Webex App,8851,15.0,Registered,Provisioned,2026-05-07
DEV02609,SITE001,USER01361,Cisco 8865,8851,14.3,Registered,Pending,2026-04-23
DEV02610,SITE019,USER00242,Cisco 8865,8851,15.1,Registered,Provisioned,2026-07-03
DEV02611,SITE022,USER01789,Cisco 8841,8865,14.2,Unregistered,Provisioned,2026-07-14
DEV02612,SITE021,USER01274,Cisco 8841,Webex App,14.4,Registered,Failed,2025-11-29
DEV02613,SITE026,USER01704,Webex App,8865,14.3,Registered,Provisioned,2026-06-11
DEV02614,SITE011,USER01739,Webex App,Room Kit,14.2,Registered,Provisioned,2026-03-11
DEV02615,SITE011,USER02424,Cisco 8865,8841,14.3,Registered,Provisioned,2026-07-25
DEV02616,SITE032,USER00750,Room Kit,Webex App,14.2,Registered,Pending,2026-01-20
DEV02617,SITE029,USER01601,Cisco 8865,Room Kit,14.2,Registered,Provisioned,2026-04-07
DEV02618,SITE020,USER02157,Cisco 8851,Room Kit,15.1,Unregistered,Provisioned,2026-06-07
DEV02619,SITE004,USER02375,Room Kit,Room Kit,15.1,Registered,Pending,2026-01-11
DEV02620,SITE027,USER01977,Webex App,8865,14.4,Registered,Provisioned,2026-07-02
DEV02621,SITE017,USER02062,Cisco 8841,Webex App,14.3,None,Provisioned,2026-06-25
DEV02622,SITE012,USER02351,Webex App,Room Kit,14.3,Registered,Pending,2026-04-24
DEV02623,SITE021,USER01491,Cisco 8851,8851,15.1,Registered,Provisioned,2025-12-30
DEV02624,SITE011,USER01956,Webex App,8865,15.1,Unregistered,Provisioned,2026-05-20
DEV02625,SITE010,USER02183,Cisco 8841,Webex App,14.3,Registered,Provisioned,2026-08-24
DEV02626,SITE022,USER00925,Cisco 8851,8851,14.4,Registered,Provisioned,2026-02-04
DEV02627,SITE006,USER00038,Room Kit,8865,15.0,Registered,Pending,2026-06-08
DEV02628,SITE033,USER01244,Cisco 8851,8841,15.0,Registered,Provisioned,2026-03-09
DEV02629,SITE019,USER01135,Webex App,8841,14.4,Registered,Provisioned,2026-05-30
DEV02630,SITE012,USER00158,Room Kit,8841,14.4,Registered,Provisioned,2026-08-05
DEV02631,SITE032,USER01407,Webex App,8841,14.3,None,Provisioned,2026-05-22
DEV02632,SITE005,USER00402,Cisco 8865,Webex App,15.0,Registered,Pending,2026-07-18
DEV02633,SITE006,USER01182,Webex App,Room Kit,14.2,Registered,Provisioned,2026-04-24
DEV02634,SITE033,USER02006,Room Kit,8865,14.4,None,Pending,2025-12-26
DEV02635,SITE017,USER02460,Room Kit,8865,14.3,None,Provisioned,2026-02-18
DEV02636,SITE001,USER02216,Cisco 8851,Room Kit,14.3,Registered,Provisioned,2025-11-04
DEV02637,SITE012,USER00366,Cisco 8841,8841,15.1,Registered,Provisioned,2026-01-25
DEV02638,SITE035,USER02013,Room Kit,8841,15.1,Unregistered,Provisioned,2026-04-28
DEV02639,SITE034,USER00452,Room Kit,8841,14.4,None,Provisioned,2026-08-03
DEV02640,SITE029,USER00580,Cisco 8851,8865,15.0,Registered,Provisioned,2025-12-13
DEV02641,SITE006,USER00719,Cisco 8865,Room Kit,15.0,Registered,Provisioned,2026-02-21
DEV02642,SITE024,USER01758,Webex App,8841,14.3,Registered,Provisioned,2026-05-25
DEV02643,SITE022,USER02032,Cisco 8851,8851,14.3,Registered,Provisioned,2025-11-24
DEV02644,SITE007,USER00263,Webex App,Webex App,15.0,Registered,Pending,2025-11-20
DEV02645,SITE018,USER01794,Room Kit,Room Kit,14.3,Registered,Provisioned,2025-12-07
DEV02646,SITE008,USER02338,Cisco 8841,8851,15.0,Registered,Provisioned,2026-03-22
DEV02647,SITE018,USER00475,Cisco 8841,8841,14.4,Unregistered,Provisioned,2025-11-02
DEV02648,SITE028,USER00640,Room Kit,Webex App,14.4,Registered,Provisioned,2026-05-17
DEV02649,SITE007,USER00544,Cisco 8851,Room Kit,15.1,Registered,Provisioned,2026-03-28
DEV02650,SITE001,USER01652,Cisco 8865,8841,14.3,Registered,Provisioned,2026-01-27
DEV02651,SITE015,USER02116,Cisco 8851,Webex App,15.1,Unregistered,Provisioned,2026-07-30
DEV02652,SITE015,USER02468,Cisco 8841,Room Kit,15.0,Registered,Pending,2026-07-09
DEV02653,SITE029,USER02093,Cisco 8841,Room Kit,14.2,Registered,Failed,2025-12-15
DEV02654,SITE030,USER02313,Webex App,8841,14.2,Registered,Provisioned,2026-08-03
DEV02655,SITE008,USER02068,Cisco 8865,8865,14.3,Unregistered,Provisioned,2026-03-04
DEV02656,SITE003,USER00352,Cisco 8841,Webex App,14.2,Registered,Pending,2026-05-13
DEV02657,SITE003,USER01376,Cisco 8865,Room Kit,15.0,Unregistered,Pending,2026-07-25
DEV02658,SITE035,USER00052,Room Kit,8841,15.1,Registered,Provisioned,2025-12-16
DEV02659,SITE008,USER02357,Room Kit,8865,14.3,Registered,Provisioned,2026-04-24
DEV02660,SITE007,USER01629,Cisco 8841,Webex App,15.1,None,Provisioned,2026-01-08
DEV02661,SITE011,USER00285,Webex App,Webex App,14.4,Unregistered,Provisioned,2026-02-22
DEV02662,SITE029,USER02424,Cisco 8865,8841,14.2,Unregistered,Provisioned,2026-05-03
DEV02663,SITE016,USER00378,Room Kit,8865,14.4,Registered,Provisioned,2026-07-01
DEV02664,SITE013,USER00779,Cisco 8851,Room Kit,15.1,Unregistered,Provisioned,2026-07-06
DEV02665,SITE029,USER00887,Room Kit,Webex App,15.1,Registered,Failed,2026-01-18
DEV02666,SITE004,USER02121,Room Kit,8841,15.1,Registered,Provisioned,2026-02-11
DEV02667,SITE011,USER00545,Webex App,8841,14.2,Unregistered,Provisioned,2026-05-09
DEV02668,SITE012,USER00983,Cisco 8865,Webex App,14.3,Unregistered,Provisioned,2026-07-24
DEV02669,SITE001,USER01074,Cisco 8865,Room Kit,14.2,Registered,Provisioned,2026-06-18
DEV02670,SITE004,USER01796,Room Kit,8851,15.1,Registered,Failed,2025-11-28
DEV02671,SITE027,USER02195,Cisco 8865,8841,14.3,Registered,Provisioned,2026-06-25
DEV02672,SITE009,USER02012,Cisco 8851,8851,14.3,Registered,Failed,2026-03-23
DEV02673,SITE024,USER01152,Room Kit,Room Kit,14.4,Registered,Provisioned,2026-02-12
DEV02674,SITE021,USER00291,Cisco 8865,Webex App,15.1,None,Pending,2026-05-09
DEV02675,SITE031,USER00017,Room Kit,8851,15.0,Registered,Provisioned,2026-08-19
DEV02676,SITE003,USER02135,Webex App,Webex App,15.0,Registered,Provisioned,2026-01-30
DEV02677,SITE016,USER02372,Room Kit,8865,15.1,Registered,Provisioned,2025-11-30
DEV02678,SITE020,USER01181,Webex App,Room Kit,14.4,None,Provisioned,2025-11-25
DEV02679,SITE026,USER01212,Room Kit,8865,14.2,Unregistered,Provisioned,2026-07-18
DEV02680,SITE010,USER00034,Cisco 8841,8851,15.1,Registered,Failed,2026-01-22
DEV02681,SITE009,USER01498,Cisco 8841,8865,14.3,None,Provisioned,2026-05-08
DEV02682,SITE007,USER00192,Room Kit,Webex App,15.0,Registered,Pending,2025-11-15
DEV02683,SITE031,USER01155,Cisco 8851,8841,15.0,Registered,Provisioned,2026-05-18
DEV02684,SITE004,USER01084,Cisco 8865,Webex App,15.1,None,Provisioned,2026-04-27
DEV02685,SITE005,USER00629,Webex App,8841,15.0,Registered,Provisioned,2026-01-01
DEV02686,SITE032,USER00452,Cisco 8865,Webex App,14.2,Registered,Provisioned,2026-02-24
DEV02687,SITE034,USER00518,Webex App,Room Kit,14.2,Registered,Provisioned,2025-11-11
DEV02688,SITE002,USER01450,Room Kit,Room Kit,14.3,Unregistered,Provisioned,2026-07-07
DEV02689,SITE003,USER02222,Cisco 8851,8851,14.4,None,Provisioned,2026-08-20
DEV02690,SITE032,USER02067,Cisco 8865,8841,15.0,Registered,Provisioned,2026-06-30
DEV02691,SITE002,USER01637,Room Kit,Room Kit,15.1,Registered,Provisioned,2026-06-27
DEV02692,SITE002,USER00944,Webex App,Room Kit,14.2,Unregistered,Pending,2026-04-18
DEV02693,SITE018,USER00074,Cisco 8865,8841,14.2,None,Provisioned,2025-12-18
DEV02694,SITE004,USER01903,Cisco 8841,8841,14.2,Registered,Provisioned,2026-08-15
DEV02695,SITE004,USER00553,Webex App,8865,14.3,Registered,Pending,2026-04-01
DEV02696,SITE012,USER01660,Room Kit,8851,14.3,Registered,Provisioned,2026-07-08
DEV02697,SITE013,USER01648,Room Kit,Webex App,15.1,Registered,Failed,2026-07-08
DEV02698,SITE017,USER01925,Cisco 8851,8851,14.3,Registered,Failed,2026-05-15
DEV02699,SITE032,USER01706,Room Kit,Webex App,14.2,Registered,Provisioned,2025-11-21
DEV02700,SITE027,USER02322,Cisco 8851,8841,14.4,None,Pending,2026-08-24
DEV02701,SITE021,USER01795,Webex App,8841,14.4,Registered,Provisioned,2026-02-06
DEV02702,SITE023,USER00479,Cisco 8865,Webex App,15.0,Registered,Pending,2026-03-19
DEV02703,SITE013,USER01524,Cisco 8851,Webex App,14.4,Registered,Pending,2025-12-22
DEV02704,SITE023,USER00304,Cisco 8841,8865,14.3,Registered,Provisioned,2025-12-16
DEV02705,SITE013,USER00831,Cisco 8841,Room Kit,15.0,Registered,Failed,2026-08-02
DEV02706,SITE018,USER02225,Cisco 8865,Webex App,14.2,None,Provisioned,2025-12-12
DEV02707,SITE021,USER01295,Cisco 8865,Room Kit,15.1,Registered,Provisioned,2026-07-19
DEV02708,SITE015,USER01129,Cisco 8865,Webex App,15.0,Registered,Failed,2025-12-02
DEV02709,SITE017,USER02132,Cisco 8841,8851,15.0,Registered,Provisioned,2025-11-28
DEV02710,SITE007,USER02352,Webex App,8841,14.2,Unregistered,Provisioned,2026-03-24
DEV02711,SITE027,USER01939,Cisco 8851,Webex App,14.2,Registered,Provisioned,2026-08-18
DEV02712,SITE016,USER00708,Webex App,8841,15.1,Registered,Pending,2026-04-20
DEV02713,SITE021,USER00588,Webex App,8841,15.1,None,Provisioned,2026-02-09
DEV02714,SITE032,USER01002,Webex App,8841,14.4,Registered,Provisioned,2025-12-14
DEV02715,SITE027,USER00394,Cisco 8851,8841,14.3,Registered,Provisioned,2026-04-30
DEV02716,SITE018,USER00463,Cisco 8865,8851,14.2,Registered,Provisioned,2026-05-25
DEV02717,SITE001,USER00718,Cisco 8841,8841,14.4,Registered,Pending,2026-07-03
DEV02718,SITE008,USER01735,Room Kit,Webex App,15.0,Unregistered,Provisioned,2026-07-27
DEV02719,SITE010,USER00614,Webex App,8851,15.0,Registered,Provisioned,2025-12-19
DEV02720,SITE021,USER01262,Room Kit,Room Kit,15.0,Registered,Failed,2026-08-05
DEV02721,SITE029,USER00889,Room Kit,Room Kit,14.4,Registered,Pending,2025-12-19
DEV02722,SITE030,USER02233,Cisco 8865,Webex App,14.3,Registered,Provisioned,2026-01-02
DEV02723,SITE009,USER01123,Cisco 8851,8841,14.3,Unregistered,Provisioned,2026-07-09
DEV02724,SITE013,USER00821,Cisco 8865,8841,15.0,Registered,Provisioned,2026-07-26
DEV02725,SITE002,USER02200,Webex App,Webex App,15.0,Registered,Provisioned,2026-02-04
DEV02726,SITE009,USER01498,Cisco 8851,Room Kit,14.4,Registered,Pending,2026-02-03
DEV02727,SITE022,USER01790,Cisco 8865,8865,14.3,Unregistered,Provisioned,2026-07-27
DEV02728,SITE014,USER02282,Webex App,8841,14.2,Unregistered,Pending,2026-05-06
DEV02729,SITE003,USER02494,Cisco 8841,8851,14.4,Registered,Provisioned,2025-12-13
DEV02730,SITE029,USER01303,Cisco 8865,Webex App,15.0,Registered,Provisioned,2026-01-10
DEV02731,SITE001,USER02149,Cisco 8851,Webex App,15.0,Registered,Provisioned,2026-03-11
DEV02732,SITE007,USER00973,Webex App,8851,15.0,Registered,Provisioned,2025-11-29
DEV02733,SITE025,USER01331,Cisco 8865,8841,15.1,Unregistered,Provisioned,2026-08-27
DEV02734,SITE010,USER01374,Cisco 8841,Room Kit,14.4,None,Provisioned,2026-02-08
DEV02735,SITE010,USER00138,Cisco 8865,8851,14.4,Registered,Provisioned,2026-06-18
DEV02736,SITE026,USER02190,Cisco 8865,8841,14.4,None,Provisioned,2026-01-28
DEV02737,SITE027,USER01620,Room Kit,8865,14.3,Registered,Provisioned,2026-07-27
DEV02738,SITE026,USER01337,Cisco 8851,Room Kit,14.2,Registered,Provisioned,2026-02-24
DEV02739,SITE030,USER01149,Webex App,8841,14.2,Registered,Failed,2026-05-15
DEV02740,SITE031,USER02094,Cisco 8851,Webex App,15.0,None,Pending,2026-05-28
DEV02741,SITE033,USER00838,Cisco 8865,Room Kit,14.4,Registered,Provisioned,2026-07-11
DEV02742,SITE010,USER01703,Cisco 8841,Webex App,14.3,Unregistered,Provisioned,2026-08-18
DEV02743,SITE029,USER00732,Room Kit,8865,14.4,Registered,Provisioned,2026-06-01
DEV02744,SITE025,USER01030,Cisco 8851,Room Kit,15.1,Registered,Provisioned,2026-02-10
DEV02745,SITE004,USER00812,Cisco 8851,Webex App,14.2,Unregistered,Provisioned,2026-07-17
DEV02746,SITE028,USER02115,Cisco 8851,Room Kit,14.4,Registered,Provisioned,2026-08-11
DEV02747,SITE023,USER01408,Cisco 8851,Webex App,15.1,Registered,Pending,2026-06-24
DEV02748,SITE017,USER01421,Webex App,8865,14.2,Registered,Provisioned,2026-07-19
DEV02749,SITE007,USER01001,Cisco 8865,Webex App,14.4,Registered,Provisioned,2026-06-15
DEV02750,SITE012,USER01452,Cisco 8851,Room Kit,15.1,Registered,Provisioned,2026-04-14
DEV02751,SITE031,USER00510,Cisco 8865,Room Kit,15.1,Unregistered,Provisioned,2026-06-13
DEV02752,SITE035,USER01583,Cisco 8865,8865,14.4,Registered,Provisioned,2026-07-15
DEV02753,SITE029,USER00553,Room Kit,8851,14.2,Registered,Pending,2025-12-01
DEV02754,SITE031,USER02494,Cisco 8865,8851,14.3,Registered,Provisioned,2026-07-11
DEV02755,SITE019,USER00938,Room Kit,8841,14.4,Registered,Pending,2026-06-23
DEV02756,SITE032,USER01890,Room Kit,Webex App,14.3,Registered,Provisioned,2026-07-24
DEV02757,SITE032,USER00703,Cisco 8841,Room Kit,14.2,Registered,Pending,2025-11-08
DEV02758,SITE029,USER00265,Webex App,8851,15.0,Unregistered,Pending,2026-01-18
DEV02759,SITE017,USER00562,Cisco 8841,8851,15.0,Unregistered,Provisioned,2026-07-07
DEV02760,SITE034,USER01907,Webex App,8865,14.3,None,Provisioned,2026-05-20
DEV02761,SITE015,USER02252,Cisco 8851,Room Kit,14.2,Registered,Provisioned,2026-04-23
DEV02762,SITE007,USER01540,Cisco 8851,8865,14.2,Registered,Failed,2026-02-17
DEV02763,SITE002,USER00065,Cisco 8841,8851,14.3,Registered,Provisioned,2026-02-26
DEV02764,SITE033,USER01662,Cisco 8851,8865,14.2,Registered,Provisioned,2026-03-03
DEV02765,SITE019,USER00752,Webex App,8851,14.2,Registered,Provisioned,2026-02-04
DEV02766,SITE027,USER00821,Webex App,Webex App,14.3,Registered,Provisioned,2025-12-14
DEV02767,SITE008,USER01623,Cisco 8851,8851,14.3,Registered,Provisioned,2026-07-04
DEV02768,SITE035,USER00731,Cisco 8865,Room Kit,14.4,Registered,Provisioned,2026-08-29
DEV02769,SITE008,USER01680,Cisco 8851,8865,15.0,Registered,Provisioned,2026-08-26
DEV02770,SITE020,USER00554,Cisco 8841,8841,14.2,Unregistered,Provisioned,2026-05-30
DEV02771,SITE001,USER00204,Cisco 8841,Webex App,14.3,Registered,Provisioned,2026-06-16
DEV02772,SITE002,USER02017,Cisco 8841,8865,14.3,Registered,Provisioned,2025-12-22
DEV02773,SITE004,USER02436,Webex App,8851,14.4,Registered,Provisioned,2026-07-09
DEV02774,SITE012,USER01265,Room Kit,8841,14.2,Registered,Provisioned,2026-01-04
DEV02775,SITE032,USER02202,Cisco 8841,Webex App,15.1,Registered,Pending,2026-05-26
DEV02776,SITE012,USER01317,Cisco 8851,8851,15.0,Registered,Provisioned,2026-08-11
DEV02777,SITE025,USER02084,Cisco 8841,Room Kit,15.0,Registered,Provisioned,2026-06-12
DEV02778,SITE004,USER02351,Cisco 8865,8841,14.3,Registered,Provisioned,2025-12-17
DEV02779,SITE035,USER01560,Cisco 8841,Webex App,15.0,Registered,Failed,2025-12-10
DEV02780,SITE030,USER00744,Cisco 8865,8841,14.4,None,Provisioned,2026-06-23
DEV02781,SITE008,USER00562,Cisco 8865,Room Kit,14.2,None,Failed,2026-08-19
DEV02782,SITE001,USER02128,Room Kit,8865,14.4,Registered,Pending,2026-08-18
DEV02783,SITE018,USER02381,Room Kit,8851,15.0,Registered,Provisioned,2026-02-06
DEV02784,SITE033,USER00983,Cisco 8841,Webex App,14.3,Registered,Provisioned,2026-03-02
DEV02785,SITE009,USER01977,Webex App,Webex App,14.3,Registered,Provisioned,2026-08-16
DEV02786,SITE025,USER00020,Cisco 8865,Webex App,14.4,Registered,Provisioned,2026-01-18
DEV02787,SITE007,USER02034,Room Kit,8865,15.1,Registered,Provisioned,2026-02-13
DEV02788,SITE024,USER01466,Cisco 8851,Webex App,14.2,Registered,Provisioned,2026-01-05
DEV02789,SITE034,USER00972,Cisco 8865,Room Kit,14.3,Registered,Provisioned,2025-12-16
DEV02790,SITE009,USER01401,Cisco 8865,8841,14.2,None,Provisioned,2025-12-02
DEV02791,SITE011,USER02068,Cisco 8865,8865,14.4,Registered,Provisioned,2025-12-24
DEV02792,SITE016,USER00314,Cisco 8851,8841,15.0,Registered,Provisioned,2026-02-24
DEV02793,SITE023,USER02360,Webex App,Webex App,14.4,Unregistered,Provisioned,2026-07-27
DEV02794,SITE003,USER00799,Cisco 8865,8841,14.4,None,Provisioned,2026-01-27
DEV02795,SITE022,USER00212,Cisco 8865,8841,15.0,Unregistered,Pending,2025-11-20
DEV02796,SITE033,USER02084,Cisco 8865,8841,14.2,Registered,Provisioned,2025-11-07
DEV02797,SITE033,USER01854,Cisco 8865,8865,15.0,Unregistered,Provisioned,2025-12-10
DEV02798,SITE035,USER00354,Cisco 8841,Webex App,15.1,Registered,Provisioned,2026-03-14
DEV02799,SITE014,USER02032,Cisco 8851,8851,15.0,Registered,Provisioned,2026-05-26
DEV02800,SITE002,USER00536,Cisco 8851,Webex App,14.4,Registered,Provisioned,2026-03-31
DEV02801,SITE013,USER01796,Room Kit,8865,14.3,Registered,Pending,2026-03-09
DEV02802,SITE016,USER01902,Room Kit,8865,15.0,None,Provisioned,2026-03-01
DEV02803,SITE010,USER00139,Cisco 8851,8841,15.0,Registered,Pending,2026-08-28
DEV02804,SITE004,USER01889,Room Kit,8841,15.1,Registered,Provisioned,2025-12-22
DEV02805,SITE002,USER02329,Cisco 8851,8841,15.1,Unregistered,Provisioned,2026-01-23
DEV02806,SITE013,USER00888,Room Kit,Room Kit,14.4,Registered,Failed,2025-11-28
DEV02807,SITE028,USER01312,Room Kit,Webex App,14.3,Registered,Pending,2025-12-18
DEV02808,SITE009,USER01735,Cisco 8865,8865,14.4,Registered,Provisioned,2026-06-28
DEV02809,SITE029,USER00541,Room Kit,Room Kit,15.1,Registered,Pending,2026-04-11
DEV02810,SITE017,USER01719,Webex App,8841,14.2,Registered,Provisioned,2026-03-09
DEV02811,SITE032,USER00219,Webex App,8865,14.3,Registered,Provisioned,2025-12-17
DEV02812,SITE028,USER01837,Webex App,Webex App,14.2,Registered,Provisioned,2026-07-05
DEV02813,SITE005,USER00671,Cisco 8865,Webex App,14.2,Registered,Provisioned,2026-02-06
DEV02814,SITE010,USER00587,Cisco 8865,8865,14.4,Registered,Provisioned,2026-04-12
DEV02815,SITE031,USER02042,Webex App,8865,14.2,Unregistered,Provisioned,2026-04-03
DEV02816,SITE028,USER01727,Room Kit,8841,14.2,Registered,Pending,2025-11-05
DEV02817,SITE030,USER00305,Webex App,Room Kit,14.2,Unregistered,Provisioned,2026-05-03
DEV02818,SITE029,USER02273,Room Kit,8865,14.3,Registered,Provisioned,2026-08-10
DEV02819,SITE016,USER01916,Cisco 8851,Room Kit,15.1,Registered,Provisioned,2026-02-20
DEV02820,SITE031,USER00204,Cisco 8841,Room Kit,15.1,Unregistered,Provisioned,2026-07-10
DEV02821,SITE029,USER01962,Cisco 8865,8865,14.2,Unregistered,Provisioned,2026-01-12
DEV02822,SITE010,USER00471,Cisco 8841,8851,14.4,Unregistered,Pending,2026-06-09
DEV02823,SITE002,USER02277,Cisco 8865,8841,14.2,None,Provisioned,2025-11-28
DEV02824,SITE010,USER02102,Cisco 8865,8841,14.4,Registered,Provisioned,2025-12-24
DEV02825,SITE001,USER00522,Webex App,8865,15.1,Registered,Provisioned,2025-12-25
DEV02826,SITE020,USER00452,Room Kit,Room Kit,15.0,Unregistered,Provisioned,2026-04-20
DEV02827,SITE015,USER01075,Cisco 8841,8841,14.3,Unregistered,Provisioned,2026-03-22
DEV02828,SITE032,USER00101,Room Kit,8841,14.2,Registered,Provisioned,2026-08-20
DEV02829,SITE024,USER02480,Cisco 8841,8841,15.0,Registered,Provisioned,2026-07-15
DEV02830,SITE015,USER01330,Cisco 8841,8865,14.3,Registered,Provisioned,2025-11-13
DEV02831,SITE016,USER00891,Webex App,Webex App,14.3,Registered,Failed,2026-02-20
DEV02832,SITE025,USER01919,Room Kit,Webex App,14.2,Registered,Provisioned,2026-01-23
DEV02833,SITE021,USER01587,Cisco 8851,8841,14.2,Unregistered,Provisioned,2026-07-24
DEV02834,SITE015,USER01174,Room Kit,Room Kit,14.3,Registered,Provisioned,2025-12-31
DEV02835,SITE035,USER00357,Webex App,8841,14.4,Registered,Provisioned,2026-04-13
DEV02836,SITE012,USER00065,Cisco 8865,8851,14.3,Registered,Provisioned,2026-08-22
DEV02837,SITE024,USER02350,Cisco 8841,8865,14.2,Registered,Provisioned,2026-03-31
DEV02838,SITE007,USER02186,Webex App,8865,14.2,None,Provisioned,2026-08-06
DEV02839,SITE030,USER02412,Cisco 8841,Webex App,15.0,None,Provisioned,2026-06-30
DEV02840,SITE015,USER00217,Cisco 8865,8841,14.4,Registered,Provisioned,2026-05-13
DEV02841,SITE008,USER01199,Room Kit,Room Kit,15.0,Registered,Failed,2026-06-03
DEV02842,SITE012,USER00034,Webex App,Webex App,14.2,Registered,Provisioned,2026-01-10
DEV02843,SITE004,USER02025,Room Kit,8851,14.2,Registered,Provisioned,2026-08-30
DEV02844,SITE028,USER01151,Cisco 8851,Room Kit,14.2,Registered,Provisioned,2026-04-13
DEV02845,SITE021,USER01872,Webex App,8851,14.2,Registered,Provisioned,2026-03-23
DEV02846,SITE007,USER01224,Cisco 8851,Room Kit,14.3,Registered,Provisioned,2026-07-05
DEV02847,SITE023,USER00652,Webex App,Webex App,14.2,None,Provisioned,2026-04-25
DEV02848,SITE010,USER01693,Cisco 8851,Webex App,15.0,Registered,Failed,2026-04-30
DEV02849,SITE012,USER01251,Cisco 8865,8865,15.0,Registered,Provisioned,2026-02-04
DEV02850,SITE020,USER00211,Cisco 8851,8851,14.2,Unregistered,Provisioned,2026-01-09
DEV02851,SITE015,USER01139,Webex App,8865,15.0,Registered,Provisioned,2026-02-25
DEV02852,SITE023,USER01297,Cisco 8851,8841,15.0,Registered,Pending,2026-03-31
DEV02853,SITE031,USER00483,Webex App,Webex App,14.3,Registered,Provisioned,2026-04-02
DEV02854,SITE034,USER01377,Room Kit,8851,14.4,Registered,Provisioned,2026-07-02
DEV02855,SITE003,USER00147,Webex App,8851,14.3,Registered,Pending,2025-11-01
DEV02856,SITE027,USER01448,Webex App,8865,14.4,Registered,Provisioned,2026-01-13
DEV02857,SITE011,USER02294,Webex App,8851,14.3,Registered,Provisioned,2026-02-12
DEV02858,SITE008,USER02463,Webex App,8865,15.1,Unregistered,Failed,2025-11-12
DEV02859,SITE022,USER00375,Webex App,8841,15.0,Registered,Provisioned,2026-07-19
DEV02860,SITE022,USER00080,Cisco 8865,Webex App,14.4,Registered,Provisioned,2026-01-17
DEV02861,SITE014,USER01492,Room Kit,8865,14.4,Registered,Provisioned,2025-12-10
DEV02862,SITE011,USER01744,Cisco 8851,8841,14.2,Registered,Provisioned,2026-08-17
DEV02863,SITE020,USER01292,Cisco 8841,8841,15.1,Unregistered,Provisioned,2026-08-31
DEV02864,SITE035,USER00353,Cisco 8851,Webex App,14.2,Registered,Provisioned,2025-12-29
DEV02865,SITE025,USER02337,Cisco 8865,8865,15.1,Unregistered,Provisioned,2026-05-07
DEV02866,SITE033,USER01236,Room Kit,Webex App,15.1,Registered,Provisioned,2026-01-16
DEV02867,SITE016,USER00614,Cisco 8841,Room Kit,15.0,Registered,Provisioned,2026-03-20
DEV02868,SITE034,USER02009,Cisco 8865,Room Kit,15.1,Registered,Provisioned,2026-08-01
DEV02869,SITE026,USER00705,Room Kit,8841,14.2,Registered,Provisioned,2026-08-11
DEV02870,SITE019,USER00635,Room Kit,8865,14.2,None,Provisioned,2026-02-11
DEV02871,SITE024,USER02158,Cisco 8865,Webex App,15.0,Unregistered,Failed,2025-12-21
DEV02872,SITE004,USER02352,Cisco 8865,Room Kit,14.4,None,Provisioned,2026-07-01
DEV02873,SITE028,USER01103,Cisco 8851,Room Kit,14.2,Unregistered,Provisioned,2026-02-23
DEV02874,SITE017,USER00795,Cisco 8865,8865,15.0,Registered,Provisioned,2026-04-07
DEV02875,SITE030,USER02179,Webex App,8851,14.4,Registered,Failed,2026-01-31
DEV02876,SITE026,USER01848,Webex App,Webex App,15.0,Unregistered,Provisioned,2025-12-24
DEV02877,SITE002,USER01226,Cisco 8851,Room Kit,15.1,None,Provisioned,2026-03-26
DEV02878,SITE023,USER02095,Cisco 8841,Webex App,15.0,None,Provisioned,2026-08-27
DEV02879,SITE026,USER00586,Room Kit,8851,14.4,None,Provisioned,2026-06-02
DEV02880,SITE035,USER00332,Cisco 8865,8841,14.4,Registered,Provisioned,2026-05-15
DEV02881,SITE009,USER00792,Cisco 8865,Room Kit,15.0,Registered,Failed,2026-01-19
DEV02882,SITE011,USER00719,Cisco 8851,8841,14.3,Registered,Provisioned,2026-05-07
DEV02883,SITE008,USER00490,Cisco 8841,Webex App,14.3,Unregistered,Provisioned,2026-07-05
DEV02884,SITE032,USER00131,Room Kit,8841,15.0,Registered,Pending,2026-01-30
DEV02885,SITE029,USER01390,Room Kit,Webex App,14.2,Registered,Provisioned,2026-04-14
DEV02886,SITE010,USER01503,Webex App,8851,14.2,Registered,Provisioned,2026-06-17
DEV02887,SITE030,USER00640,Cisco 8865,Room Kit,14.4,Registered,Provisioned,2025-11-23
DEV02888,SITE002,USER01321,Cisco 8865,Webex App,14.3,Registered,Failed,2025-12-27
DEV02889,SITE003,USER00768,Cisco 8851,8841,15.0,Registered,Provisioned,2026-06-30
DEV02890,SITE008,USER01809,Room Kit,Room Kit,15.0,None,Provisioned,2026-06-29
DEV02891,SITE023,USER01906,Room Kit,8841,14.4,None,Provisioned,2026-01-11
DEV02892,SITE016,USER02089,Room Kit,Room Kit,14.2,Registered,Provisioned,2026-07-20
DEV02893,SITE002,USER00221,Cisco 8841,Webex App,14.4,Unregistered,Pending,2026-01-18
DEV02894,SITE010,USER01425,Cisco 8865,8841,14.3,Registered,Pending,2025-11-26
DEV02895,SITE025,USER01071,Room Kit,Room Kit,14.3,Registered,Provisioned,2025-11-14
DEV02896,SITE015,USER00172,Cisco 8851,Webex App,15.0,Registered,Failed,2026-04-03
DEV02897,SITE031,USER00013,Cisco 8865,Room Kit,15.1,Registered,Provisioned,2026-04-04
DEV02898,SITE004,USER01576,Cisco 8841,Webex App,14.3,Unregistered,Failed,2026-05-04
DEV02899,SITE007,USER01264,Webex App,Room Kit,14.4,Registered,Provisioned,2026-02-18
DEV02900,SITE018,USER01037,Room Kit,8865,14.3,Unregistered,Provisioned,2026-03-10
DEV02901,SITE032,USER00400,Cisco 8851,8841,15.0,Registered,Provisioned,2025-11-09
DEV02902,SITE020,USER01473,Room Kit,8865,14.4,Registered,Provisioned,2026-03-19
DEV02903,SITE022,USER00320,Cisco 8865,8841,15.1,Registered,Provisioned,2026-03-11
DEV02904,SITE023,USER00619,Cisco 8865,Webex App,14.4,Registered,Provisioned,2026-01-18
DEV02905,SITE020,USER01808,Cisco 8851,8851,14.3,Registered,Pending,2026-03-25
DEV02906,SITE007,USER00741,Webex App,8865,14.2,Registered,Provisioned,2026-07-11
DEV02907,SITE011,USER01562,Cisco 8841,8851,14.3,None,Provisioned,2026-07-08
DEV02908,SITE008,USER01278,Cisco 8865,Room Kit,15.1,Registered,Provisioned,2025-12-21
DEV02909,SITE007,USER02399,Cisco 8865,8865,14.2,Registered,Provisioned,2026-02-09
DEV02910,SITE030,USER01216,Cisco 8865,8865,14.3,Registered,Provisioned,2026-08-03
DEV02911,SITE030,USER00537,Webex App,8841,14.3,Registered,Provisioned,2025-12-23
DEV02912,SITE032,USER00355,Cisco 8841,Room Kit,14.4,Registered,Provisioned,2026-06-24
DEV02913,SITE023,USER01004,Cisco 8865,8851,14.4,Registered,Provisioned,2026-05-16
DEV02914,SITE015,USER01951,Cisco 8841,8851,14.3,Registered,Pending,2026-06-18
DEV02915,SITE017,USER02155,Cisco 8851,Room Kit,14.4,Registered,Provisioned,2026-01-15
DEV02916,SITE008,USER00370,Cisco 8865,8851,15.0,Registered,Provisioned,2026-04-03
DEV02917,SITE011,USER01418,Webex App,8841,14.2,Registered,Provisioned,2025-11-24
DEV02918,SITE003,USER00253,Webex App,Room Kit,14.3,Unregistered,Provisioned,2025-11-02
DEV02919,SITE021,USER01550,Cisco 8841,8851,15.1,Registered,Pending,2026-01-29
DEV02920,SITE016,USER02000,Room Kit,8841,14.3,Registered,Provisioned,2026-05-23
DEV02921,SITE011,USER01604,Cisco 8865,Room Kit,14.4,Registered,Failed,2026-01-02
DEV02922,SITE031,USER01013,Cisco 8841,8841,15.0,Registered,Provisioned,2026-02-03
DEV02923,SITE013,USER02253,Cisco 8865,8851,15.0,Unregistered,Provisioned,2025-11-12
DEV02924,SITE032,USER02374,Room Kit,8841,15.1,Registered,Provisioned,2026-06-22
DEV02925,SITE026,USER02022,Cisco 8851,8851,14.2,Registered,Provisioned,2026-01-25
DEV02926,SITE029,USER01955,Room Kit,Webex App,14.4,Registered,Provisioned,2025-12-02
DEV02927,SITE006,USER01136,Cisco 8841,Webex App,15.0,Registered,Provisioned,2026-06-25
DEV02928,SITE005,USER01503,Webex App,8865,15.0,Unregistered,Provisioned,2026-08-22
DEV02929,SITE023,USER01294,Cisco 8841,8851,15.1,Registered,Provisioned,2026-03-17
DEV02930,SITE022,USER01453,Cisco 8865,8851,14.4,Unregistered,Provisioned,2026-06-24
DEV02931,SITE023,USER00092,Webex App,8841,15.0,Registered,Provisioned,2026-07-04
DEV02932,SITE014,USER01647,Cisco 8865,8841,14.3,Unregistered,Provisioned,2026-01-10
DEV02933,SITE020,USER01793,Cisco 8841,Webex App,15.0,None,Pending,2025-12-23
DEV02934,SITE025,USER01807,Room Kit,8865,14.3,Unregistered,Provisioned,2026-05-03
DEV02935,SITE019,USER00600,Cisco 8851,8865,14.4,Registered,Provisioned,2026-04-17
DEV02936,SITE035,USER02084,Webex App,8841,14.2,None,Provisioned,2026-02-16
DEV02937,SITE010,USER01140,Cisco 8865,8865,14.4,Registered,Provisioned,2026-04-03
DEV02938,SITE009,USER00813,Cisco 8841,8865,14.2,Registered,Provisioned,2026-07-14
DEV02939,SITE007,USER00523,Room Kit,8851,14.2,Unregistered,Provisioned,2026-02-11
DEV02940,SITE033,USER01183,Cisco 8841,8851,15.0,Registered,Provisioned,2026-07-04
DEV02941,SITE030,USER02382,Room Kit,8851,15.1,Unregistered,Provisioned,2026-06-03
DEV02942,SITE035,USER02344,Room Kit,Webex App,15.0,Registered,Provisioned,2026-02-10
DEV02943,SITE026,USER00548,Room Kit,Room Kit,14.4,Unregistered,Pending,2026-07-29
DEV02944,SITE016,USER01918,Webex App,8851,15.0,Registered,Provisioned,2026-03-12
DEV02945,SITE005,USER01593,Cisco 8865,8865,14.3,Unregistered,Provisioned,2025-11-17
DEV02946,SITE011,USER00041,Cisco 8851,Webex App,14.4,Registered,Provisioned,2026-08-21
DEV02947,SITE029,USER02022,Webex App,8841,14.3,Registered,Provisioned,2026-05-23
DEV02948,SITE034,USER01415,Room Kit,Webex App,15.1,Registered,Provisioned,2026-04-14
DEV02949,SITE021,USER00267,Cisco 8865,8851,14.2,Registered,Provisioned,2026-02-17
DEV02950,SITE032,USER00789,Room Kit,8841,15.1,Registered,Provisioned,2025-12-17
DEV02951,SITE022,USER02065,Cisco 8865,Webex App,15.0,Registered,Provisioned,2026-05-11
DEV02952,SITE009,USER01808,Cisco 8865,Webex App,14.3,Registered,Provisioned,2025-11-15
DEV02953,SITE011,USER00363,Cisco 8865,8851,14.2,Registered,Provisioned,2025-12-16
DEV02954,SITE013,USER01329,Cisco 8851,Webex App,14.4,Registered,Provisioned,2026-01-24
DEV02955,SITE024,USER00581,Cisco 8865,8851,15.0,Registered,Pending,2026-05-08
DEV02956,SITE005,USER00189,Cisco 8841,Webex App,14.3,Registered,Provisioned,2026-04-12
DEV02957,SITE014,USER01137,Cisco 8865,8851,14.2,Unregistered,Provisioned,2026-06-26
DEV02958,SITE033,USER02036,Cisco 8865,8851,15.1,Registered,Provisioned,2026-05-02
DEV02959,SITE017,USER01026,Cisco 8841,8865,14.4,Registered,Pending,2026-02-20
DEV02960,SITE021,USER00925,Cisco 8865,Room Kit,15.1,Registered,Provisioned,2026-03-12
DEV02961,SITE017,USER02108,Cisco 8865,Webex App,15.0,Registered,Provisioned,2026-01-18
DEV02962,SITE002,USER00207,Webex App,8865,15.1,Registered,Provisioned,2026-04-21
DEV02963,SITE004,USER00856,Room Kit,Room Kit,14.3,None,Provisioned,2026-07-09
DEV02964,SITE017,USER01716,Cisco 8841,Room Kit,15.1,None,Provisioned,2026-05-27
DEV02965,SITE030,USER00764,Webex App,8851,14.3,Registered,Pending,2026-04-05
DEV02966,SITE026,USER02019,Cisco 8865,8841,15.0,Registered,Provisioned,2026-06-09
DEV02967,SITE005,USER00506,Cisco 8851,Webex App,15.0,Registered,Provisioned,2026-07-11
DEV02968,SITE008,USER01235,Cisco 8865,8841,14.2,Unregistered,Provisioned,2026-04-02
DEV02969,SITE019,USER00266,Cisco 8841,Webex App,14.4,None,Pending,2026-02-09
DEV02970,SITE011,USER00924,Webex App,8865,15.0,None,Provisioned,2026-01-31
DEV02971,SITE024,USER01603,Cisco 8841,Room Kit,15.0,Registered,Provisioned,2026-01-06
DEV02972,SITE025,USER00332,Cisco 8865,8851,14.3,Registered,Pending,2025-11-15
DEV02973,SITE018,USER01981,Cisco 8841,Room Kit,15.0,Registered,Provisioned,2026-03-15
DEV02974,SITE029,USER00295,Room Kit,8865,14.3,None,Provisioned,2026-07-20
DEV02975,SITE002,USER01409,Cisco 8851,Room Kit,14.2,Unregistered,Provisioned,2026-02-28
DEV02976,SITE006,USER00412,Room Kit,8865,15.1,Unregistered,Provisioned,2026-08-02
DEV02977,SITE029,USER00370,Cisco 8841,Webex App,14.4,Unregistered,Provisioned,2026-07-12
DEV02978,SITE035,USER01844,Cisco 8865,8865,14.4,Registered,Provisioned,2026-04-20
DEV02979,SITE021,USER00826,Webex App,8841,14.3,Unregistered,Provisioned,2025-11-01
DEV02980,SITE034,USER02169,Room Kit,8841,14.4,Registered,Failed,2025-11-18
DEV02981,SITE027,USER00934,Webex App,Webex App,14.2,Registered,Provisioned,2026-03-13
DEV02982,SITE009,USER00817,Room Kit,Webex App,14.4,Unregistered,Provisioned,2026-07-02
DEV02983,SITE017,USER02196,Cisco 8865,Webex App,14.4,Registered,Provisioned,2026-03-28
DEV02984,SITE018,USER01774,Room Kit,8851,15.0,Registered,Failed,2025-11-24
DEV02985,SITE031,USER01529,Webex App,8841,14.4,Registered,Provisioned,2026-07-17
DEV02986,SITE033,USER02118,Cisco 8851,8841,15.1,Registered,Pending,2026-03-11
DEV02987,SITE006,USER01948,Webex App,8851,14.4,Registered,Provisioned,2026-06-09
DEV02988,SITE011,USER00816,Cisco 8841,Webex App,14.3,Unregistered,Provisioned,2026-01-01
DEV02989,SITE006,USER01290,Cisco 8841,8865,15.0,Registered,Provisioned,2026-06-04
DEV02990,SITE019,USER00758,Cisco 8865,Room Kit,15.0,Registered,Provisioned,2025-12-14
DEV02991,SITE013,USER01800,Cisco 8841,Room Kit,14.2,Registered,Pending,2026-06-25
DEV02992,SITE018,USER01180,Webex App,8841,15.0,Registered,Provisioned,2026-08-15
DEV02993,SITE029,USER02417,Cisco 8851,8851,14.3,Registered,Provisioned,2026-05-26
DEV02994,SITE023,USER01706,Cisco 8841,8841,14.3,Unregistered,Provisioned,2026-04-03
DEV02995,SITE008,USER00404,Room Kit,8851,14.4,Registered,Provisioned,2026-05-22
DEV02996,SITE005,USER01189,Cisco 8851,8851,15.0,Registered,Provisioned,2026-04-25
DEV02997,SITE027,USER00769,Webex App,Room Kit,14.3,Registered,Provisioned,2026-05-24
DEV02998,SITE016,USER00340,Webex App,8851,15.1,Registered,Provisioned,2026-02-19
DEV02999,SITE013,USER00550,Cisco 8851,8851,14.3,Unregistered,Provisioned,2026-08-01
DEV03000,SITE016,USER02242,Room Kit,Room Kit,14.4,Registered,Provisioned,2026-05-01
