user_id,site_id,department,device_type,license_type,provisioning_status,migration_status
USER00001,SITE023,Support,Room Device,Webex Calling Professional,Pending,Migrated
USER00002,SITE032,Operations,Desk Phone,Webex Calling Standard,Provisioned,Migrated
USER00003,SITE006,Operations,Desk Phone,Webex Calling Standard,Pending,Pending
USER00004,SITE007,Support,Soft Client,Webex Calling Professional,Provisioned,Migrated
USER00005,SITE026,HR,Soft Client,Webex Calling Standard,Failed,Failed
USER00006,SITE011,Management,Mobile,Webex Calling Standard,Provisioned,Migrated
USER00007,SITE031,Operations,Desk Phone,Webex Calling Professional,Provisioned,Migrated
USER00008,SITE011,Management,Mobile,Webex Calling Professional,Provisioned,Pending
USER00009,SITE031,HR,Desk Phone,Webex Calling Professional,Provisioned,Migrated
USER00010,SITE004,IT,Room Device,Webex Calling Professional,Provisioned,Migrated
USER00011,SITE008,HR,Room Device,Webex Calling Standard,Failed,Migrated
USER00012,SITE021,Support,Room Device,Webex Calling Professional,Provisioned,Migrated
USER00013,SITE006,IT,Mobile,Webex Calling Standard,Provisioned,Failed
USER00014,SITE004,Management,Room Device,Webex Calling Standard,Provisioned,Migrated
USER00015,SITE007,IT,Room Device,Webex Calling Professional,Pending,Pending
USER00016,SITE017,Operations,Desk Phone,Webex Calling Standard,Provisioned,Pending
USER00017,SITE020,Operations,Desk Phone,Webex Calling Standard,Pending,Migrated
USER00018,SITE029,Management,Room Device,Webex Calling Standard,Provisioned,Migrated
USER00019,SITE016,Management,Desk Phone,Webex Calling Professional,Provisioned,Migrated
USER00020,SITE018,Finance,Room Device,Webex Calling Standard,Provisioned,Migrated
USER00021,SITE034,HR,Mobile,Webex Calling Standard,Provisioned,Migrated
USER00022,SITE010,Finance,Desk Phone,Webex Calling Professional,Provisioned,Failed
USER00023,SITE033,Operations,Mobile,Webex Calling Standard,Provisioned,Migrated
USER00024,SITE001,HR,Desk Phone,Webex Calling Professional,Provisioned,Migrated
USER00025,SITE005,Support,Room Device,Webex Calling Standard,Provisioned,Migrated
USER00026,SITE006,IT,Mobile,Webex Calling Standard,Provisioned,Migrated
USER00027,SITE033,HR,Soft Client,Webex Calling Professional,Pending,Migrated
USER00028,SITE009,Finance,Soft Client,Webex Calling Standard,Provisioned,Migrated
USER00029,SITE014,Operations,Desk Phone,Webex Calling Standard,Provisioned,Migrated
USER00030,SITE011,IT,Mobile,Webex Calling Standard,Failed,Migrated
USER00031,SITE034,Operations,Room Device,Webex Calling Professional,Provisioned,Migrated
USER00032,SITE028,Sales,Room Device,Webex Calling Professional,Provisioned,Migrated
USER00033,SITE019,IT,Mobile,Webex Calling Standard,Provisioned,Migrated
USER00034,SITE034,HR,Mobile,Webex Calling Standard,Provisioned,Migrated
USER00035,SITE001,IT,Mobile,Webex Calling Standard,Provisioned,Migrated
USER00036,SITE028,Management,Soft Client,Webex Calling Professional,Provisioned,Migrated
USER00037,SITE028,Management,Desk Phone,Webex Calling Standard,Provisioned,Pending
USER00038,SITE016,Support,Mobile,Webex Calling Standard,Provisioned,Migrated
USER00039,SITE015,Support,Room Device,Webex Calling Standard,Pending,Failed
USER00040,SITE014,HR,Room Device,Webex Calling Professional,Provisioned,Migrated
USER00041,SITE015,HR,Soft Client,Webex Calling Standard,Provisioned,Migrated
USER00042,SITE011,Support,Room Device,Webex Calling Professional,Provisioned,Migrated
USER00043,SITE035,Support,Mobile,Webex Calling Standard,Provisioned,Migrated
USER00044,SITE032,Operations,Desk Phone,Webex Calling Standard,Provisioned,Migrated
USER00045,SITE016,Sales,Desk Phone,Webex Calling Professional,Provisioned,Migrated
USER00046,SITE023,Operations,Room Device,Webex Calling Professional,Provisioned,Migrated
USER00047,SITE002,Management,Soft Client,Webex Calling Professional,Provisioned,Migrated
USER00048,SITE005,Operations,Soft Client,Webex Calling Professional,Provisioned,Migrated
USER00049,SITE007,Support,Room Device,Webex Calling Professional,Pending,Migrated
USER00050,SITE033,HR,Soft Client,Webex Calling Professional,Provisioned,Migrated
USER00051,SITE001,Management,Room Device,Webex Calling Professional,Provisioned,Pending
USER00052,SITE004,Management,Desk Phone,Webex Calling Standard,Failed,Migrated
USER00053,SITE025,Sales,Desk Phone,Webex Calling Professional,Provisioned,In Progress
USER00054,SITE002,Sales,Mobile,Webex Calling Standard,Pending,In Progress
USER00055,SITE018,Sales,Mobile,Webex Calling Standard,Provisioned,Migrated
USER00056,SITE005,IT,Mobile,Webex Calling Professional,Pending,Migrated
USER00057,SITE004,Sales,Soft Client,Webex Calling Professional,Provisioned,Migrated
USER00058,SITE023,Support,Mobile,Webex Calling Professional,Provisioned,In Progress
USER00059,SITE005,Support,Soft Client,Webex Calling Professional,Provisioned,Pending
USER00060,SITE018,IT,Room Device,Webex Calling Standard,Provisioned,Migrated
USER00061,SITE018,HR,Soft Client,Webex Calling Standard,Provisioned,Migrated
USER00062,SITE002,IT,Soft Client,Webex Calling Professional,Provisioned,In Progress
USER00063,SITE004,Sales,Soft Client,Webex Calling Standard,Provisioned,In Progress
USER00064,SITE019,HR,Desk Phone,Webex Calling Standard,Provisioned,Migrated
USER00065,SITE015,Management,Desk Phone,Webex Calling Standard,Provisioned,Pending
USER00066,SITE010,IT,Mobile,Webex Calling Standard,Provisioned,Migrated
USER00067,SITE005,Management,Mobile,Webex Calling Professional,Provisioned,Pending
USER00068,SITE022,Finance,Desk Phone,Webex Calling Standard,Provisioned,Migrated
USER00069,SITE017,Support,Mobile,Webex Calling Professional,Failed,Migrated
USER00070,SITE026,Sales,Desk Phone,Webex Calling Standard,Failed,In Progress
USER00071,SITE033,Finance,Soft Client,Webex Calling Professional,Provisioned,Migrated
USER00072,SITE013,Support,Mobile,Webex Calling Standard,Provisioned,Migrated
USER00073,SITE034,Management,Room Device,Webex Calling Standard,Pending,Migrated
USER00074,SITE034,IT,Room Device,Webex Calling Professional,Provisioned,Pending
USER00075,SITE031,IT,Room Device,Webex Calling Professional,Failed,Migrated
USER00076,SITE034,Support,Soft Client,Webex Calling Professional,Provisioned,Migrated
USER00077,SITE025,Sales,Soft Client,Webex Calling Professional,Provisioned,Migrated
USER00078,SITE022,Management,Room Device,Webex Calling Standard,Provisioned,Failed
USER00079,SITE017,Management,Desk Phone,Webex Calling Professional,Provisioned,Migrated
USER00080,SITE027,Finance,Desk Phone,Webex Calling Standard,Provisioned,Migrated
USER00081,SITE005,Management,Mobile,Webex Calling Standard,Provisioned,Migrated
USER00082,SITE002,Finance,Soft Client,Webex Calling Professional,Provisioned,Migrated
USER00083,SITE015,Finance,Room Device,Webex Calling Standard,Provisioned,Migrated
USER00084,SITE009,Support,Desk Phone,Webex Calling Standard,Failed,Migrated
USER00085,SITE014,IT,Soft Client,Webex Calling Professional,Provisioned,Migrated
USER00086,SITE013,Management,Soft Client,Webex Calling Professional,Provisioned,Migrated
USER00087,SITE018,Finance,Soft Client,Webex Calling Professional,Provisioned,Migrated
USER00088,SITE022,IT,Room Device,Webex Calling Professional,Provisioned,Migrated
USER00089,SITE002,Finance,Soft Client,Webex Calling Standard,Provisioned,Migrated
USER00090,SITE025,HR,Desk Phone,Webex Calling Standard,Provisioned,Migrated
USER00091,SITE015,Operations,Room Device,Webex Calling Professional,Provisioned,Migrated
USER00092,SITE008,Finance,Mobile,Webex Calling Professional,Provisioned,Pending
USER00093,SITE004,Operations,Mobile,Webex Calling Standard,Provisioned,Migrated
USER00094,SITE005,IT,Soft Client,Webex Calling Standard,Pending,Migrated
USER00095,SITE027,Support,Room Device,Webex Calling Professional,Provisioned,Migrated
USER00096,SITE011,Operations,Soft Client,Webex Calling Standard,Provisioned,Migrated
USER00097,SITE009,Finance,Desk Phone,Webex Calling Professional,Provisioned,Migrated
USER00098,SITE033,Sales,Mobile,Webex Calling Professional,Pending,Migrated
USER00099,SITE029,Management,Mobile,Webex Calling Professional,Provisioned,Migrated
USER00100,SITE020,HR,Desk Phone,Webex Calling Professional,Provisioned,Migrated
USER00101,SITE033,Operations,Soft Client,Webex Calling Professional,Provisioned,Pending
USER00102,SITE020,IT,Desk Phone,Webex Calling Professional,Provisioned,Migrated
USER00103,SITE019,Sales,Mobile,Webex Calling Professional,Pending,Migrated
USER00104,SITE007,Finance,Desk Phone,Webex Calling Professional,Provisioned,Pending
USER00105,SITE014,Finance,Room Device,Webex Calling Professional,Provisioned,Migrated
USER00106,SITE026,Finance,Room Device,Webex Calling Standard,Provisioned,Migrated
USER00107,SITE004,Sales,Desk Phone,Webex Calling Professional,Provisioned,Failed
USER00108,SITE012,Operations,Desk Phone,Webex Calling Standard,Provisioned,Migrated
USER00109,SITE026,Operations,Room Device,Webex Calling Professional,Provisioned,Migrated
USER00110,SITE002,Finance,Soft Client,Webex Calling Professional,Provisioned,Migrated
USER00111,SITE011,IT,Room Device,Webex Calling Professional,Pending,Migrated
USER00112,SITE033,Sales,Room Device,Webex Calling Standard,Provisioned,Migrated
USER00113,SITE022,Operations,Soft Client,Webex Calling Professional,Failed,In Progress
USER00114,SITE022,IT,Mobile,Webex Calling Standard,Pending,Migrated
USER00115,SITE033,Management,Desk Phone,Webex Calling Standard,Provisioned,Migrated
USER00116,SITE034,Operations,Room Device,Webex Calling Professional,Provisioned,Migrated
USER00117,SITE021,Sales,Soft Client,Webex Calling Standard,Provisioned,Migrated
USER00118,SITE022,Management,Room Device,Webex Calling Standard,Provisioned,Pending
USER00119,SITE015,Finance,Soft Client,Webex Calling Professional,Failed,Migrated
USER00120,SITE008,Management,Desk Phone,Webex Calling Professional,Provisioned,Migrated
USER00121,SITE020,HR,Soft Client,Webex Calling Standard,Pending,Migrated
USER00122,SITE014,Sales,Soft Client,Webex Calling Standard,Pending,Migrated
USER00123,SITE008,Finance,Room Device,Webex Calling Standard,Provisioned,Migrated
USER00124,SITE006,Operations,Room Device,Webex Calling Professional,Provisioned,Failed
USER00125,SITE004,Management,Soft Client,Webex Calling Professional,Provisioned,Migrated
USER00126,SITE017,HR,Soft Client,Webex Calling Professional,Provisioned,Migrated
USER00127,SITE007,Sales,Desk Phone,Webex Calling Professional,Provisioned,Migrated
USER00128,SITE017,HR,Mobile,Webex Calling Standard,Provisioned,In Progress
USER00129,SITE021,Operations,Desk Phone,Webex Calling Professional,Provisioned,Migrated
USER00130,SITE009,Operations,Desk Phone,Webex Calling Professional,Provisioned,Pending
USER00131,SITE011,HR,Room Device,Webex Calling Professional,Provisioned,Migrated
USER00132,SITE031,Operations,Soft Client,Webex Calling Standard,Provisioned,Migrated
USER00133,SITE031,Sales,Soft Client,Webex Calling Professional,Provisioned,Migrated
USER00134,SITE020,Support,Room Device,Webex Calling Professional,Provisioned,Pending
USER00135,SITE016,Operations,Soft Client,Webex Calling Professional,Provisioned,Failed
USER00136,SITE004,Sales,Desk Phone,Webex Calling Professional,Provisioned,Migrated
USER00137,SITE023,Management,Desk Phone,Webex Calling Professional,Provisioned,Migrated
USER00138,SITE029,Finance,Mobile,Webex Calling Standard,Provisioned,Migrated
USER00139,SITE001,Finance,Room Device,Webex Calling Professional,Provisioned,Migrated
USER00140,SITE029,Operations,Mobile,Webex Calling Standard,Pending,Migrated
USER00141,SITE023,IT,Mobile,Webex Calling Standard,Provisioned,Migrated
USER00142,SITE029,IT,Soft Client,Webex Calling Standard,Provisioned,Migrated
USER00143,SITE003,HR,Desk Phone,Webex Calling Professional,Pending,Migrated
USER00144,SITE024,IT,Desk Phone,Webex Calling Professional,Provisioned,Failed
USER00145,SITE005,Support,Room Device,Webex Calling Standard,Provisioned,Pending
USER00146,SITE013,HR,Soft Client,Webex Calling Standard,Provisioned,Failed
USER00147,SITE011,Management,Desk Phone,Webex Calling Professional,Pending,Migrated
USER00148,SITE016,HR,Desk Phone,Webex Calling Standard,Provisioned,Migrated
USER00149,SITE028,Sales,Mobile,Webex Calling Professional,Pending,Migrated
USER00150,SITE006,Sales,Mobile,Webex Calling Standard,Provisioned,Migrated
USER00151,SITE033,IT,Soft Client,Webex Calling Standard,Provisioned,Migrated
USER00152,SITE027,Sales,Soft Client,Webex Calling Professional,Provisioned,In Progress
USER00153,SITE013,Operations,Mobile,Webex Calling Standard,Provisioned,Migrated
USER00154,SITE018,IT,Soft Client,Webex Calling Professional,Provisioned,In Progress
USER00155,SITE008,Support,Room Device,Webex Calling Professional,Provisioned,Migrated
USER00156,SITE032,Management,Mobile,Webex Calling Standard,Provisioned,Pending
USER00157,SITE031,IT,Mobile,Webex Calling Standard,Provisioned,Migrated
USER00158,SITE002,HR,Soft Client,Webex Calling Standard,Provisioned,In Progress
USER00159,SITE007,Operations,Desk Phone,Webex Calling Standard,Provisioned,Failed
USER00160,SITE001,IT,Room Device,Webex Calling Standard,Provisioned,Migrated
USER00161,SITE023,Operations,Desk Phone,Webex Calling Professional,Provisioned,Pending
USER00162,SITE023,Sales,Mobile,Webex Calling Standard,Provisioned,Pending
USER00163,SITE023,Finance,Soft Client,Webex Calling Professional,Provisioned,Migrated
USER00164,SITE033,Finance,Room Device,Webex Calling Standard,Pending,Migrated
USER00165,SITE025,HR,Soft Client,Webex Calling Professional,Failed,Pending
USER00166,SITE031,Management,Mobile,Webex Calling Professional,Provisioned,In Progress
USER00167,SITE015,IT,Room Device,Webex Calling Standard,Provisioned,Migrated
USER00168,SITE032,Support,Room Device,Webex Calling Standard,Provisioned,Migrated
USER00169,SITE007,Finance,Mobile,Webex Calling Professional,Failed,Migrated
USER00170,SITE015,Support,Desk Phone,Webex Calling Standard,Pending,In Progress
USER00171,SITE016,HR,Mobile,Webex Calling Professional,Failed,Migrated
USER00172,SITE029,IT,Soft Client,Webex Calling Professional,Provisioned,Migrated
USER00173,SITE002,Support,Mobile,Webex Calling Standard,Provisioned,Migrated
USER00174,SITE007,Operations,Mobile,Webex Calling Standard,Pending,Pending
USER00175,SITE015,HR,Mobile,Webex Calling Standard,Provisioned,In Progress
USER00176,SITE011,Operations,Desk Phone,Webex Calling Professional,Provisioned,In Progress
USER00177,SITE035,Finance,Desk Phone,Webex Calling Standard,Provisioned,Failed
USER00178,SITE021,Operations,Desk Phone,Webex Calling Standard,Provisioned,Failed
USER00179,SITE033,Sales,Mobile,Webex Calling Professional,Provisioned,In Progress
USER00180,SITE028,Management,Mobile,Webex Calling Standard,Provisioned,Pending
USER00181,SITE007,Support,Desk Phone,Webex Calling Standard,Provisioned,Migrated
USER00182,SITE032,Sales,Mobile,Webex Calling Professional,Provisioned,Failed
USER00183,SITE032,Sales,Desk Phone,Webex Calling Standard,Provisioned,In Progress
USER00184,SITE029,IT,Mobile,Webex Calling Professional,Provisioned,In Progress
USER00185,SITE035,Sales,Room Device,Webex Calling Standard,Provisioned,Migrated
USER00186,SITE001,Support,Room Device,Webex Calling Professional,Provisioned,Migrated
USER00187,SITE028,IT,Soft Client,Webex Calling Professional,Provisioned,Migrated
USER00188,SITE002,IT,Room Device,Webex Calling Standard,Provisioned,Failed
USER00189,SITE029,Finance,Mobile,Webex Calling Standard,Provisioned,Migrated
USER00190,SITE026,Sales,Room Device,Webex Calling Professional,Provisioned,Pending
USER00191,SITE031,Support,Desk Phone,Webex Calling Standard,Provisioned,Migrated
USER00192,SITE029,Support,Mobile,Webex Calling Standard,Pending,Migrated
USER00193,SITE025,Support,Soft Client,Webex Calling Standard,Pending,Migrated
USER00194,SITE004,HR,Soft Client,Webex Calling Standard,Provisioned,Migrated
USER00195,SITE019,Management,Room Device,Webex Calling Professional,Provisioned,Migrated
USER00196,SITE006,Operations,Soft Client,Webex Calling Standard,Provisioned,In Progress
USER00197,SITE018,Sales,Soft Client,Webex Calling Professional,Provisioned,Migrated
USER00198,SITE034,HR,Soft Client,Webex Calling Standard,Provisioned,Migrated
USER00199,SITE026,Finance,Soft Client,Webex Calling Standard,Provisioned,Migrated
USER00200,SITE004,HR,Mobile,Webex Calling Standard,Provisioned,Migrated
USER00201,SITE034,Management,Desk Phone,Webex Calling Standard,Provisioned,Migrated
USER00202,SITE019,Operations,Soft Client,Webex Calling Standard,Provisioned,Migrated
USER00203,SITE024,IT,Soft Client,Webex Calling Standard,Failed,Migrated
USER00204,SITE034,Support,Room Device,Webex Calling Standard,Provisioned,In Progress
USER00205,SITE018,IT,Room Device,Webex Calling Professional,Provisioned,Failed
USER00206,SITE026,Operations,Soft Client,Webex Calling Professional,Provisioned,In Progress
USER00207,SITE006,Support,Desk Phone,Webex Calling Professional,Provisioned,Migrated
USER00208,SITE020,IT,Soft Client,Webex Calling Professional,Provisioned,Migrated
USER00209,SITE031,Support,Mobile,Webex Calling Professional,Provisioned,Migrated
USER00210,SITE015,Sales,Soft Client,Webex Calling Standard,Provisioned,Migrated
USER00211,SITE022,Operations,Room Device,Webex Calling Professional,Provisioned,Migrated
USER00212,SITE006,Support,Mobile,Webex Calling Professional,Provisioned,Pending
USER00213,SITE029,Support,Mobile,Webex Calling Professional,Provisioned,Migrated
USER00214,SITE034,Management,Room Device,Webex Calling Professional,Provisioned,In Progress
USER00215,SITE012,Management,Soft Client,Webex Calling Professional,Provisioned,Pending
USER00216,SITE025,IT,Room Device,Webex Calling Professional,Provisioned,Migrated
USER00217,SITE031,Management,Desk Phone,Webex Calling Standard,Provisioned,Migrated
USER00218,SITE009,Management,Soft Client,Webex Calling Standard,Provisioned,Migrated
USER00219,SITE012,Finance,Mobile,Webex Calling Professional,Provisioned,Failed
USER00220,SITE026,Operations,Soft Client,Webex Calling Standard,Failed,Pending
USER00221,SITE013,Management,Mobile,Webex Calling Standard,Provisioned,Migrated
USER00222,SITE005,HR,Desk Phone,Webex Calling Professional,Provisioned,Migrated
USER00223,SITE004,HR,Room Device,Webex Calling Standard,Provisioned,Migrated
USER00224,SITE022,Management,Desk Phone,Webex Calling Professional,Provisioned,Migrated
USER00225,SITE013,Finance,Soft Client,Webex Calling Standard,Failed,Failed
USER00226,SITE010,Support,Soft Client,Webex Calling Standard,Provisioned,Migrated
USER00227,SITE001,HR,Desk Phone,Webex Calling Professional,Provisioned,Migrated
USER00228,SITE029,HR,Mobile,Webex Calling Professional,Failed,Migrated
USER00229,SITE003,Finance,Soft Client,Webex Calling Professional,Provisioned,Failed
USER00230,SITE008,Management,Room Device,Webex Calling Professional,Failed,Migrated
USER00231,SITE001,Operations,Desk Phone,Webex Calling Standard,Provisioned,In Progress
USER00232,SITE026,Support,Room Device,Webex Calling Professional,Provisioned,In Progress
USER00233,SITE014,Sales,Desk Phone,Webex Calling Professional,Provisioned,Migrated
USER00234,SITE023,Management,Soft Client,Webex Calling Standard,Provisioned,Migrated
USER00235,SITE009,Operations,Desk Phone,Webex Calling Standard,Provisioned,Migrated
USER00236,SITE017,Sales,Mobile,Webex Calling Professional,Pending,Migrated
USER00237,SITE014,IT,Desk Phone,Webex Calling Standard,Provisioned,In Progress
USER00238,SITE012,HR,Mobile,Webex Calling Professional,Provisioned,Migrated
USER00239,SITE013,Support,Soft Client,Webex Calling Standard,Failed,Migrated
USER00240,SITE001,IT,Soft Client,Webex Calling Standard,Failed,Pending
USER00241,SITE029,Sales,Room Device,Webex Calling Professional,Provisioned,Migrated
USER00242,SITE019,Support,Soft Client,Webex Calling Professional,Pending,In Progress
USER00243,SITE032,IT,Mobile,Webex Calling Professional,Provisioned,Migrated
USER00244,SITE031,Finance,Room Device,Webex Calling Standard,Provisioned,Migrated
USER00245,SITE004,HR,Mobile,Webex Calling Standard,Failed,Migrated
USER00246,SITE032,Support,Soft Client,Webex Calling Professional,Provisioned,Failed
USER00247,SITE035,IT,Desk Phone,Webex Calling Standard,Provisioned,Migrated
USER00248,SITE033,Sales,Desk Phone,Webex Calling Professional,Provisioned,Migrated
USER00249,SITE016,Management,Soft Client,Webex Calling Professional,Provisioned,Migrated
USER00250,SITE022,Support,Mobile,Webex Calling Standard,Pending,Migrated
USER00251,SITE032,Sales,Room Device,Webex Calling Professional,Provisioned,In Progress
USER00252,SITE030,Sales,Mobile,Webex Calling Professional,Provisioned,Migrated
USER00253,SITE032,Support,Room Device,Webex Calling Professional,Pending,Migrated
USER00254,SITE012,HR,Mobile,Webex Calling Standard,Provisioned,In Progress
USER00255,SITE002,HR,Room Device,Webex Calling Standard,Provisioned,Pending
USER00256,SITE005,Sales,Room Device,Webex Calling Standard,Provisioned,Migrated
USER00257,SITE031,Sales,Soft Client,Webex Calling Standard,Pending,Migrated
USER00258,SITE014,Support,Mobile,Webex Calling Professional,Provisioned,Migrated
USER00259,SITE027,HR,Mobile,Webex Calling Standard,Provisioned,Migrated
USER00260,SITE008,Management,Room Device,Webex Calling Standard,Provisioned,In Progress
USER00261,SITE006,Sales,Soft Client,Webex Calling Professional,Provisioned,In Progress
USER00262,SITE028,Support,Soft Client,Webex Calling Professional,Provisioned,Migrated
USER00263,SITE004,Finance,Room Device,Webex Calling Standard,Provisioned,Migrated
USER00264,SITE016,Sales,Room Device,Webex Calling Standard,Provisioned,Migrated
USER00265,SITE008,Support,Soft Client,Webex Calling Professional,Failed,In Progress
USER00266,SITE019,Support,Room Device,Webex Calling Professional,Provisioned,Pending
USER00267,SITE013,HR,Desk Phone,Webex Calling Standard,Provisioned,Migrated
USER00268,SITE031,Management,Desk Phone,Webex Calling Standard,Provisioned,Migrated
USER00269,SITE016,Operations,Soft Client,Webex Calling Standard,Provisioned,Migrated
USER00270,SITE005,Sales,Soft Client,Webex Calling Standard,Provisioned,Migrated
USER00271,SITE034,IT,Desk Phone,Webex Calling Standard,Pending,Migrated
USER00272,SITE023,Management,Room Device,Webex Calling Standard,Provisioned,In Progress
USER00273,SITE021,Support,Room Device,Webex Calling Standard,Provisioned,Migrated
USER00274,SITE014,Sales,Room Device,Webex Calling Standard,Provisioned,Pending
USER00275,SITE014,HR,Soft Client,Webex Calling Standard,Provisioned,Migrated
USER00276,SITE004,IT,Desk Phone,Webex Calling Professional,Provisioned,Migrated
USER00277,SITE003,Support,Mobile,Webex Calling Professional,Provisioned,Migrated
USER00278,SITE024,Sales,Room Device,Webex Calling Professional,Provisioned,Migrated
USER00279,SITE007,Support,Room Device,Webex Calling Standard,Provisioned,Migrated
USER00280,SITE023,Management,Mobile,Webex Calling Standard,Pending,Failed
USER00281,SITE026,Sales,Mobile,Webex Calling Standard,Failed,Migrated
USER00282,SITE017,Sales,Desk Phone,Webex Calling Professional,Provisioned,Migrated
USER00283,SITE035,Operations,Mobile,Webex Calling Professional,Provisioned,Pending
USER00284,SITE023,HR,Room Device,Webex Calling Professional,Provisioned,Failed
USER00285,SITE020,Management,Room Device,Webex Calling Professional,Provisioned,Migrated
USER00286,SITE018,Sales,Soft Client,Webex Calling Professional,Provisioned,Migrated
USER00287,SITE032,IT,Mobile,Webex Calling Standard,Provisioned,Migrated
USER00288,SITE013,Management,Room Device,Webex Calling Professional,Provisioned,In Progress
USER00289,SITE013,Support,Soft Client,Webex Calling Professional,Provisioned,Migrated
USER00290,SITE011,Finance,Soft Client,Webex Calling Standard,Provisioned,In Progress
USER00291,SITE001,Operations,Room Device,Webex Calling Professional,Provisioned,Migrated
USER00292,SITE012,Management,Mobile,Webex Calling Standard,Provisioned,In Progress
USER00293,SITE033,HR,Soft Client,Webex Calling Standard,Provisioned,In Progress
USER00294,SITE021,Management,Mobile,Webex Calling Standard,Provisioned,Migrated
USER00295,SITE013,Management,Soft Client,Webex Calling Professional,Provisioned,Migrated
USER00296,SITE009,Sales,Room Device,Webex Calling Standard,Provisioned,Migrated
USER00297,SITE021,HR,Soft Client,Webex Calling Professional,Provisioned,Migrated
USER00298,SITE002,Management,Room Device,Webex Calling Standard,Provisioned,Pending
USER00299,SITE027,Finance,Mobile,Webex Calling Standard,Provisioned,Migrated
USER00300,SITE019,Management,Soft Client,Webex Calling Standard,Provisioned,Migrated
USER00301,SITE013,Sales,Soft Client,Webex Calling Standard,Provisioned,In Progress
USER00302,SITE034,Finance,Desk Phone,Webex Calling Professional,Provisioned,Migrated
USER00303,SITE008,HR,Desk Phone,Webex Calling Professional,Provisioned,Migrated
USER00304,SITE010,Finance,Room Device,Webex Calling Professional,Provisioned,Pending
USER00305,SITE015,HR,Mobile,Webex Calling Standard,Provisioned,Migrated
USER00306,SITE008,Sales,Room Device,Webex Calling Standard,Provisioned,Migrated
USER00307,SITE009,Sales,Mobile,Webex Calling Professional,Provisioned,Migrated
USER00308,SITE016,Operations,Soft Client,Webex Calling Professional,Provisioned,Migrated
USER00309,SITE027,Support,Room Device,Webex Calling Professional,Failed,Migrated
USER00310,SITE025,Finance,Desk Phone,Webex Calling Professional,Provisioned,Migrated
USER00311,SITE022,IT,Desk Phone,Webex Calling Professional,Provisioned,Pending
USER00312,SITE026,Support,Room Device,Webex Calling Professional,Pending,Migrated
USER00313,SITE016,Finance,Soft Client,Webex Calling Standard,Provisioned,Migrated
USER00314,SITE014,Operations,Mobile,Webex Calling Standard,Pending,Migrated
USER00315,SITE025,Management,Desk Phone,Webex Calling Standard,Provisioned,Migrated
USER00316,SITE014,Sales,Mobile,Webex Calling Professional,Provisioned,Migrated
USER00317,SITE029,Operations,Mobile,Webex Calling Professional,Provisioned,Pending
USER00318,SITE003,Management,Room Device,Webex Calling Professional,Provisioned,Migrated
USER00319,SITE007,IT,Mobile,Webex Calling Professional,Pending,Migrated
USER00320,SITE011,Finance,Mobile,Webex Calling Standard,Provisioned,Migrated
USER00321,SITE022,Operations,Room Device,Webex Calling Professional,Provisioned,In Progress
USER00322,SITE004,Support,Mobile,Webex Calling Professional,Provisioned,Migrated
USER00323,SITE003,Operations,Mobile,Webex Calling Standard,Provisioned,Migrated
USER00324,SITE013,Finance,Soft Client,Webex Calling Standard,Provisioned,Migrated
USER00325,SITE008,IT,Desk Phone,Webex Calling Standard,Provisioned,Migrated
USER00326,SITE015,HR,Mobile,Webex Calling Professional,Provisioned,Migrated
USER00327,SITE029,Operations,Mobile,Webex Calling Professional,Provisioned,Migrated
USER00328,SITE009,Sales,Desk Phone,Webex Calling Standard,Pending,Migrated
USER00329,SITE028,Operations,Desk Phone,Webex Calling Professional,Provisioned,Migrated
USER00330,SITE004,Support,Mobile,Webex Calling Standard,Pending,Migrated
USER00331,SITE003,Support,Desk Phone,Webex Calling Professional,Provisioned,Migrated
USER00332,SITE034,Management,Desk Phone,Webex Calling Professional,Provisioned,Failed
USER00333,SITE012,Support,Mobile,Webex Calling Standard,Pending,Pending
USER00334,SITE007,IT,Desk Phone,Webex Calling Standard,Provisioned,Migrated
USER00335,SITE002,Finance,Room Device,Webex Calling Standard,Provisioned,Pending
USER00336,SITE010,Operations,Soft Client,Webex Calling Professional,Provisioned,Migrated
USER00337,SITE010,Support,Mobile,Webex Calling Professional,Provisioned,Migrated
USER00338,SITE035,Finance,Soft Client,Webex Calling Professional,Failed,Migrated
USER00339,SITE032,Management,Room Device,Webex Calling Standard,Pending,Migrated
USER00340,SITE033,Support,Soft Client,Webex Calling Professional,Provisioned,Migrated
USER00341,SITE011,Support,Desk Phone,Webex Calling Professional,Provisioned,Failed
USER00342,SITE010,HR,Desk Phone,Webex Calling Standard,Provisioned,Migrated
USER00343,SITE007,Sales,Room Device,Webex Calling Standard,Provisioned,In Progress
USER00344,SITE019,IT,Desk Phone,Webex Calling Professional,Provisioned,Migrated
USER00345,SITE016,HR,Soft Client,Webex Calling Professional,Provisioned,Migrated
USER00346,SITE005,Management,Room Device,Webex Calling Professional,Provisioned,Migrated
USER00347,SITE021,HR,Mobile,Webex Calling Professional,Provisioned,Migrated
USER00348,SITE029,Finance,Soft Client,Webex Calling Professional,Provisioned,Migrated
USER00349,SITE014,Management,Soft Client,Webex Calling Professional,Provisioned,Pending
USER00350,SITE026,HR,Room Device,Webex Calling Professional,Pending,Migrated
USER00351,SITE022,Operations,Soft Client,Webex Calling Standard,Provisioned,In Progress
USER00352,SITE017,Finance,Room Device,Webex Calling Standard,Provisioned,Migrated
USER00353,SITE007,Finance,Desk Phone,Webex Calling Standard,Provisioned,Migrated
USER00354,SITE003,HR,Desk Phone,Webex Calling Standard,Provisioned,Migrated
USER00355,SITE006,Support,Soft Client,Webex Calling Professional,Provisioned,Migrated
USER00356,SITE030,Management,Soft Client,Webex Calling Professional,Provisioned,Migrated
USER00357,SITE021,Support,Room Device,Webex Calling Professional,Provisioned,Migrated
USER00358,SITE012,HR,Room Device,Webex Calling Professional,Provisioned,In Progress
USER00359,SITE019,IT,Desk Phone,Webex Calling Professional,Provisioned,Migrated
USER00360,SITE003,Finance,Room Device,Webex Calling Professional,Provisioned,Migrated
USER00361,SITE019,IT,Room Device,Webex Calling Professional,Provisioned,Migrated
USER00362,SITE012,Finance,Soft Client,Webex Calling Standard,Provisioned,Migrated
USER00363,SITE034,Support,Soft Client,Webex Calling Professional,Pending,Migrated
USER00364,SITE017,Sales,Room Device,Webex Calling Standard,Provisioned,Migrated
USER00365,SITE029,Sales,Soft Client,Webex Calling Professional,Failed,Migrated
USER00366,SITE004,Management,Room Device,Webex Calling Standard,Provisioned,Failed
USER00367,SITE022,Finance,Soft Client,Webex Calling Professional,Provisioned,Migrated
USER00368,SITE012,HR,Soft Client,Webex Calling Professional,Provisioned,Migrated
USER00369,SITE003,Sales,Room Device,Webex Calling Standard,Provisioned,Migrated
USER00370,SITE019,Support,Soft Client,Webex Calling Professional,Provisioned,Migrated
USER00371,SITE004,Operations,Desk Phone,Webex Calling Professional,Provisioned,Migrated
USER00372,SITE015,Finance,Room Device,Webex Calling Standard,Failed,Migrated
USER00373,SITE023,Finance,Mobile,Webex Calling Standard,Provisioned,Migrated
USER00374,SITE002,IT,Desk Phone,Webex Calling Professional,Provisioned,Migrated
USER00375,SITE009,Management,Room Device,Webex Calling Professional,Pending,Migrated
USER00376,SITE025,HR,Mobile,Webex Calling Professional,Provisioned,Migrated
USER00377,SITE015,IT,Mobile,Webex Calling Professional,Provisioned,Migrated
USER00378,SITE018,Finance,Soft Client,Webex Calling Professional,Provisioned,Migrated
USER00379,SITE032,IT,Soft Client,Webex Calling Standard,Pending,Migrated
USER00380,SITE017,IT,Soft Client,Webex Calling Standard,Provisioned,Migrated
USER00381,SITE027,Operations,Desk Phone,Webex Calling Standard,Provisioned,Migrated
USER00382,SITE024,Operations,Mobile,Webex Calling Professional,Provisioned,Migrated
USER00383,SITE014,Finance,Desk Phone,Webex Calling Professional,Pending,Migrated
USER00384,SITE015,Support,Desk Phone,Webex Calling Professional,Provisioned,In Progress
USER00385,SITE007,HR,Soft Client,Webex Calling Standard,Provisioned,In Progress
USER00386,SITE002,Management,Desk Phone,Webex Calling Standard,Provisioned,Pending
USER00387,SITE016,Management,Desk Phone,Webex Calling Standard,Provisioned,Migrated
USER00388,SITE020,HR,Room Device,Webex Calling Standard,Pending,Migrated
USER00389,SITE014,Support,Mobile,Webex Calling Professional,Provisioned,Migrated
USER00390,SITE034,HR,Mobile,Webex Calling Professional,Provisioned,Pending
USER00391,SITE027,Finance,Mobile,Webex Calling Professional,Provisioned,Failed
USER00392,SITE020,Sales,Room Device,Webex Calling Professional,Provisioned,Migrated
USER00393,SITE019,Operations,Mobile,Webex Calling Standard,Provisioned,Migrated
USER00394,SITE005,Sales,Desk Phone,Webex Calling Standard,Provisioned,Failed
USER00395,SITE016,Management,Room Device,Webex Calling Professional,Provisioned,Migrated
USER00396,SITE027,Sales,Desk Phone,Webex Calling Professional,Provisioned,Pending
USER00397,SITE030,Operations,Mobile,Webex Calling Professional,Failed,Migrated
USER00398,SITE008,Sales,Desk Phone,Webex Calling Standard,Provisioned,Migrated
USER00399,SITE020,Finance,Room Device,Webex Calling Standard,Provisioned,Migrated
USER00400,SITE021,Finance,Soft Client,Webex Calling Professional,Pending,Migrated
USER00401,SITE005,Management,Desk Phone,Webex Calling Standard,Provisioned,Migrated
USER00402,SITE016,Sales,Mobile,Webex Calling Standard,Pending,Migrated
USER00403,SITE031,Sales,Desk Phone,Webex Calling Professional,Provisioned,Failed
USER00404,SITE032,Support,Soft Client,Webex Calling Professional,Provisioned,Migrated
USER00405,SITE001,HR,Mobile,Webex Calling Standard,Provisioned,Migrated
USER00406,SITE008,Support,Desk Phone,Webex Calling Professional,Provisioned,Migrated
USER00407,SITE028,Management,Mobile,Webex Calling Standard,Provisioned,Migrated
USER00408,SITE027,HR,Mobile,Webex Calling Standard,Pending,Migrated
USER00409,SITE028,Support,Desk Phone,Webex Calling Professional,Pending,Migrated
USER00410,SITE029,Finance,Room Device,Webex Calling Professional,Provisioned,Migrated
USER00411,SITE035,Management,Mobile,Webex Calling Standard,Provisioned,Pending
USER00412,SITE034,Finance,Soft Client,Webex Calling Professional,Provisioned,Pending
USER00413,SITE008,Support,Mobile,Webex Calling Professional,Provisioned,In Progress
USER00414,SITE018,IT,Soft Client,Webex Calling Professional,Pending,Migrated
USER00415,SITE017,HR,Room Device,Webex Calling Professional,Provisioned,Pending
USER00416,SITE006,Finance,Desk Phone,Webex Calling Professional,Provisioned,Migrated
USER00417,SITE027,HR,Soft Client,Webex Calling Professional,Failed,In Progress
USER00418,SITE028,Sales,Room Device,Webex Calling Standard,Pending,Migrated
USER00419,SITE022,Finance,Soft Client,Webex Calling Standard,Failed,Migrated
USER00420,SITE019,Management,Soft Client,Webex Calling Professional,Provisioned,Migrated
USER00421,SITE031,HR,Desk Phone,Webex Calling Professional,Provisioned,Failed
USER00422,SITE003,Management,Soft Client,Webex Calling Standard,Provisioned,Migrated
USER00423,SITE002,Sales,Mobile,Webex Calling Professional,Provisioned,Migrated
USER00424,SITE027,IT,Soft Client,Webex Calling Professional,Provisioned,Migrated
USER00425,SITE033,IT,Room Device,Webex Calling Professional,Provisioned,In Progress
USER00426,SITE001,HR,Soft Client,Webex Calling Standard,Provisioned,Pending
USER00427,SITE026,Support,Soft Client,Webex Calling Professional,Provisioned,Migrated
USER00428,SITE021,Finance,Room Device,Webex Calling Standard,Provisioned,Migrated
USER00429,SITE027,Operations,Mobile,Webex Calling Standard,Provisioned,Migrated
USER00430,SITE022,Support,Desk Phone,Webex Calling Professional,Provisioned,Migrated
USER00431,SITE022,Support,Soft Client,Webex Calling Professional,Pending,Pending
USER00432,SITE019,HR,Soft Client,Webex Calling Professional,Provisioned,Migrated
USER00433,SITE026,Support,Soft Client,Webex Calling Standard,Provisioned,Pending
USER00434,SITE031,HR,Soft Client,Webex Calling Professional,Pending,Migrated
USER00435,SITE014,Support,Mobile,Webex Calling Standard,Provisioned,Migrated
USER00436,SITE015,IT,Room Device,Webex Calling Standard,Provisioned,In Progress
USER00437,SITE020,IT,Mobile,Webex Calling Standard,Pending,Pending
USER00438,SITE010,Operations,Room Device,Webex Calling Professional,Provisioned,Migrated
USER00439,SITE034,Support,Mobile,Webex Calling Standard,Provisioned,Migrated
USER00440,SITE028,Finance,Soft Client,Webex Calling Standard,Provisioned,In Progress
USER00441,SITE021,Operations,Soft Client,Webex Calling Professional,Pending,Migrated
USER00442,SITE026,Finance,Soft Client,Webex Calling Professional,Failed,Migrated
USER00443,SITE022,Finance,Room Device,Webex Calling Standard,Provisioned,Migrated
USER00444,SITE002,Management,Mobile,Webex Calling Standard,Provisioned,Migrated
USER00445,SITE015,Finance,Mobile,Webex Calling Standard,Provisioned,Migrated
USER00446,SITE016,HR,Soft Client,Webex Calling Standard,Pending,Migrated
USER00447,SITE002,Support,Mobile,Webex Calling Professional,Provisioned,Failed
USER00448,SITE025,HR,Mobile,Webex Calling Standard,Failed,Pending
USER00449,SITE028,Finance,Desk Phone,Webex Calling Professional,Pending,Pending
USER00450,SITE019,Management,Soft Client,Webex Calling Standard,Provisioned,Migrated
USER00451,SITE003,Operations,Mobile,Webex Calling Professional,Provisioned,Migrated
USER00452,SITE022,Sales,Mobile,Webex Calling Standard,Provisioned,Migrated
USER00453,SITE027,HR,Desk Phone,Webex Calling Standard,Provisioned,Migrated
USER00454,SITE011,IT,Desk Phone,Webex Calling Standard,Provisioned,Migrated
USER00455,SITE034,Management,Soft Client,Webex Calling Standard,Provisioned,Migrated
USER00456,SITE016,Support,Room Device,Webex Calling Professional,Provisioned,Migrated
USER00457,SITE021,Management,Room Device,Webex Calling Standard,Pending,Failed
USER00458,SITE017,Sales,Desk Phone,Webex Calling Professional,Failed,Migrated
USER00459,SITE011,Finance,Desk Phone,Webex Calling Standard,Provisioned,Migrated
USER00460,SITE035,Operations,Mobile,Webex Calling Standard,Pending,Migrated
USER00461,SITE027,Management,Soft Client,Webex Calling Standard,Provisioned,Migrated
USER00462,SITE012,Finance,Desk Phone,Webex Calling Professional,Provisioned,Migrated
USER00463,SITE031,Finance,Desk Phone,Webex Calling Professional,Provisioned,Migrated
USER00464,SITE024,Sales,Soft Client,Webex Calling Standard,Provisioned,Migrated
USER00465,SITE017,Finance,Soft Client,Webex Calling Professional,Provisioned,Migrated
USER00466,SITE027,Operations,Room Device,Webex Calling Professional,Provisioned,Migrated
USER00467,SITE029,Sales,Mobile,Webex Calling Professional,Pending,In Progress
USER00468,SITE015,Support,Room Device,Webex Calling Standard,Provisioned,Migrated
USER00469,SITE002,Support,Room Device,Webex Calling Standard,Provisioned,Migrated
USER00470,SITE010,Management,Room Device,Webex Calling Standard,Provisioned,Failed
USER00471,SITE020,Support,Room Device,Webex Calling Standard,Provisioned,Migrated
USER00472,SITE032,Support,Soft Client,Webex Calling Standard,Provisioned,In Progress
USER00473,SITE011,IT,Desk Phone,Webex Calling Standard,Provisioned,Migrated
USER00474,SITE020,Management,Room Device,Webex Calling Professional,Provisioned,Migrated
USER00475,SITE020,Operations,Soft Client,Webex Calling Standard,Pending,In Progress
USER00476,SITE014,IT,Desk Phone,Webex Calling Standard,Provisioned,Migrated
USER00477,SITE012,Operations,Soft Client,Webex Calling Professional,Provisioned,Migrated
USER00478,SITE026,Operations,Soft Client,Webex Calling Standard,Provisioned,Migrated
USER00479,SITE018,Operations,Room Device,Webex Calling Standard,Provisioned,Migrated
USER00480,SITE015,Finance,Soft Client,Webex Calling Professional,Provisioned,Migrated
USER00481,SITE029,IT,Mobile,Webex Calling Professional,Provisioned,Migrated
USER00482,SITE020,Operations,Mobile,Webex Calling Standard,Provisioned,Migrated
USER00483,SITE008,Sales,Desk Phone,Webex Calling Professional,Provisioned,Migrated
USER00484,SITE001,Support,Room Device,Webex Calling Standard,Provisioned,Migrated
USER00485,SITE009,Management,Soft Client,Webex Calling Professional,Provisioned,Migrated
USER00486,SITE035,Management,Desk Phone,Webex Calling Professional,Provisioned,Failed
USER00487,SITE028,Finance,Mobile,Webex Calling Professional,Provisioned,Pending
USER00488,SITE033,Support,Soft Client,Webex Calling Standard,Provisioned,Migrated
USER00489,SITE019,Support,Desk Phone,Webex Calling Standard,Provisioned,Migrated
USER00490,SITE022,Finance,Soft Client,Webex Calling Standard,Provisioned,Migrated
USER00491,SITE025,Sales,Soft Client,Webex Calling Standard,Provisioned,Migrated
USER00492,SITE024,Management,Desk Phone,Webex Calling Professional,Provisioned,Pending
USER00493,SITE007,Finance,Room Device,Webex Calling Standard,Provisioned,Migrated
USER00494,SITE025,Sales,Soft Client,Webex Calling Professional,Provisioned,Migrated
USER00495,SITE012,Finance,Mobile,Webex Calling Professional,Provisioned,Migrated
USER00496,SITE025,Support,Room Device,Webex Calling Professional,Provisioned,Migrated
USER00497,SITE016,Support,Mobile,Webex Calling Professional,Provisioned,Migrated
USER00498,SITE023,Finance,Room Device,Webex Calling Standard,Provisioned,Pending
USER00499,SITE020,Finance,Room Device,Webex Calling Standard,Provisioned,In Progress
USER00500,SITE028,IT,Soft Client,Webex Calling Professional,Provisioned,Migrated
USER00501,SITE028,Operations,Soft Client,Webex Calling Professional,Provisioned,Migrated
USER00502,SITE035,Sales,Desk Phone,Webex Calling Professional,Provisioned,Migrated
USER00503,SITE002,IT,Desk Phone,Webex Calling Professional,Provisioned,Migrated
USER00504,SITE011,IT,Mobile,Webex Calling Standard,Provisioned,Migrated
USER00505,SITE003,HR,Mobile,Webex Calling Professional,Pending,Migrated
USER00506,SITE022,Operations,Room Device,Webex Calling Standard,Provisioned,Migrated
USER00507,SITE023,HR,Room Device,Webex Calling Professional,Provisioned,Migrated
USER00508,SITE023,Management,Mobile,Webex Calling Standard,Pending,Migrated
USER00509,SITE018,HR,Soft Client,Webex Calling Professional,Provisioned,Migrated
USER00510,SITE002,Sales,Mobile,Webex Calling Professional,Provisioned,Migrated
USER00511,SITE028,HR,Room Device,Webex Calling Professional,Pending,Migrated
USER00512,SITE035,Finance,Soft Client,Webex Calling Professional,Provisioned,Migrated
USER00513,SITE034,HR,Soft Client,Webex Calling Professional,Pending,Migrated
USER00514,SITE030,Support,Desk Phone,Webex Calling Professional,Provisioned,Migrated
USER00515,SITE017,Operations,Mobile,Webex Calling Standard,Provisioned,Migrated
USER00516,SITE023,Management,Desk Phone,Webex Calling Standard,Pending,Migrated
USER00517,SITE031,Operations,Room Device,Webex Calling Professional,Provisioned,In Progress
USER00518,SITE010,Sales,Mobile,Webex Calling Standard,Provisioned,Migrated
USER00519,SITE029,Management,Room Device,Webex Calling Professional,Provisioned,Migrated
USER00520,SITE022,Finance,Room Device,Webex Calling Professional,Provisioned,Migrated
USER00521,SITE017,Operations,Room Device,Webex Calling Professional,Provisioned,Pending
USER00522,SITE033,Finance,Desk Phone,Webex Calling Standard,Provisioned,Migrated
USER00523,SITE003,Sales,Soft Client,Webex Calling Professional,Provisioned,Pending
USER00524,SITE009,Support,Desk Phone,Webex Calling Standard,Provisioned,Migrated
USER00525,SITE026,Operations,Soft Client,Webex Calling Professional,Provisioned,Migrated
USER00526,SITE026,Sales,Mobile,Webex Calling Professional,Pending,Migrated
USER00527,SITE007,IT,Soft Client,Webex Calling Professional,Provisioned,Failed
USER00528,SITE030,Support,Mobile,Webex Calling Professional,Provisioned,Migrated
USER00529,SITE001,Management,Mobile,Webex Calling Standard,Failed,Pending
USER00530,SITE005,Support,Room Device,Webex Calling Professional,Pending,Migrated
USER00531,SITE011,Finance,Soft Client,Webex Calling Professional,Provisioned,Migrated
USER00532,SITE023,Operations,Soft Client,Webex Calling Standard,Provisioned,Failed
USER00533,SITE010,Support,Mobile,Webex Calling Professional,Provisioned,Migrated
USER00534,SITE015,Sales,Soft Client,Webex Calling Standard,Provisioned,Pending
USER00535,SITE008,IT,Desk Phone,Webex Calling Professional,Provisioned,Failed
USER00536,SITE005,Management,Room Device,Webex Calling Standard,Provisioned,Migrated
USER00537,SITE022,Sales,Mobile,Webex Calling Professional,Failed,Migrated
USER00538,SITE008,Sales,Room Device,Webex Calling Standard,Provisioned,Migrated
USER00539,SITE033,Operations,Soft Client,Webex Calling Standard,Provisioned,Pending
USER00540,SITE018,Sales,Desk Phone,Webex Calling Standard,Provisioned,In Progress
USER00541,SITE017,Operations,Soft Client,Webex Calling Standard,Provisioned,Migrated
USER00542,SITE020,Finance,Soft Client,Webex Calling Standard,Provisioned,In Progress
USER00543,SITE005,Management,Desk Phone,Webex Calling Standard,Provisioned,Migrated
USER00544,SITE020,HR,Soft Client,Webex Calling Professional,Failed,Migrated
USER00545,SITE010,Finance,Mobile,Webex Calling Professional,Pending,Migrated
USER00546,SITE032,Management,Desk Phone,Webex Calling Professional,Provisioned,Migrated
USER00547,SITE006,HR,Desk Phone,Webex Calling Professional,Provisioned,Migrated
USER00548,SITE017,Sales,Desk Phone,Webex Calling Professional,Pending,Migrated
USER00549,SITE015,IT,Mobile,Webex Calling Professional,Provisioned,Migrated
USER00550,SITE015,Sales,Mobile,Webex Calling Standard,Provisioned,Migrated
USER00551,SITE031,Operations,Room Device,Webex Calling Standard,Provisioned,Migrated
USER00552,SITE023,Sales,Desk Phone,Webex Calling Standard,Provisioned,Pending
USER00553,SITE005,HR,Room Device,Webex Calling Standard,Provisioned,In Progress
USER00554,SITE016,IT,Room Device,Webex Calling Standard,Failed,Migrated
USER00555,SITE003,Operations,Desk Phone,Webex Calling Standard,Provisioned,In Progress
USER00556,SITE032,HR,Desk Phone,Webex Calling Standard,Provisioned,Pending
USER00557,SITE015,Finance,Mobile,Webex Calling Standard,Provisioned,Migrated
USER00558,SITE033,Operations,Desk Phone,Webex Calling Professional,Failed,Migrated
USER00559,SITE014,Sales,Desk Phone,Webex Calling Professional,Provisioned,Migrated
USER00560,SITE004,Sales,Mobile,Webex Calling Professional,Provisioned,Failed
USER00561,SITE004,Management,Soft Client,Webex Calling Standard,Failed,Migrated
USER00562,SITE014,Finance,Soft Client,Webex Calling Professional,Provisioned,Pending
USER00563,SITE002,Support,Soft Client,Webex Calling Standard,Provisioned,Migrated
USER00564,SITE001,HR,Desk Phone,Webex Calling Professional,Provisioned,Migrated
USER00565,SITE028,Support,Desk Phone,Webex Calling Professional,Provisioned,Migrated
USER00566,SITE030,Operations,Soft Client,Webex Calling Professional,Provisioned,Pending
USER00567,SITE002,Finance,Soft Client,Webex Calling Standard,Provisioned,Pending
USER00568,SITE035,Management,Mobile,Webex Calling Professional,Pending,Migrated
USER00569,SITE030,Operations,Mobile,Webex Calling Professional,Provisioned,Migrated
USER00570,SITE010,HR,Room Device,Webex Calling Professional,Provisioned,Migrated
USER00571,SITE017,Management,Mobile,Webex Calling Professional,Provisioned,Migrated
USER00572,SITE033,Management,Mobile,Webex Calling Standard,Provisioned,Migrated
USER00573,SITE001,Management,Room Device,Webex Calling Standard,Provisioned,Migrated
USER00574,SITE023,Support,Room Device,Webex Calling Professional,Provisioned,Migrated
USER00575,SITE025,Sales,Soft Client,Webex Calling Standard,Provisioned,Migrated
USER00576,SITE014,Operations,Soft Client,Webex Calling Professional,Provisioned,In Progress
USER00577,SITE002,Support,Mobile,Webex Calling Professional,Provisioned,In Progress
USER00578,SITE014,Sales,Desk Phone,Webex Calling Standard,Provisioned,Migrated
USER00579,SITE015,IT,Room Device,Webex Calling Standard,Pending,Migrated
USER00580,SITE009,Sales,Mobile,Webex Calling Standard,Provisioned,Pending
USER00581,SITE023,Finance,Room Device,Webex Calling Standard,Provisioned,Migrated
USER00582,SITE031,Operations,Room Device,Webex Calling Professional,Provisioned,Migrated
USER00583,SITE003,Operations,Mobile,Webex Calling Standard,Provisioned,Migrated
USER00584,SITE033,Support,Room Device,Webex Calling Standard,Provisioned,Migrated
USER00585,SITE017,IT,Mobile,Webex Calling Standard,Provisioned,Pending
USER00586,SITE019,IT,Room Device,Webex Calling Standard,Pending,Migrated
USER00587,SITE030,IT,Soft Client,Webex Calling Professional,Provisioned,Migrated
USER00588,SITE028,Management,Soft Client,Webex Calling Standard,Provisioned,Migrated
USER00589,SITE020,Operations,Desk Phone,Webex Calling Standard,Provisioned,Migrated
USER00590,SITE027,HR,Desk Phone,Webex Calling Standard,Pending,Migrated
USER00591,SITE017,IT,Room Device,Webex Calling Professional,Provisioned,Migrated
USER00592,SITE027,Finance,Room Device,Webex Calling Standard,Provisioned,Migrated
USER00593,SITE031,IT,Mobile,Webex Calling Professional,Pending,Migrated
USER00594,SITE018,IT,Soft Client,Webex Calling Standard,Provisioned,Migrated
USER00595,SITE008,HR,Soft Client,Webex Calling Standard,Provisioned,Pending
USER00596,SITE014,Management,Desk Phone,Webex Calling Standard,Provisioned,Migrated
USER00597,SITE019,Operations,Mobile,Webex Calling Standard,Provisioned,Migrated
USER00598,SITE004,IT,Desk Phone,Webex Calling Standard,Provisioned,Migrated
USER00599,SITE026,Support,Soft Client,Webex Calling Professional,Provisioned,Migrated
USER00600,SITE035,IT,Desk Phone,Webex Calling Professional,Provisioned,Migrated
USER00601,SITE007,Management,Mobile,Webex Calling Standard,Pending,Migrated
USER00602,SITE031,HR,Room Device,Webex Calling Professional,Failed,Migrated
USER00603,SITE032,Finance,Mobile,Webex Calling Standard,Provisioned,Migrated
USER00604,SITE012,Management,Desk Phone,Webex Calling Standard,Provisioned,Migrated
USER00605,SITE021,Management,Room Device,Webex Calling Standard,Provisioned,In Progress
USER00606,SITE004,Sales,Desk Phone,Webex Calling Standard,Provisioned,Pending
USER00607,SITE012,Finance,Room Device,Webex Calling Standard,Provisioned,Migrated
USER00608,SITE027,Management,Room Device,Webex Calling Standard,Provisioned,In Progress
USER00609,SITE020,Operations,Mobile,Webex Calling Professional,Provisioned,Migrated
USER00610,SITE015,Management,Soft Client,Webex Calling Professional,Provisioned,Migrated
USER00611,SITE021,Management,Soft Client,Webex Calling Professional,Provisioned,Migrated
USER00612,SITE015,Sales,Soft Client,Webex Calling Professional,Pending,Migrated
USER00613,SITE017,HR,Mobile,Webex Calling Professional,Provisioned,Failed
USER00614,SITE027,Sales,Soft Client,Webex Calling Standard,Provisioned,Migrated
USER00615,SITE002,IT,Room Device,Webex Calling Professional,Provisioned,Pending
USER00616,SITE005,Management,Desk Phone,Webex Calling Professional,Provisioned,Migrated
USER00617,SITE033,HR,Desk Phone,Webex Calling Standard,Provisioned,Failed
USER00618,SITE027,Sales,Room Device,Webex Calling Professional,Provisioned,Migrated
USER00619,SITE029,HR,Room Device,Webex Calling Professional,Pending,Migrated
USER00620,SITE034,Finance,Soft Client,Webex Calling Standard,Provisioned,Migrated
USER00621,SITE017,HR,Mobile,Webex Calling Standard,Provisioned,Pending
USER00622,SITE010,Sales,Room Device,Webex Calling Standard,Provisioned,Migrated
USER00623,SITE032,Finance,Mobile,Webex Calling Professional,Pending,Migrated
USER00624,SITE021,Finance,Mobile,Webex Calling Standard,Provisioned,Migrated
USER00625,SITE028,Finance,Room Device,Webex Calling Standard,Provisioned,Migrated
USER00626,SITE007,Sales,Soft Client,Webex Calling Standard,Provisioned,Migrated
USER00627,SITE011,HR,Soft Client,Webex Calling Professional,Failed,Pending
USER00628,SITE026,Sales,Soft Client,Webex Calling Standard,Provisioned,Migrated
USER00629,SITE017,Management,Mobile,Webex Calling Standard,Provisioned,In Progress
USER00630,SITE035,IT,Room Device,Webex Calling Professional,Provisioned,Migrated
USER00631,SITE011,Operations,Soft Client,Webex Calling Professional,Provisioned,In Progress
USER00632,SITE017,IT,Mobile,Webex Calling Standard,Provisioned,In Progress
USER00633,SITE024,Operations,Mobile,Webex Calling Standard,Provisioned,Pending
USER00634,SITE033,HR,Room Device,Webex Calling Professional,Failed,Migrated
USER00635,SITE022,Support,Room Device,Webex Calling Standard,Provisioned,Migrated
USER00636,SITE020,Management,Soft Client,Webex Calling Standard,Provisioned,Failed
USER00637,SITE025,Finance,Soft Client,Webex Calling Professional,Provisioned,Migrated
USER00638,SITE012,IT,Mobile,Webex Calling Standard,Provisioned,Pending
USER00639,SITE014,Management,Desk Phone,Webex Calling Standard,Provisioned,Migrated
USER00640,SITE011,Support,Desk Phone,Webex Calling Professional,Provisioned,Migrated
USER00641,SITE025,Management,Soft Client,Webex Calling Standard,Provisioned,In Progress
USER00642,SITE013,Management,Soft Client,Webex Calling Standard,Provisioned,Migrated
USER00643,SITE033,Support,Desk Phone,Webex Calling Professional,Provisioned,Migrated
USER00644,SITE031,Operations,Desk Phone,Webex Calling Standard,Provisioned,Pending
USER00645,SITE035,Finance,Desk Phone,Webex Calling Professional,Provisioned,Pending
USER00646,SITE007,Operations,Soft Client,Webex Calling Standard,Provisioned,Migrated
USER00647,SITE027,Finance,Mobile,Webex Calling Professional,Provisioned,Failed
USER00648,SITE002,Sales,Soft Client,Webex Calling Professional,Failed,Migrated
USER00649,SITE024,Sales,Soft Client,Webex Calling Standard,Provisioned,Pending
USER00650,SITE026,Support,Soft Client,Webex Calling Professional,Provisioned,Migrated
USER00651,SITE013,Operations,Room Device,Webex Calling Standard,Provisioned,Migrated
USER00652,SITE019,Operations,Room Device,Webex Calling Professional,Provisioned,Migrated
USER00653,SITE034,Sales,Desk Phone,Webex Calling Standard,Failed,Pending
USER00654,SITE013,Management,Mobile,Webex Calling Standard,Provisioned,In Progress
USER00655,SITE021,Sales,Mobile,Webex Calling Standard,Provisioned,Pending
USER00656,SITE021,Finance,Soft Client,Webex Calling Standard,Provisioned,Migrated
USER00657,SITE003,Finance,Soft Client,Webex Calling Standard,Provisioned,Migrated
USER00658,SITE035,Support,Desk Phone,Webex Calling Professional,Pending,Migrated
USER00659,SITE008,Operations,Soft Client,Webex Calling Professional,Provisioned,Migrated
USER00660,SITE001,Finance,Desk Phone,Webex Calling Standard,Pending,Migrated
USER00661,SITE031,Operations,Soft Client,Webex Calling Standard,Failed,Migrated
USER00662,SITE016,Support,Room Device,Webex Calling Standard,Pending,Migrated
USER00663,SITE014,HR,Desk Phone,Webex Calling Standard,Provisioned,Migrated
USER00664,SITE012,Operations,Soft Client,Webex Calling Professional,Provisioned,Migrated
USER00665,SITE011,Operations,Desk Phone,Webex Calling Standard,Provisioned,Migrated
USER00666,SITE021,Sales,Room Device,Webex Calling Standard,Provisioned,Migrated
USER00667,SITE001,HR,Desk Phone,Webex Calling Professional,Provisioned,In Progress
USER00668,SITE002,Management,Room Device,Webex Calling Standard,Failed,Migrated
USER00669,SITE022,Sales,Desk Phone,Webex Calling Professional,Provisioned,Migrated
USER00670,SITE001,Management,Soft Client,Webex Calling Standard,Failed,Migrated
USER00671,SITE013,IT,Desk Phone,Webex Calling Standard,Pending,Failed
USER00672,SITE030,Sales,Soft Client,Webex Calling Standard,Provisioned,In Progress
USER00673,SITE016,Sales,Desk Phone,Webex Calling Professional,Provisioned,Migrated
USER00674,SITE001,IT,Desk Phone,Webex Calling Professional,Pending,Migrated
USER00675,SITE023,IT,Mobile,Webex Calling Standard,Provisioned,Migrated
USER00676,SITE035,IT,Desk Phone,Webex Calling Standard,Provisioned,Migrated
USER00677,SITE023,IT,Mobile,Webex Calling Standard,Provisioned,Pending
USER00678,SITE015,Operations,Desk Phone,Webex Calling Professional,Failed,Pending
USER00679,SITE021,Operations,Mobile,Webex Calling Professional,Provisioned,Migrated
USER00680,SITE019,HR,Mobile,Webex Calling Standard,Provisioned,Migrated
USER00681,SITE028,Sales,Soft Client,Webex Calling Professional,Provisioned,Migrated
USER00682,SITE024,Operations,Soft Client,Webex Calling Standard,Provisioned,Pending
USER00683,SITE017,Management,Soft Client,Webex Calling Professional,Provisioned,Migrated
USER00684,SITE018,HR,Desk Phone,Webex Calling Professional,Pending,Migrated
USER00685,SITE035,Sales,Soft Client,Webex Calling Standard,Pending,Migrated
USER00686,SITE002,HR,Room Device,Webex Calling Professional,Provisioned,Migrated
USER00687,SITE005,Finance,Room Device,Webex Calling Standard,Failed,Migrated
USER00688,SITE004,Finance,Soft Client,Webex Calling Standard,Provisioned,Pending
USER00689,SITE025,Sales,Soft Client,Webex Calling Professional,Provisioned,In Progress
USER00690,SITE024,Management,Desk Phone,Webex Calling Professional,Pending,Pending
USER00691,SITE011,Finance,Room Device,Webex Calling Standard,Provisioned,Migrated
USER00692,SITE023,IT,Desk Phone,Webex Calling Professional,Pending,Pending
USER00693,SITE006,Support,Desk Phone,Webex Calling Professional,Provisioned,In Progress
USER00694,SITE005,Sales,Desk Phone,Webex Calling Professional,Provisioned,Pending
USER00695,SITE016,Support,Mobile,Webex Calling Professional,Provisioned,Migrated
USER00696,SITE029,Support,Room Device,Webex Calling Professional,Provisioned,Failed
USER00697,SITE015,Management,Mobile,Webex Calling Standard,Provisioned,Migrated
USER00698,SITE028,IT,Mobile,Webex Calling Standard,Provisioned,In Progress
USER00699,SITE023,Finance,Soft Client,Webex Calling Professional,Pending,Pending
USER00700,SITE014,HR,Mobile,Webex Calling Professional,Provisioned,In Progress
USER00701,SITE022,Sales,Mobile,Webex Calling Professional,Provisioned,Migrated
USER00702,SITE015,Management,Mobile,Webex Calling Standard,Provisioned,Migrated
USER00703,SITE029,HR,Mobile,Webex Calling Professional,Provisioned,Pending
USER00704,SITE032,Operations,Soft Client,Webex Calling Professional,Provisioned,In Progress
USER00705,SITE012,IT,Mobile,Webex Calling Standard,Pending,Pending
USER00706,SITE017,Operations,Mobile,Webex Calling Professional,Provisioned,Migrated
USER00707,SITE006,Sales,Desk Phone,Webex Calling Professional,Provisioned,In Progress
USER00708,SITE032,Support,Soft Client,Webex Calling Standard,Provisioned,In Progress
USER00709,SITE029,IT,Mobile,Webex Calling Standard,Provisioned,Migrated
USER00710,SITE022,Operations,Desk Phone,Webex Calling Professional,Provisioned,Failed
USER00711,SITE020,Finance,Mobile,Webex Calling Standard,Provisioned,Migrated
USER00712,SITE001,IT,Desk Phone,Webex Calling Professional,Provisioned,Pending
USER00713,SITE022,Operations,Desk Phone,Webex Calling Professional,Provisioned,Migrated
USER00714,SITE005,Sales,Mobile,Webex Calling Standard,Provisioned,Migrated
USER00715,SITE031,Operations,Room Device,Webex Calling Standard,Provisioned,Migrated
USER00716,SITE018,Support,Mobile,Webex Calling Standard,Failed,In Progress
USER00717,SITE011,Sales,Desk Phone,Webex Calling Professional,Provisioned,Pending
USER00718,SITE035,Management,Desk Phone,Webex Calling Professional,Provisioned,Failed
USER00719,SITE016,Support,Desk Phone,Webex Calling Professional,Provisioned,Migrated
USER00720,SITE034,Finance,Desk Phone,Webex Calling Professional,Provisioned,Migrated
USER00721,SITE034,Finance,Desk Phone,Webex Calling Standard,Provisioned,Migrated
USER00722,SITE012,Finance,Mobile,Webex Calling Standard,Provisioned,Migrated
USER00723,SITE017,HR,Room Device,Webex Calling Standard,Provisioned,Migrated
USER00724,SITE026,Finance,Mobile,Webex Calling Standard,Provisioned,Migrated
USER00725,SITE018,Sales,Room Device,Webex Calling Professional,Provisioned,Migrated
USER00726,SITE029,Support,Soft Client,Webex Calling Standard,Provisioned,Failed
USER00727,SITE025,Finance,Soft Client,Webex Calling Professional,Provisioned,Migrated
USER00728,SITE025,HR,Soft Client,Webex Calling Standard,Provisioned,In Progress
USER00729,SITE018,Support,Mobile,Webex Calling Standard,Provisioned,Migrated
USER00730,SITE020,IT,Desk Phone,Webex Calling Standard,Failed,Migrated
USER00731,SITE004,Sales,Desk Phone,Webex Calling Professional,Provisioned,Migrated
USER00732,SITE026,Support,Desk Phone,Webex Calling Professional,Provisioned,Migrated
USER00733,SITE016,Management,Room Device,Webex Calling Standard,Provisioned,Migrated
USER00734,SITE007,Operations,Desk Phone,Webex Calling Standard,Provisioned,Migrated
USER00735,SITE009,IT,Soft Client,Webex Calling Professional,Provisioned,Migrated
USER00736,SITE024,HR,Desk Phone,Webex Calling Standard,Provisioned,Pending
USER00737,SITE007,Sales,Mobile,Webex Calling Standard,Pending,Migrated
USER00738,SITE016,IT,Soft Client,Webex Calling Standard,Provisioned,Migrated
USER00739,SITE019,HR,Desk Phone,Webex Calling Professional,Provisioned,Migrated
USER00740,SITE013,Sales,Room Device,Webex Calling Standard,Pending,Migrated
USER00741,SITE002,Finance,Desk Phone,Webex Calling Standard,Provisioned,Migrated
USER00742,SITE007,Operations,Room Device,Webex Calling Standard,Failed,Migrated
USER00743,SITE032,Sales,Room Device,Webex Calling Standard,Provisioned,Migrated
USER00744,SITE032,HR,Desk Phone,Webex Calling Professional,Pending,Migrated
USER00745,SITE020,Sales,Desk Phone,Webex Calling Professional,Provisioned,Pending
USER00746,SITE027,IT,Room Device,Webex Calling Standard,Provisioned,In Progress
USER00747,SITE034,Management,Desk Phone,Webex Calling Standard,Provisioned,Migrated
USER00748,SITE035,Sales,Desk Phone,Webex Calling Professional,Pending,Pending
USER00749,SITE014,IT,Desk Phone,Webex Calling Standard,Provisioned,Pending
USER00750,SITE032,Management,Soft Client,Webex Calling Professional,Provisioned,Migrated
USER00751,SITE013,Finance,Soft Client,Webex Calling Standard,Provisioned,Migrated
USER00752,SITE001,IT,Room Device,Webex Calling Standard,Provisioned,Migrated
USER00753,SITE023,Finance,Soft Client,Webex Calling Standard,Provisioned,Migrated
USER00754,SITE003,Support,Mobile,Webex Calling Standard,Provisioned,Migrated
USER00755,SITE015,Sales,Room Device,Webex Calling Professional,Pending,Migrated
USER00756,SITE010,Support,Desk Phone,Webex Calling Professional,Provisioned,Migrated
USER00757,SITE029,Management,Soft Client,Webex Calling Standard,Pending,Migrated
USER00758,SITE013,IT,Soft Client,Webex Calling Standard,Pending,Migrated
USER00759,SITE013,HR,Mobile,Webex Calling Standard,Provisioned,Migrated
USER00760,SITE010,Support,Mobile,Webex Calling Standard,Pending,Migrated
USER00761,SITE033,Sales,Room Device,Webex Calling Standard,Provisioned,Migrated
USER00762,SITE018,Management,Room Device,Webex Calling Professional,Provisioned,Migrated
USER00763,SITE035,Management,Mobile,Webex Calling Standard,Provisioned,Migrated
USER00764,SITE028,Sales,Mobile,Webex Calling Professional,Pending,Migrated
USER00765,SITE031,IT,Soft Client,Webex Calling Standard,Provisioned,In Progress
USER00766,SITE028,Management,Desk Phone,Webex Calling Professional,Provisioned,In Progress
USER00767,SITE010,Finance,Mobile,Webex Calling Professional,Provisioned,Migrated
USER00768,SITE029,HR,Soft Client,Webex Calling Professional,Provisioned,Migrated
USER00769,SITE022,Management,Room Device,Webex Calling Professional,Provisioned,Migrated
USER00770,SITE031,IT,Mobile,Webex Calling Standard,Provisioned,Migrated
USER00771,SITE030,Finance,Soft Client,Webex Calling Standard,Provisioned,Migrated
USER00772,SITE004,IT,Mobile,Webex Calling Professional,Failed,Migrated
USER00773,SITE013,IT,Desk Phone,Webex Calling Standard,Provisioned,Migrated
USER00774,SITE006,Support,Mobile,Webex Calling Standard,Provisioned,Migrated
USER00775,SITE005,Sales,Room Device,Webex Calling Standard,Provisioned,Migrated
USER00776,SITE027,Sales,Soft Client,Webex Calling Standard,Provisioned,Migrated
USER00777,SITE012,Support,Desk Phone,Webex Calling Professional,Provisioned,Migrated
USER00778,SITE015,Finance,Soft Client,Webex Calling Professional,Provisioned,In Progress
USER00779,SITE003,Sales,Desk Phone,Webex Calling Standard,Provisioned,Migrated
USER00780,SITE031,IT,Soft Client,Webex Calling Standard,Provisioned,Migrated
USER00781,SITE003,Support,Room Device,Webex Calling Standard,Provisioned,Migrated
USER00782,SITE027,Finance,Soft Client,Webex Calling Standard,Provisioned,Failed
USER00783,SITE009,Sales,Soft Client,Webex Calling Standard,Provisioned,Migrated
USER00784,SITE035,IT,Desk Phone,Webex Calling Standard,Failed,Migrated
USER00785,SITE024,Finance,Room Device,Webex Calling Professional,Provisioned,Migrated
USER00786,SITE035,Operations,Room Device,Webex Calling Standard,Pending,Failed
USER00787,SITE024,Sales,Desk Phone,Webex Calling Professional,Provisioned,Migrated
USER00788,SITE030,Finance,Room Device,Webex Calling Standard,Failed,Migrated
USER00789,SITE026,IT,Desk Phone,Webex Calling Professional,Provisioned,Migrated
USER00790,SITE026,Finance,Desk Phone,Webex Calling Standard,Provisioned,Migrated
USER00791,SITE018,Finance,Room Device,Webex Calling Professional,Pending,Migrated
USER00792,SITE020,Management,Soft Client,Webex Calling Standard,Provisioned,Migrated
USER00793,SITE009,HR,Desk Phone,Webex Calling Standard,Failed,Migrated
USER00794,SITE028,Sales,Mobile,Webex Calling Professional,Provisioned,Migrated
USER00795,SITE023,IT,Mobile,Webex Calling Standard,Provisioned,Migrated
USER00796,SITE034,Operations,Mobile,Webex Calling Standard,Provisioned,Migrated
USER00797,SITE034,IT,Desk Phone,Webex Calling Standard,Provisioned,Migrated
USER00798,SITE021,Management,Room Device,Webex Calling Professional,Provisioned,Failed
USER00799,SITE008,Management,Mobile,Webex Calling Professional,Provisioned,Migrated
USER00800,SITE004,Operations,Desk Phone,Webex Calling Standard,Provisioned,Migrated
USER00801,SITE032,Support,Room Device,Webex Calling Professional,Provisioned,Migrated
USER00802,SITE007,Sales,Soft Client,Webex Calling Professional,Provisioned,Migrated
USER00803,SITE019,Sales,Desk Phone,Webex Calling Professional,Provisioned,In Progress
USER00804,SITE012,Management,Desk Phone,Webex Calling Standard,Provisioned,In Progress
USER00805,SITE007,IT,Desk Phone,Webex Calling Standard,Provisioned,Migrated
USER00806,SITE034,Sales,Soft Client,Webex Calling Standard,Provisioned,Migrated
USER00807,SITE033,Sales,Desk Phone,Webex Calling Professional,Pending,Pending
USER00808,SITE030,Management,Room Device,Webex Calling Professional,Provisioned,Migrated
USER00809,SITE035,HR,Soft Client,Webex Calling Professional,Provisioned,Migrated
USER00810,SITE006,Operations,Room Device,Webex Calling Professional,Provisioned,Migrated
USER00811,SITE025,HR,Desk Phone,Webex Calling Professional,Provisioned,Migrated
USER00812,SITE006,Operations,Mobile,Webex Calling Professional,Failed,Migrated
USER00813,SITE032,Support,Mobile,Webex Calling Professional,Provisioned,Migrated
USER00814,SITE002,Management,Desk Phone,Webex Calling Professional,Provisioned,Migrated
USER00815,SITE035,Finance,Soft Client,Webex Calling Professional,Provisioned,Migrated
USER00816,SITE016,Finance,Mobile,Webex Calling Standard,Provisioned,Migrated
USER00817,SITE034,HR,Room Device,Webex Calling Professional,Provisioned,Migrated
USER00818,SITE013,Sales,Room Device,Webex Calling Standard,Provisioned,Pending
USER00819,SITE022,Operations,Mobile,Webex Calling Standard,Pending,Pending
USER00820,SITE004,Sales,Desk Phone,Webex Calling Standard,Provisioned,Migrated
USER00821,SITE028,IT,Mobile,Webex Calling Standard,Pending,Pending
USER00822,SITE009,IT,Room Device,Webex Calling Professional,Provisioned,Pending
USER00823,SITE011,IT,Desk Phone,Webex Calling Standard,Provisioned,Migrated
USER00824,SITE035,Operations,Mobile,Webex Calling Standard,Provisioned,Migrated
USER00825,SITE015,Management,Soft Client,Webex Calling Professional,Provisioned,Migrated
USER00826,SITE004,Sales,Soft Client,Webex Calling Standard,Provisioned,Migrated
USER00827,SITE015,Operations,Mobile,Webex Calling Standard,Provisioned,Migrated
USER00828,SITE016,Sales,Room Device,Webex Calling Standard,Pending,Migrated
USER00829,SITE014,Support,Desk Phone,Webex Calling Professional,Provisioned,Failed
USER00830,SITE017,Operations,Soft Client,Webex Calling Professional,Provisioned,In Progress
USER00831,SITE030,Finance,Mobile,Webex Calling Standard,Provisioned,Migrated
USER00832,SITE026,Support,Room Device,Webex Calling Professional,Provisioned,Migrated
USER00833,SITE005,Operations,Desk Phone,Webex Calling Standard,Provisioned,Migrated
USER00834,SITE035,Support,Desk Phone,Webex Calling Professional,Failed,Migrated
USER00835,SITE021,Management,Mobile,Webex Calling Professional,Provisioned,Migrated
USER00836,SITE007,Sales,Mobile,Webex Calling Standard,Provisioned,Migrated
USER00837,SITE015,Management,Desk Phone,Webex Calling Professional,Provisioned,Migrated
USER00838,SITE003,Support,Soft Client,Webex Calling Professional,Provisioned,Migrated
USER00839,SITE022,IT,Room Device,Webex Calling Professional,Pending,Migrated
USER00840,SITE015,Support,Desk Phone,Webex Calling Standard,Failed,Failed
USER00841,SITE019,Finance,Mobile,Webex Calling Standard,Provisioned,Migrated
USER00842,SITE026,Finance,Soft Client,Webex Calling Standard,Provisioned,Migrated
USER00843,SITE016,HR,Soft Client,Webex Calling Standard,Pending,Migrated
USER00844,SITE011,Operations,Room Device,Webex Calling Standard,Provisioned,Migrated
USER00845,SITE004,Operations,Room Device,Webex Calling Standard,Provisioned,Migrated
USER00846,SITE023,HR,Soft Client,Webex Calling Professional,Provisioned,Migrated
USER00847,SITE024,IT,Soft Client,Webex Calling Standard,Provisioned,Migrated
USER00848,SITE009,HR,Soft Client,Webex Calling Professional,Provisioned,Migrated
USER00849,SITE027,Operations,Mobile,Webex Calling Standard,Provisioned,Pending
USER00850,SITE027,IT,Mobile,Webex Calling Standard,Provisioned,Migrated
USER00851,SITE012,Operations,Soft Client,Webex Calling Standard,Provisioned,Migrated
USER00852,SITE002,Operations,Mobile,Webex Calling Standard,Provisioned,Migrated
USER00853,SITE006,Sales,Desk Phone,Webex Calling Professional,Provisioned,Migrated
USER00854,SITE026,Support,Soft Client,Webex Calling Standard,Provisioned,Migrated
USER00855,SITE008,Operations,Soft Client,Webex Calling Professional,Pending,Migrated
USER00856,SITE009,IT,Soft Client,Webex Calling Professional,Provisioned,Migrated
USER00857,SITE010,Operations,Room Device,Webex Calling Professional,Provisioned,Migrated
USER00858,SITE019,Finance,Room Device,Webex Calling Professional,Provisioned,Pending
USER00859,SITE015,Sales,Room Device,Webex Calling Professional,Pending,Migrated
USER00860,SITE019,Support,Mobile,Webex Calling Standard,Provisioned,Migrated
USER00861,SITE013,Sales,Mobile,Webex Calling Standard,Provisioned,Migrated
USER00862,SITE010,Management,Soft Client,Webex Calling Professional,Provisioned,Migrated
USER00863,SITE029,Management,Room Device,Webex Calling Professional,Provisioned,Migrated
USER00864,SITE035,Finance,Desk Phone,Webex Calling Professional,Provisioned,Migrated
USER00865,SITE022,Finance,Room Device,Webex Calling Professional,Provisioned,Migrated
USER00866,SITE016,Operations,Desk Phone,Webex Calling Standard,Provisioned,Failed
USER00867,SITE025,HR,Mobile,Webex Calling Standard,Provisioned,Migrated
USER00868,SITE020,Sales,Room Device,Webex Calling Standard,Provisioned,Migrated
USER00869,SITE002,Finance,Desk Phone,Webex Calling Standard,Provisioned,Pending
USER00870,SITE028,IT,Mobile,Webex Calling Standard,Provisioned,Migrated
USER00871,SITE031,Operations,Desk Phone,Webex Calling Professional,Pending,Migrated
USER00872,SITE010,Sales,Room Device,Webex Calling Professional,Provisioned,Migrated
USER00873,SITE028,Operations,Soft Client,Webex Calling Standard,Provisioned,Migrated
USER00874,SITE001,Management,Room Device,Webex Calling Professional,Provisioned,Migrated
USER00875,SITE015,Operations,Room Device,Webex Calling Standard,Provisioned,Migrated
USER00876,SITE034,Finance,Desk Phone,Webex Calling Standard,Provisioned,Migrated
USER00877,SITE008,Operations,Mobile,Webex Calling Professional,Provisioned,Migrated
USER00878,SITE034,IT,Room Device,Webex Calling Standard,Provisioned,Migrated
USER00879,SITE027,Operations,Mobile,Webex Calling Standard,Pending,Migrated
USER00880,SITE015,Sales,Desk Phone,Webex Calling Professional,Provisioned,Migrated
USER00881,SITE022,Operations,Soft Client,Webex Calling Professional,Provisioned,Migrated
USER00882,SITE016,IT,Mobile,Webex Calling Standard,Provisioned,Failed
USER00883,SITE034,Sales,Room Device,Webex Calling Standard,Failed,Migrated
USER00884,SITE034,Operations,Desk Phone,Webex Calling Standard,Provisioned,Migrated
USER00885,SITE024,Operations,Room Device,Webex Calling Professional,Provisioned,Migrated
USER00886,SITE031,IT,Room Device,Webex Calling Standard,Provisioned,Migrated
USER00887,SITE006,Support,Soft Client,Webex Calling Standard,Provisioned,Migrated
USER00888,SITE030,IT,Soft Client,Webex Calling Professional,Provisioned,Pending
USER00889,SITE006,Management,Desk Phone,Webex Calling Professional,Provisioned,Failed
USER00890,SITE025,IT,Room Device,Webex Calling Professional,Provisioned,Pending
USER00891,SITE005,Finance,Room Device,Webex Calling Professional,Pending,In Progress
USER00892,SITE008,Operations,Soft Client,Webex Calling Professional,Provisioned,Migrated
USER00893,SITE007,Sales,Room Device,Webex Calling Professional,Provisioned,Migrated
USER00894,SITE035,Sales,Soft Client,Webex Calling Standard,Provisioned,Failed
USER00895,SITE002,Operations,Desk Phone,Webex Calling Standard,Provisioned,Migrated
USER00896,SITE012,Operations,Soft Client,Webex Calling Standard,Provisioned,Migrated
USER00897,SITE005,Support,Soft Client,Webex Calling Standard,Provisioned,Migrated
USER00898,SITE017,Management,Desk Phone,Webex Calling Professional,Provisioned,Migrated
USER00899,SITE017,Management,Room Device,Webex Calling Professional,Provisioned,Pending
USER00900,SITE024,IT,Soft Client,Webex Calling Professional,Provisioned,Migrated
USER00901,SITE022,HR,Soft Client,Webex Calling Professional,Provisioned,In Progress
USER00902,SITE032,Operations,Room Device,Webex Calling Standard,Provisioned,Migrated
USER00903,SITE031,Operations,Desk Phone,Webex Calling Standard,Provisioned,Migrated
USER00904,SITE003,IT,Mobile,Webex Calling Professional,Failed,In Progress
USER00905,SITE008,Support,Desk Phone,Webex Calling Standard,Provisioned,Pending
USER00906,SITE004,Support,Mobile,Webex Calling Standard,Provisioned,Migrated
USER00907,SITE020,IT,Desk Phone,Webex Calling Standard,Provisioned,Migrated
USER00908,SITE021,HR,Desk Phone,Webex Calling Standard,Failed,Migrated
USER00909,SITE022,Support,Mobile,Webex Calling Standard,Provisioned,Migrated
USER00910,SITE025,Finance,Soft Client,Webex Calling Standard,Provisioned,Migrated
USER00911,SITE027,IT,Mobile,Webex Calling Professional,Provisioned,Migrated
USER00912,SITE023,Operations,Room Device,Webex Calling Professional,Provisioned,Migrated
USER00913,SITE008,HR,Soft Client,Webex Calling Professional,Provisioned,Migrated
USER00914,SITE022,Sales,Room Device,Webex Calling Standard,Provisioned,Migrated
USER00915,SITE025,IT,Room Device,Webex Calling Professional,Provisioned,Migrated
USER00916,SITE008,Operations,Soft Client,Webex Calling Professional,Failed,Migrated
USER00917,SITE011,Sales,Soft Client,Webex Calling Professional,Provisioned,In Progress
USER00918,SITE010,HR,Soft Client,Webex Calling Professional,Provisioned,Pending
USER00919,SITE019,Sales,Room Device,Webex Calling Standard,Failed,Migrated
USER00920,SITE014,Support,Mobile,Webex Calling Professional,Pending,Pending
USER00921,SITE019,Support,Soft Client,Webex Calling Professional,Provisioned,Failed
USER00922,SITE007,Sales,Room Device,Webex Calling Professional,Provisioned,Pending
USER00923,SITE016,Finance,Room Device,Webex Calling Professional,Provisioned,Migrated
USER00924,SITE013,Support,Mobile,Webex Calling Standard,Provisioned,Migrated
USER00925,SITE013,Operations,Mobile,Webex Calling Standard,Provisioned,Failed
USER00926,SITE012,Sales,Mobile,Webex Calling Professional,Provisioned,Migrated
USER00927,SITE002,Sales,Mobile,Webex Calling Professional,Provisioned,Migrated
USER00928,SITE031,Management,Room Device,Webex Calling Standard,Provisioned,Migrated
USER00929,SITE033,Sales,Room Device,Webex Calling Standard,Provisioned,Migrated
USER00930,SITE013,Operations,Soft Client,Webex Calling Professional,Provisioned,Migrated
USER00931,SITE032,Support,Mobile,Webex Calling Standard,Provisioned,Migrated
USER00932,SITE006,Operations,Desk Phone,Webex Calling Professional,Provisioned,Migrated
USER00933,SITE020,HR,Soft Client,Webex Calling Standard,Provisioned,Migrated
USER00934,SITE016,Finance,Desk Phone,Webex Calling Professional,Provisioned,Migrated
USER00935,SITE028,Management,Desk Phone,Webex Calling Professional,Pending,Migrated
USER00936,SITE018,Finance,Room Device,Webex Calling Professional,Provisioned,Migrated
USER00937,SITE017,Finance,Soft Client,Webex Calling Professional,Failed,Migrated
USER00938,SITE031,HR,Desk Phone,Webex Calling Professional,Provisioned,Migrated
USER00939,SITE021,Support,Room Device,Webex Calling Standard,Provisioned,Migrated
USER00940,SITE021,Finance,Soft Client,Webex Calling Standard,Provisioned,Migrated
USER00941,SITE012,Management,Desk Phone,Webex Calling Standard,Pending,Migrated
USER00942,SITE026,Operations,Room Device,Webex Calling Professional,Provisioned,Pending
USER00943,SITE012,Support,Soft Client,Webex Calling Standard,Provisioned,Migrated
USER00944,SITE026,IT,Soft Client,Webex Calling Professional,Provisioned,Migrated
USER00945,SITE010,Management,Mobile,Webex Calling Professional,Provisioned,Migrated
USER00946,SITE007,Operations,Room Device,Webex Calling Standard,Provisioned,Migrated
USER00947,SITE025,IT,Room Device,Webex Calling Professional,Provisioned,In Progress
USER00948,SITE033,Finance,Room Device,Webex Calling Standard,Provisioned,In Progress
USER00949,SITE034,Operations,Desk Phone,Webex Calling Standard,Provisioned,In Progress
USER00950,SITE002,Sales,Soft Client,Webex Calling Standard,Provisioned,Migrated
USER00951,SITE025,Sales,Desk Phone,Webex Calling Professional,Provisioned,Migrated
USER00952,SITE007,Support,Soft Client,Webex Calling Standard,Provisioned,Migrated
USER00953,SITE025,Operations,Room Device,Webex Calling Standard,Provisioned,Migrated
USER00954,SITE034,IT,Room Device,Webex Calling Standard,Provisioned,Migrated
USER00955,SITE031,Support,Room Device,Webex Calling Standard,Provisioned,Migrated
USER00956,SITE006,HR,Mobile,Webex Calling Professional,Provisioned,Failed
USER00957,SITE018,Operations,Mobile,Webex Calling Standard,Provisioned,Migrated
USER00958,SITE034,HR,Soft Client,Webex Calling Professional,Pending,Migrated
USER00959,SITE027,Management,Soft Client,Webex Calling Professional,Provisioned,Migrated
USER00960,SITE029,Management,Room Device,Webex Calling Professional,Provisioned,Migrated
USER00961,SITE031,Sales,Room Device,Webex Calling Standard,Provisioned,Migrated
USER00962,SITE031,Support,Room Device,Webex Calling Professional,Provisioned,Migrated
USER00963,SITE009,IT,Soft Client,Webex Calling Professional,Provisioned,Migrated
USER00964,SITE017,Operations,Desk Phone,Webex Calling Standard,Failed,Migrated
USER00965,SITE003,HR,Mobile,Webex Calling Professional,Provisioned,Migrated
USER00966,SITE012,Management,Mobile,Webex Calling Standard,Provisioned,Migrated
USER00967,SITE024,HR,Soft Client,Webex Calling Professional,Provisioned,Migrated
USER00968,SITE012,Sales,Room Device,Webex Calling Standard,Provisioned,Migrated
USER00969,SITE012,Support,Mobile,Webex Calling Professional,Provisioned,In Progress
USER00970,SITE034,HR,Room Device,Webex Calling Professional,Provisioned,Migrated
USER00971,SITE025,HR,Soft Client,Webex Calling Professional,Provisioned,Pending
USER00972,SITE001,Operations,Soft Client,Webex Calling Standard,Provisioned,Migrated
USER00973,SITE016,Management,Room Device,Webex Calling Professional,Provisioned,Failed
USER00974,SITE035,Finance,Soft Client,Webex Calling Standard,Provisioned,Pending
USER00975,SITE015,Management,Soft Client,Webex Calling Professional,Provisioned,Migrated
USER00976,SITE022,Support,Soft Client,Webex Calling Professional,Provisioned,Migrated
USER00977,SITE018,HR,Soft Client,Webex Calling Standard,Provisioned,Pending
USER00978,SITE009,Finance,Mobile,Webex Calling Standard,Provisioned,In Progress
USER00979,SITE014,Operations,Mobile,Webex Calling Professional,Provisioned,Migrated
USER00980,SITE027,IT,Room Device,Webex Calling Standard,Pending,Migrated
USER00981,SITE035,IT,Desk Phone,Webex Calling Professional,Provisioned,Migrated
USER00982,SITE005,HR,Desk Phone,Webex Calling Standard,Provisioned,Pending
USER00983,SITE017,Operations,Soft Client,Webex Calling Professional,Provisioned,Migrated
USER00984,SITE006,Operations,Mobile,Webex Calling Standard,Provisioned,Migrated
USER00985,SITE008,Management,Room Device,Webex Calling Professional,Pending,Migrated
USER00986,SITE005,Sales,Desk Phone,Webex Calling Professional,Provisioned,Pending
USER00987,SITE004,Support,Soft Client,Webex Calling Standard,Provisioned,In Progress
USER00988,SITE023,Finance,Mobile,Webex Calling Professional,Pending,Migrated
USER00989,SITE025,Finance,Mobile,Webex Calling Standard,Provisioned,Migrated
USER00990,SITE007,IT,Room Device,Webex Calling Standard,Provisioned,In Progress
USER00991,SITE013,Management,Mobile,Webex Calling Professional,Provisioned,Migrated
USER00992,SITE010,Finance,Desk Phone,Webex Calling Standard,Pending,Pending
USER00993,SITE030,Sales,Desk Phone,Webex Calling Standard,Provisioned,Pending
USER00994,SITE008,Finance,Desk Phone,Webex Calling Professional,Pending,Migrated
USER00995,SITE026,Finance,Soft Client,Webex Calling Standard,Provisioned,Migrated
USER00996,SITE011,IT,Room Device,Webex Calling Standard,Provisioned,Migrated
USER00997,SITE034,HR,Room Device,Webex Calling Standard,Pending,Migrated
USER00998,SITE008,Sales,Room Device,Webex Calling Standard,Provisioned,Migrated
USER00999,SITE003,Operations,Desk Phone,Webex Calling Professional,Provisioned,Failed
USER01000,SITE002,Finance,Room Device,Webex Calling Professional,Provisioned,Migrated
USER01001,SITE014,HR,Soft Client,Webex Calling Standard,Provisioned,Migrated
USER01002,SITE007,HR,Desk Phone,Webex Calling Standard,Provisioned,Migrated
USER01003,SITE017,Operations,Soft Client,Webex Calling Professional,Provisioned,In Progress
USER01004,SITE018,Finance,Mobile,Webex Calling Professional,Provisioned,In Progress
USER01005,SITE002,Operations,Mobile,Webex Calling Professional,Provisioned,Failed
USER01006,SITE001,Sales,Desk Phone,Webex Calling Professional,Provisioned,Migrated
USER01007,SITE033,IT,Desk Phone,Webex Calling Standard,Provisioned,Migrated
USER01008,SITE005,Support,Soft Client,Webex Calling Professional,Pending,Pending
USER01009,SITE022,IT,Soft Client,Webex Calling Professional,Provisioned,Migrated
USER01010,SITE010,Management,Mobile,Webex Calling Professional,Provisioned,Migrated
USER01011,SITE034,Finance,Soft Client,Webex Calling Professional,Provisioned,Failed
USER01012,SITE004,Finance,Desk Phone,Webex Calling Professional,Provisioned,Migrated
USER01013,SITE033,Finance,Mobile,Webex Calling Standard,Provisioned,Migrated
USER01014,SITE030,Management,Soft Client,Webex Calling Professional,Provisioned,Migrated
USER01015,SITE014,HR,Room Device,Webex Calling Standard,Provisioned,Migrated
USER01016,SITE025,Support,Soft Client,Webex Calling Standard,Provisioned,Migrated
USER01017,SITE018,IT,Room Device,Webex Calling Standard,Provisioned,Migrated
USER01018,SITE020,Finance,Room Device,Webex Calling Professional,Provisioned,Pending
USER01019,SITE009,HR,Desk Phone,Webex Calling Professional,Provisioned,Migrated
USER01020,SITE015,Sales,Mobile,Webex Calling Professional,Provisioned,Pending
USER01021,SITE011,Support,Desk Phone,Webex Calling Professional,Provisioned,Migrated
USER01022,SITE023,IT,Soft Client,Webex Calling Professional,Provisioned,Migrated
USER01023,SITE016,Operations,Desk Phone,Webex Calling Standard,Provisioned,Pending
USER01024,SITE005,Support,Desk Phone,Webex Calling Standard,Provisioned,In Progress
USER01025,SITE009,HR,Mobile,Webex Calling Standard,Provisioned,Migrated
USER01026,SITE015,Sales,Mobile,Webex Calling Standard,Provisioned,Migrated
USER01027,SITE010,Operations,Mobile,Webex Calling Professional,Provisioned,Migrated
USER01028,SITE018,HR,Soft Client,Webex Calling Standard,Provisioned,Migrated
USER01029,SITE013,HR,Mobile,Webex Calling Standard,Provisioned,Pending
USER01030,SITE002,Management,Mobile,Webex Calling Professional,Provisioned,Migrated
USER01031,SITE001,Support,Desk Phone,Webex Calling Professional,Provisioned,Failed
USER01032,SITE022,Operations,Soft Client,Webex Calling Professional,Provisioned,Migrated
USER01033,SITE005,Sales,Soft Client,Webex Calling Standard,Provisioned,Migrated
USER01034,SITE009,Operations,Room Device,Webex Calling Standard,Provisioned,In Progress
USER01035,SITE027,Finance,Soft Client,Webex Calling Professional,Provisioned,Migrated
USER01036,SITE033,IT,Soft Client,Webex Calling Standard,Provisioned,Migrated
USER01037,SITE004,Sales,Soft Client,Webex Calling Professional,Provisioned,Migrated
USER01038,SITE027,Sales,Room Device,Webex Calling Professional,Provisioned,Migrated
USER01039,SITE032,Sales,Room Device,Webex Calling Standard,Provisioned,Migrated
USER01040,SITE007,Sales,Desk Phone,Webex Calling Professional,Provisioned,Migrated
USER01041,SITE027,Finance,Desk Phone,Webex Calling Standard,Provisioned,Pending
USER01042,SITE011,Management,Desk Phone,Webex Calling Standard,Provisioned,Migrated
USER01043,SITE012,Support,Desk Phone,Webex Calling Professional,Provisioned,Migrated
USER01044,SITE017,HR,Soft Client,Webex Calling Professional,Provisioned,Migrated
USER01045,SITE022,Management,Mobile,Webex Calling Professional,Provisioned,Pending
USER01046,SITE005,Sales,Soft Client,Webex Calling Standard,Pending,Migrated
USER01047,SITE020,HR,Soft Client,Webex Calling Professional,Provisioned,Migrated
USER01048,SITE016,Support,Room Device,Webex Calling Professional,Provisioned,Migrated
USER01049,SITE015,Sales,Mobile,Webex Calling Professional,Pending,Migrated
USER01050,SITE033,Operations,Desk Phone,Webex Calling Standard,Provisioned,In Progress
USER01051,SITE024,IT,Soft Client,Webex Calling Standard,Provisioned,Migrated
USER01052,SITE035,Operations,Room Device,Webex Calling Professional,Provisioned,Migrated
USER01053,SITE018,Sales,Mobile,Webex Calling Standard,Provisioned,Migrated
USER01054,SITE023,Sales,Soft Client,Webex Calling Professional,Provisioned,Migrated
USER01055,SITE034,Operations,Mobile,Webex Calling Professional,Provisioned,In Progress
USER01056,SITE031,Sales,Soft Client,Webex Calling Professional,Provisioned,Migrated
USER01057,SITE006,Finance,Desk Phone,Webex Calling Professional,Provisioned,Migrated
USER01058,SITE024,HR,Desk Phone,Webex Calling Standard,Provisioned,Migrated
USER01059,SITE033,Support,Room Device,Webex Calling Standard,Provisioned,Migrated
USER01060,SITE011,HR,Mobile,Webex Calling Professional,Provisioned,Migrated
USER01061,SITE031,Finance,Desk Phone,Webex Calling Standard,Provisioned,Pending
USER01062,SITE017,Support,Room Device,Webex Calling Standard,Provisioned,Migrated
USER01063,SITE029,IT,Desk Phone,Webex Calling Professional,Provisioned,Migrated
USER01064,SITE020,IT,Mobile,Webex Calling Professional,Provisioned,Migrated
USER01065,SITE019,Management,Desk Phone,Webex Calling Professional,Provisioned,Migrated
USER01066,SITE022,IT,Soft Client,Webex Calling Standard,Provisioned,Migrated
USER01067,SITE021,Support,Room Device,Webex Calling Professional,Provisioned,In Progress
USER01068,SITE005,Support,Mobile,Webex Calling Professional,Provisioned,Migrated
USER01069,SITE015,Operations,Mobile,Webex Calling Standard,Provisioned,Migrated
USER01070,SITE007,HR,Soft Client,Webex Calling Professional,Provisioned,Migrated
USER01071,SITE011,Management,Soft Client,Webex Calling Professional,Provisioned,Migrated
USER01072,SITE004,HR,Room Device,Webex Calling Standard,Provisioned,Migrated
USER01073,SITE009,Sales,Mobile,Webex Calling Standard,Failed,Migrated
USER01074,SITE021,Sales,Mobile,Webex Calling Standard,Provisioned,Migrated
USER01075,SITE001,IT,Room Device,Webex Calling Professional,Provisioned,Migrated
USER01076,SITE002,IT,Desk Phone,Webex Calling Standard,Provisioned,In Progress
USER01077,SITE031,Operations,Mobile,Webex Calling Professional,Provisioned,Migrated
USER01078,SITE004,Management,Room Device,Webex Calling Professional,Provisioned,Migrated
USER01079,SITE029,HR,Mobile,Webex Calling Professional,Pending,Migrated
USER01080,SITE011,Finance,Desk Phone,Webex Calling Standard,Provisioned,Pending
USER01081,SITE034,IT,Mobile,Webex Calling Professional,Pending,Migrated
USER01082,SITE032,Management,Soft Client,Webex Calling Standard,Provisioned,Migrated
USER01083,SITE023,Operations,Room Device,Webex Calling Professional,Provisioned,Migrated
USER01084,SITE004,Sales,Room Device,Webex Calling Professional,Provisioned,Pending
USER01085,SITE021,Finance,Soft Client,Webex Calling Standard,Provisioned,Migrated
USER01086,SITE018,Finance,Room Device,Webex Calling Professional,Pending,Pending
USER01087,SITE004,Management,Mobile,Webex Calling Standard,Provisioned,Migrated
USER01088,SITE006,IT,Desk Phone,Webex Calling Professional,Provisioned,In Progress
USER01089,SITE011,HR,Desk Phone,Webex Calling Standard,Pending,Migrated
USER01090,SITE011,Sales,Room Device,Webex Calling Standard,Provisioned,Migrated
USER01091,SITE018,IT,Soft Client,Webex Calling Professional,Provisioned,Migrated
USER01092,SITE023,IT,Desk Phone,Webex Calling Professional,Provisioned,Migrated
USER01093,SITE007,Sales,Desk Phone,Webex Calling Professional,Provisioned,In Progress
USER01094,SITE021,Operations,Desk Phone,Webex Calling Standard,Provisioned,Pending
USER01095,SITE006,Management,Soft Client,Webex Calling Standard,Pending,Pending
USER01096,SITE021,Support,Desk Phone,Webex Calling Standard,Provisioned,Migrated
USER01097,SITE012,Sales,Soft Client,Webex Calling Standard,Provisioned,Pending
USER01098,SITE026,IT,Mobile,Webex Calling Professional,Provisioned,Pending
USER01099,SITE024,IT,Soft Client,Webex Calling Professional,Provisioned,Pending
USER01100,SITE011,Sales,Mobile,Webex Calling Standard,Provisioned,Migrated
USER01101,SITE003,Support,Soft Client,Webex Calling Standard,Provisioned,Migrated
USER01102,SITE022,Operations,Soft Client,Webex Calling Professional,Provisioned,Migrated
USER01103,SITE011,Finance,Room Device,Webex Calling Standard,Provisioned,Migrated
USER01104,SITE014,Finance,Mobile,Webex Calling Professional,Provisioned,Migrated
USER01105,SITE035,Sales,Desk Phone,Webex Calling Professional,Provisioned,Migrated
USER01106,SITE014,Support,Mobile,Webex Calling Professional,Provisioned,Migrated
USER01107,SITE013,IT,Mobile,Webex Calling Standard,Provisioned,Migrated
USER01108,SITE009,Operations,Desk Phone,Webex Calling Professional,Pending,In Progress
USER01109,SITE025,Support,Room Device,Webex Calling Professional,Pending,Migrated
USER01110,SITE013,Management,Mobile,Webex Calling Standard,Provisioned,Pending
USER01111,SITE024,HR,Room Device,Webex Calling Standard,Provisioned,Migrated
USER01112,SITE010,IT,Soft Client,Webex Calling Professional,Provisioned,Migrated
USER01113,SITE005,Sales,Soft Client,Webex Calling Standard,Pending,In Progress
USER01114,SITE019,Support,Desk Phone,Webex Calling Standard,Provisioned,Migrated
USER01115,SITE025,HR,Desk Phone,Webex Calling Professional,Provisioned,Pending
USER01116,SITE011,Operations,Room Device,Webex Calling Professional,Provisioned,In Progress
USER01117,SITE005,Operations,Soft Client,Webex Calling Professional,Failed,In Progress
USER01118,SITE031,Finance,Soft Client,Webex Calling Standard,Pending,In Progress
USER01119,SITE005,Management,Room Device,Webex Calling Standard,Provisioned,Migrated
USER01120,SITE013,Support,Room Device,Webex Calling Standard,Provisioned,Migrated
USER01121,SITE010,Sales,Desk Phone,Webex Calling Standard,Provisioned,Migrated
USER01122,SITE033,IT,Soft Client,Webex Calling Standard,Provisioned,Migrated
USER01123,SITE018,Support,Desk Phone,Webex Calling Professional,Provisioned,Migrated
USER01124,SITE031,HR,Mobile,Webex Calling Standard,Provisioned,Migrated
USER01125,SITE018,Management,Room Device,Webex Calling Professional,Provisioned,Migrated
USER01126,SITE010,Support,Mobile,Webex Calling Professional,Provisioned,Failed
USER01127,SITE023,Operations,Desk Phone,Webex Calling Standard,Provisioned,Migrated
USER01128,SITE004,Sales,Room Device,Webex Calling Standard,Provisioned,Migrated
USER01129,SITE005,IT,Mobile,Webex Calling Standard,Provisioned,Migrated
USER01130,SITE035,Management,Mobile,Webex Calling Professional,Provisioned,Pending
USER01131,SITE006,Management,Room Device,Webex Calling Standard,Provisioned,Failed
USER01132,SITE013,Support,Room Device,Webex Calling Professional,Provisioned,Pending
USER01133,SITE033,IT,Desk Phone,Webex Calling Standard,Provisioned,Migrated
USER01134,SITE022,Sales,Mobile,Webex Calling Professional,Provisioned,Migrated
USER01135,SITE015,HR,Mobile,Webex Calling Standard,Pending,In Progress
USER01136,SITE020,IT,Mobile,Webex Calling Standard,Provisioned,Migrated
USER01137,SITE017,Sales,Desk Phone,Webex Calling Standard,Provisioned,Migrated
USER01138,SITE019,IT,Desk Phone,Webex Calling Standard,Provisioned,Failed
USER01139,SITE001,Support,Soft Client,Webex Calling Professional,Provisioned,In Progress
USER01140,SITE013,IT,Room Device,Webex Calling Standard,Provisioned,Migrated
USER01141,SITE021,IT,Room Device,Webex Calling Standard,Provisioned,In Progress
USER01142,SITE019,IT,Soft Client,Webex Calling Standard,Provisioned,Failed
USER01143,SITE035,Management,Room Device,Webex Calling Standard,Provisioned,Migrated
USER01144,SITE030,Management,Soft Client,Webex Calling Professional,Provisioned,Migrated
USER01145,SITE001,IT,Room Device,Webex Calling Standard,Provisioned,Pending
USER01146,SITE027,Management,Room Device,Webex Calling Professional,Provisioned,Migrated
USER01147,SITE019,Management,Soft Client,Webex Calling Standard,Provisioned,Pending
USER01148,SITE015,HR,Desk Phone,Webex Calling Standard,Provisioned,Pending
USER01149,SITE009,Support,Desk Phone,Webex Calling Standard,Provisioned,Migrated
USER01150,SITE001,HR,Mobile,Webex Calling Professional,Provisioned,Migrated
USER01151,SITE032,Sales,Mobile,Webex Calling Professional,Provisioned,Migrated
USER01152,SITE013,Support,Desk Phone,Webex Calling Professional,Provisioned,Migrated
USER01153,SITE002,Management,Room Device,Webex Calling Standard,Provisioned,Migrated
USER01154,SITE003,Finance,Desk Phone,Webex Calling Standard,Provisioned,Migrated
USER01155,SITE025,HR,Soft Client,Webex Calling Standard,Pending,Migrated
USER01156,SITE030,Operations,Mobile,Webex Calling Standard,Provisioned,Migrated
USER01157,SITE025,Operations,Mobile,Webex Calling Professional,Provisioned,Migrated
USER01158,SITE003,Finance,Mobile,Webex Calling Professional,Provisioned,Migrated
USER01159,SITE014,Management,Mobile,Webex Calling Standard,Provisioned,Migrated
USER01160,SITE025,Sales,Mobile,Webex Calling Standard,Provisioned,Pending
USER01161,SITE013,Sales,Room Device,Webex Calling Professional,Provisioned,Migrated
USER01162,SITE026,Operations,Desk Phone,Webex Calling Professional,Provisioned,Migrated
USER01163,SITE033,HR,Desk Phone,Webex Calling Professional,Provisioned,Migrated
USER01164,SITE022,IT,Mobile,Webex Calling Standard,Provisioned,In Progress
USER01165,SITE021,IT,Soft Client,Webex Calling Standard,Provisioned,Migrated
USER01166,SITE002,Operations,Mobile,Webex Calling Standard,Failed,Failed
USER01167,SITE006,IT,Room Device,Webex Calling Standard,Provisioned,Migrated
USER01168,SITE001,Support,Room Device,Webex Calling Professional,Provisioned,Migrated
USER01169,SITE024,Finance,Soft Client,Webex Calling Professional,Provisioned,Migrated
USER01170,SITE015,IT,Soft Client,Webex Calling Professional,Pending,Migrated
USER01171,SITE002,Management,Soft Client,Webex Calling Professional,Failed,Migrated
USER01172,SITE005,Management,Soft Client,Webex Calling Professional,Provisioned,Pending
USER01173,SITE013,Management,Mobile,Webex Calling Professional,Provisioned,Migrated
USER01174,SITE003,Operations,Desk Phone,Webex Calling Standard,Provisioned,Migrated
USER01175,SITE025,HR,Room Device,Webex Calling Professional,Provisioned,Migrated
USER01176,SITE001,Management,Desk Phone,Webex Calling Standard,Pending,Migrated
USER01177,SITE032,Support,Room Device,Webex Calling Standard,Provisioned,In Progress
USER01178,SITE006,IT,Desk Phone,Webex Calling Standard,Provisioned,Migrated
USER01179,SITE013,Finance,Room Device,Webex Calling Standard,Provisioned,Migrated
USER01180,SITE029,Management,Room Device,Webex Calling Standard,Pending,Migrated
USER01181,SITE010,Management,Room Device,Webex Calling Standard,Provisioned,Migrated
USER01182,SITE017,Support,Mobile,Webex Calling Standard,Provisioned,In Progress
USER01183,SITE012,Operations,Desk Phone,Webex Calling Professional,Provisioned,Migrated
USER01184,SITE007,Sales,Mobile,Webex Calling Standard,Provisioned,In Progress
USER01185,SITE014,Support,Soft Client,Webex Calling Professional,Provisioned,Pending
USER01186,SITE034,Operations,Desk Phone,Webex Calling Standard,Provisioned,Migrated
USER01187,SITE024,Support,Mobile,Webex Calling Professional,Provisioned,Migrated
USER01188,SITE022,IT,Room Device,Webex Calling Standard,Provisioned,Migrated
USER01189,SITE010,Management,Mobile,Webex Calling Professional,Provisioned,Migrated
USER01190,SITE008,IT,Room Device,Webex Calling Professional,Provisioned,Migrated
USER01191,SITE006,HR,Soft Client,Webex Calling Professional,Failed,In Progress
USER01192,SITE035,Operations,Desk Phone,Webex Calling Professional,Provisioned,In Progress
USER01193,SITE033,Support,Soft Client,Webex Calling Professional,Provisioned,Migrated
USER01194,SITE027,IT,Desk Phone,Webex Calling Professional,Provisioned,In Progress
USER01195,SITE010,Operations,Mobile,Webex Calling Professional,Provisioned,Failed
USER01196,SITE022,Sales,Desk Phone,Webex Calling Standard,Provisioned,Migrated
USER01197,SITE005,Management,Mobile,Webex Calling Professional,Provisioned,Migrated
USER01198,SITE022,Finance,Mobile,Webex Calling Standard,Provisioned,Failed
USER01199,SITE004,Operations,Mobile,Webex Calling Professional,Provisioned,Migrated
USER01200,SITE023,Operations,Mobile,Webex Calling Professional,Pending,In Progress
USER01201,SITE025,Support,Mobile,Webex Calling Professional,Provisioned,Pending
USER01202,SITE006,Operations,Mobile,Webex Calling Professional,Provisioned,Migrated
USER01203,SITE032,HR,Soft Client,Webex Calling Standard,Provisioned,Pending
USER01204,SITE011,HR,Desk Phone,Webex Calling Professional,Provisioned,Migrated
USER01205,SITE015,Support,Desk Phone,Webex Calling Professional,Provisioned,Pending
USER01206,SITE031,Support,Soft Client,Webex Calling Professional,Provisioned,In Progress
USER01207,SITE029,Management,Desk Phone,Webex Calling Standard,Provisioned,Failed
USER01208,SITE017,HR,Soft Client,Webex Calling Professional,Provisioned,Migrated
USER01209,SITE009,IT,Mobile,Webex Calling Professional,Provisioned,In Progress
USER01210,SITE016,Sales,Room Device,Webex Calling Standard,Failed,Migrated
USER01211,SITE019,Operations,Room Device,Webex Calling Standard,Provisioned,Migrated
USER01212,SITE024,Operations,Mobile,Webex Calling Professional,Provisioned,Migrated
USER01213,SITE021,HR,Room Device,Webex Calling Professional,Failed,Migrated
USER01214,SITE018,Support,Mobile,Webex Calling Professional,Provisioned,Migrated
USER01215,SITE007,Finance,Soft Client,Webex Calling Professional,Provisioned,Failed
USER01216,SITE009,Support,Mobile,Webex Calling Professional,Provisioned,Migrated
USER01217,SITE011,Support,Desk Phone,Webex Calling Standard,Pending,In Progress
USER01218,SITE029,IT,Soft Client,Webex Calling Professional,Provisioned,Migrated
USER01219,SITE006,HR,Soft Client,Webex Calling Standard,Provisioned,Migrated
USER01220,SITE011,Finance,Desk Phone,Webex Calling Standard,Provisioned,Migrated
USER01221,SITE016,HR,Soft Client,Webex Calling Professional,Provisioned,Migrated
USER01222,SITE022,Management,Room Device,Webex Calling Standard,Provisioned,Migrated
USER01223,SITE007,Finance,Desk Phone,Webex Calling Standard,Provisioned,Migrated
USER01224,SITE012,IT,Soft Client,Webex Calling Standard,Provisioned,Migrated
USER01225,SITE032,Support,Room Device,Webex Calling Standard,Provisioned,Pending
USER01226,SITE023,Support,Room Device,Webex Calling Professional,Provisioned,In Progress
USER01227,SITE005,Finance,Room Device,Webex Calling Professional,Provisioned,Migrated
USER01228,SITE021,Finance,Soft Client,Webex Calling Standard,Provisioned,Migrated
USER01229,SITE015,Operations,Mobile,Webex Calling Standard,Provisioned,Migrated
USER01230,SITE013,Finance,Soft Client,Webex Calling Professional,Provisioned,Migrated
USER01231,SITE031,Operations,Mobile,Webex Calling Professional,Pending,Migrated
USER01232,SITE010,HR,Mobile,Webex Calling Standard,Provisioned,Migrated
USER01233,SITE005,Operations,Soft Client,Webex Calling Standard,Provisioned,Migrated
USER01234,SITE022,Management,Mobile,Webex Calling Professional,Provisioned,Migrated
USER01235,SITE002,Sales,Mobile,Webex Calling Standard,Provisioned,Migrated
USER01236,SITE012,IT,Desk Phone,Webex Calling Professional,Failed,In Progress
USER01237,SITE004,HR,Room Device,Webex Calling Professional,Provisioned,Migrated
USER01238,SITE014,Operations,Room Device,Webex Calling Professional,Provisioned,Migrated
USER01239,SITE010,Operations,Room Device,Webex Calling Professional,Provisioned,Migrated
USER01240,SITE013,Sales,Room Device,Webex Calling Professional,Pending,Pending
USER01241,SITE018,Support,Desk Phone,Webex Calling Professional,Provisioned,In Progress
USER01242,SITE014,HR,Mobile,Webex Calling Standard,Pending,Migrated
USER01243,SITE020,IT,Desk Phone,Webex Calling Professional,Provisioned,Migrated
USER01244,SITE004,Support,Mobile,Webex Calling Professional,Provisioned,Migrated
USER01245,SITE010,Sales,Mobile,Webex Calling Standard,Pending,Pending
USER01246,SITE033,HR,Room Device,Webex Calling Standard,Provisioned,In Progress
USER01247,SITE018,IT,Mobile,Webex Calling Professional,Provisioned,Migrated
USER01248,SITE004,Support,Room Device,Webex Calling Standard,Provisioned,In Progress
USER01249,SITE006,HR,Room Device,Webex Calling Standard,Provisioned,In Progress
USER01250,SITE020,Operations,Room Device,Webex Calling Standard,Pending,Migrated
USER01251,SITE019,Operations,Mobile,Webex Calling Standard,Provisioned,Migrated
USER01252,SITE009,Finance,Soft Client,Webex Calling Standard,Provisioned,Migrated
USER01253,SITE031,Support,Soft Client,Webex Calling Professional,Provisioned,Migrated
USER01254,SITE017,IT,Room Device,Webex Calling Standard,Provisioned,Migrated
USER01255,SITE029,Support,Mobile,Webex Calling Professional,Provisioned,Migrated
USER01256,SITE008,Management,Mobile,Webex Calling Standard,Provisioned,Migrated
USER01257,SITE001,IT,Mobile,Webex Calling Standard,Provisioned,Failed
USER01258,SITE008,IT,Soft Client,Webex Calling Standard,Provisioned,In Progress
USER01259,SITE012,IT,Mobile,Webex Calling Professional,Provisioned,In Progress
USER01260,SITE009,Management,Desk Phone,Webex Calling Professional,Provisioned,Migrated
USER01261,SITE021,Management,Soft Client,Webex Calling Professional,Provisioned,Migrated
USER01262,SITE021,IT,Mobile,Webex Calling Professional,Provisioned,Migrated
USER01263,SITE021,Operations,Soft Client,Webex Calling Professional,Provisioned,Migrated
USER01264,SITE017,IT,Mobile,Webex Calling Professional,Provisioned,Migrated
USER01265,SITE016,Finance,Desk Phone,Webex Calling Professional,Provisioned,Migrated
USER01266,SITE031,Management,Soft Client,Webex Calling Standard,Provisioned,Pending
USER01267,SITE030,Finance,Mobile,Webex Calling Standard,Provisioned,Migrated
USER01268,SITE010,Finance,Soft Client,Webex Calling Professional,Provisioned,Failed
USER01269,SITE009,Management,Mobile,Webex Calling Professional,Provisioned,In Progress
USER01270,SITE024,IT,Mobile,Webex Calling Standard,Provisioned,Migrated
USER01271,SITE001,Sales,Mobile,Webex Calling Professional,Provisioned,Migrated
USER01272,SITE027,Finance,Room Device,Webex Calling Professional,Pending,Migrated
USER01273,SITE004,Management,Mobile,Webex Calling Standard,Provisioned,Migrated
USER01274,SITE029,Support,Room Device,Webex Calling Professional,Provisioned,Pending
USER01275,SITE002,Support,Soft Client,Webex Calling Standard,Provisioned,Migrated
USER01276,SITE019,Sales,Room Device,Webex Calling Standard,Provisioned,Migrated
USER01277,SITE029,HR,Room Device,Webex Calling Professional,Provisioned,Migrated
USER01278,SITE024,Operations,Desk Phone,Webex Calling Professional,Provisioned,Migrated
USER01279,SITE024,IT,Soft Client,Webex Calling Professional,Provisioned,Migrated
USER01280,SITE030,IT,Room Device,Webex Calling Standard,Provisioned,Migrated
USER01281,SITE002,IT,Room Device,Webex Calling Standard,Provisioned,Pending
USER01282,SITE014,Finance,Desk Phone,Webex Calling Standard,Failed,Migrated
USER01283,SITE027,Support,Room Device,Webex Calling Professional,Provisioned,Migrated
USER01284,SITE018,Operations,Desk Phone,Webex Calling Professional,Provisioned,Migrated
USER01285,SITE028,Management,Soft Client,Webex Calling Standard,Provisioned,Migrated
USER01286,SITE007,Support,Room Device,Webex Calling Standard,Provisioned,Failed
USER01287,SITE009,Support,Desk Phone,Webex Calling Professional,Provisioned,Migrated
USER01288,SITE018,IT,Mobile,Webex Calling Professional,Provisioned,Migrated
USER01289,SITE035,IT,Room Device,Webex Calling Standard,Provisioned,Failed
USER01290,SITE002,Sales,Desk Phone,Webex Calling Standard,Provisioned,Pending
USER01291,SITE009,Sales,Desk Phone,Webex Calling Professional,Provisioned,In Progress
USER01292,SITE026,Operations,Soft Client,Webex Calling Professional,Provisioned,In Progress
USER01293,SITE032,IT,Soft Client,Webex Calling Professional,Provisioned,Migrated
USER01294,SITE028,IT,Soft Client,Webex Calling Professional,Provisioned,Pending
USER01295,SITE026,Operations,Soft Client,Webex Calling Professional,Provisioned,Migrated
USER01296,SITE015,Management,Room Device,Webex Calling Professional,Provisioned,Pending
USER01297,SITE010,Sales,Mobile,Webex Calling Standard,Failed,Pending
USER01298,SITE012,Management,Soft Client,Webex Calling Standard,Provisioned,Migrated
USER01299,SITE002,Management,Soft Client,Webex Calling Professional,Provisioned,Migrated
USER01300,SITE014,Operations,Soft Client,Webex Calling Standard,Provisioned,Failed
USER01301,SITE031,IT,Room Device,Webex Calling Professional,Provisioned,Migrated
USER01302,SITE018,IT,Soft Client,Webex Calling Professional,Provisioned,Migrated
USER01303,SITE007,HR,Room Device,Webex Calling Standard,Failed,Migrated
USER01304,SITE005,Operations,Mobile,Webex Calling Professional,Provisioned,Migrated
USER01305,SITE016,Finance,Soft Client,Webex Calling Standard,Provisioned,Failed
USER01306,SITE019,Management,Mobile,Webex Calling Professional,Provisioned,Failed
USER01307,SITE026,Operations,Mobile,Webex Calling Standard,Provisioned,Migrated
USER01308,SITE029,IT,Desk Phone,Webex Calling Professional,Provisioned,Migrated
USER01309,SITE035,Management,Mobile,Webex Calling Standard,Failed,Migrated
USER01310,SITE018,Finance,Soft Client,Webex Calling Professional,Provisioned,In Progress
USER01311,SITE015,Management,Room Device,Webex Calling Standard,Provisioned,Migrated
USER01312,SITE026,Finance,Room Device,Webex Calling Professional,Failed,Migrated
USER01313,SITE026,Finance,Desk Phone,Webex Calling Professional,Pending,Migrated
USER01314,SITE006,HR,Room Device,Webex Calling Professional,Provisioned,Migrated
USER01315,SITE011,Finance,Mobile,Webex Calling Professional,Failed,Pending
USER01316,SITE008,Operations,Room Device,Webex Calling Standard,Provisioned,Migrated
USER01317,SITE018,Finance,Room Device,Webex Calling Professional,Pending,Migrated
USER01318,SITE005,IT,Mobile,Webex Calling Professional,Provisioned,Migrated
USER01319,SITE018,Support,Soft Client,Webex Calling Standard,Provisioned,Migrated
USER01320,SITE011,Support,Soft Client,Webex Calling Standard,Provisioned,In Progress
USER01321,SITE016,Support,Room Device,Webex Calling Standard,Provisioned,Migrated
USER01322,SITE031,Support,Mobile,Webex Calling Standard,Provisioned,Migrated
USER01323,SITE034,IT,Soft Client,Webex Calling Standard,Provisioned,Pending
USER01324,SITE016,HR,Mobile,Webex Calling Standard,Provisioned,Migrated
USER01325,SITE022,IT,Desk Phone,Webex Calling Standard,Provisioned,Migrated
USER01326,SITE020,Finance,Mobile,Webex Calling Standard,Failed,Migrated
USER01327,SITE027,Sales,Soft Client,Webex Calling Standard,Provisioned,Migrated
USER01328,SITE021,IT,Desk Phone,Webex Calling Professional,Provisioned,Migrated
USER01329,SITE030,Finance,Room Device,Webex Calling Standard,Provisioned,In Progress
USER01330,SITE015,Management,Desk Phone,Webex Calling Standard,Pending,Failed
USER01331,SITE001,Support,Soft Client,Webex Calling Professional,Provisioned,Migrated
USER01332,SITE027,HR,Soft Client,Webex Calling Standard,Provisioned,In Progress
USER01333,SITE020,IT,Room Device,Webex Calling Standard,Provisioned,Migrated
USER01334,SITE029,Sales,Desk Phone,Webex Calling Standard,Provisioned,In Progress
USER01335,SITE006,Operations,Desk Phone,Webex Calling Standard,Provisioned,Pending
USER01336,SITE014,Finance,Room Device,Webex Calling Standard,Provisioned,In Progress
USER01337,SITE006,Management,Soft Client,Webex Calling Standard,Pending,Migrated
USER01338,SITE006,Operations,Soft Client,Webex Calling Professional,Provisioned,Migrated
USER01339,SITE010,HR,Soft Client,Webex Calling Standard,Pending,Migrated
USER01340,SITE019,Management,Desk Phone,Webex Calling Professional,Provisioned,Migrated
USER01341,SITE015,HR,Soft Client,Webex Calling Professional,Provisioned,Migrated
USER01342,SITE035,Finance,Mobile,Webex Calling Standard,Provisioned,Migrated
USER01343,SITE015,Finance,Mobile,Webex Calling Standard,Provisioned,Migrated
USER01344,SITE028,Management,Mobile,Webex Calling Professional,Provisioned,Pending
USER01345,SITE014,IT,Mobile,Webex Calling Professional,Provisioned,Migrated
USER01346,SITE029,Finance,Desk Phone,Webex Calling Standard,Provisioned,Migrated
USER01347,SITE025,Operations,Room Device,Webex Calling Standard,Provisioned,Migrated
USER01348,SITE014,Operations,Room Device,Webex Calling Standard,Provisioned,Migrated
USER01349,SITE015,Finance,Mobile,Webex Calling Standard,Provisioned,Migrated
USER01350,SITE029,Sales,Room Device,Webex Calling Standard,Provisioned,Migrated
USER01351,SITE025,Finance,Mobile,Webex Calling Professional,Failed,Failed
USER01352,SITE034,HR,Room Device,Webex Calling Professional,Provisioned,Migrated
USER01353,SITE006,Management,Soft Client,Webex Calling Standard,Provisioned,Migrated
USER01354,SITE018,Support,Soft Client,Webex Calling Standard,Provisioned,Migrated
USER01355,SITE022,Support,Desk Phone,Webex Calling Professional,Provisioned,Migrated
USER01356,SITE003,Support,Mobile,Webex Calling Professional,Provisioned,Migrated
USER01357,SITE031,Operations,Room Device,Webex Calling Professional,Failed,Migrated
USER01358,SITE028,IT,Desk Phone,Webex Calling Standard,Provisioned,In Progress
USER01359,SITE006,Support,Mobile,Webex Calling Standard,Provisioned,Migrated
USER01360,SITE010,HR,Room Device,Webex Calling Professional,Failed,Migrated
USER01361,SITE031,Sales,Soft Client,Webex Calling Professional,Provisioned,Migrated
USER01362,SITE007,Finance,Soft Client,Webex Calling Professional,Pending,Migrated
USER01363,SITE011,HR,Soft Client,Webex Calling Standard,Pending,Failed
USER01364,SITE006,Support,Desk Phone,Webex Calling Standard,Provisioned,Failed
USER01365,SITE016,Sales,Mobile,Webex Calling Professional,Provisioned,Migrated
USER01366,SITE009,HR,Room Device,Webex Calling Professional,Provisioned,Pending
USER01367,SITE013,Management,Mobile,Webex Calling Professional,Provisioned,Migrated
USER01368,SITE024,Finance,Room Device,Webex Calling Professional,Provisioned,Migrated
USER01369,SITE008,Management,Room Device,Webex Calling Standard,Provisioned,Migrated
USER01370,SITE024,IT,Desk Phone,Webex Calling Standard,Provisioned,Migrated
USER01371,SITE025,Operations,Room Device,Webex Calling Professional,Provisioned,In Progress
USER01372,SITE014,Finance,Desk Phone,Webex Calling Professional,Provisioned,Migrated
USER01373,SITE025,Support,Room Device,Webex Calling Standard,Provisioned,In Progress
USER01374,SITE034,Sales,Desk Phone,Webex Calling Professional,Provisioned,Pending
USER01375,SITE031,Support,Soft Client,Webex Calling Standard,Provisioned,Migrated
USER01376,SITE014,Operations,Desk Phone,Webex Calling Standard,Provisioned,Migrated
USER01377,SITE017,Finance,Soft Client,Webex Calling Standard,Provisioned,Migrated
USER01378,SITE014,Support,Desk Phone,Webex Calling Standard,Provisioned,Pending
USER01379,SITE018,Operations,Soft Client,Webex Calling Standard,Pending,Migrated
USER01380,SITE012,Sales,Mobile,Webex Calling Standard,Provisioned,Migrated
USER01381,SITE031,Finance,Soft Client,Webex Calling Standard,Provisioned,Migrated
USER01382,SITE027,Sales,Desk Phone,Webex Calling Standard,Pending,Migrated
USER01383,SITE010,Finance,Mobile,Webex Calling Standard,Provisioned,Migrated
USER01384,SITE010,Sales,Mobile,Webex Calling Standard,Provisioned,In Progress
USER01385,SITE024,IT,Room Device,Webex Calling Professional,Provisioned,Failed
USER01386,SITE003,HR,Desk Phone,Webex Calling Professional,Provisioned,In Progress
USER01387,SITE003,HR,Mobile,Webex Calling Professional,Provisioned,Migrated
USER01388,SITE030,Management,Desk Phone,Webex Calling Standard,Provisioned,Migrated
USER01389,SITE027,Sales,Soft Client,Webex Calling Standard,Provisioned,Migrated
USER01390,SITE033,Operations,Mobile,Webex Calling Professional,Provisioned,Pending
USER01391,SITE008,Operations,Room Device,Webex Calling Standard,Provisioned,Migrated
USER01392,SITE025,Management,Mobile,Webex Calling Professional,Provisioned,Migrated
USER01393,SITE035,HR,Desk Phone,Webex Calling Standard,Provisioned,Pending
USER01394,SITE035,Operations,Desk Phone,Webex Calling Professional,Provisioned,Migrated
USER01395,SITE014,Finance,Soft Client,Webex Calling Standard,Provisioned,Migrated
USER01396,SITE012,Operations,Room Device,Webex Calling Professional,Pending,Migrated
USER01397,SITE005,Support,Desk Phone,Webex Calling Standard,Provisioned,Migrated
USER01398,SITE007,Finance,Room Device,Webex Calling Standard,Provisioned,Failed
USER01399,SITE034,HR,Desk Phone,Webex Calling Standard,Provisioned,Migrated
USER01400,SITE025,Sales,Room Device,Webex Calling Standard,Provisioned,Migrated
USER01401,SITE014,IT,Soft Client,Webex Calling Standard,Failed,Migrated
USER01402,SITE011,Operations,Mobile,Webex Calling Professional,Failed,Migrated
USER01403,SITE005,Management,Mobile,Webex Calling Standard,Provisioned,Migrated
USER01404,SITE014,IT,Soft Client,Webex Calling Professional,Provisioned,Pending
USER01405,SITE020,Finance,Mobile,Webex Calling Professional,Provisioned,Pending
USER01406,SITE029,HR,Soft Client,Webex Calling Standard,Provisioned,In Progress
USER01407,SITE004,Sales,Room Device,Webex Calling Standard,Provisioned,Failed
USER01408,SITE019,IT,Desk Phone,Webex Calling Standard,Provisioned,Failed
USER01409,SITE016,IT,Soft Client,Webex Calling Professional,Pending,Migrated
USER01410,SITE031,Operations,Mobile,Webex Calling Standard,Provisioned,Migrated
USER01411,SITE033,IT,Mobile,Webex Calling Standard,Provisioned,Pending
USER01412,SITE033,Sales,Mobile,Webex Calling Standard,Provisioned,Migrated
USER01413,SITE013,Management,Desk Phone,Webex Calling Professional,Provisioned,Migrated
USER01414,SITE018,Finance,Soft Client,Webex Calling Standard,Provisioned,Failed
USER01415,SITE032,Operations,Desk Phone,Webex Calling Standard,Provisioned,Migrated
USER01416,SITE028,HR,Desk Phone,Webex Calling Standard,Provisioned,Migrated
USER01417,SITE015,Finance,Soft Client,Webex Calling Standard,Provisioned,Migrated
USER01418,SITE022,HR,Mobile,Webex Calling Standard,Provisioned,Pending
USER01419,SITE006,Support,Desk Phone,Webex Calling Standard,Provisioned,Migrated
USER01420,SITE033,Sales,Room Device,Webex Calling Standard,Provisioned,Migrated
USER01421,SITE008,Operations,Desk Phone,Webex Calling Professional,Failed,Migrated
USER01422,SITE012,Management,Desk Phone,Webex Calling Standard,Provisioned,Migrated
USER01423,SITE014,Sales,Mobile,Webex Calling Standard,Provisioned,Migrated
USER01424,SITE022,HR,Soft Client,Webex Calling Standard,Provisioned,Migrated
USER01425,SITE019,Operations,Room Device,Webex Calling Professional,Provisioned,In Progress
USER01426,SITE006,IT,Soft Client,Webex Calling Standard,Provisioned,Migrated
USER01427,SITE018,Management,Room Device,Webex Calling Standard,Failed,Pending
USER01428,SITE013,Sales,Mobile,Webex Calling Standard,Provisioned,Migrated
USER01429,SITE006,Management,Mobile,Webex Calling Standard,Provisioned,Migrated
USER01430,SITE006,Finance,Desk Phone,Webex Calling Standard,Provisioned,Migrated
USER01431,SITE025,Sales,Mobile,Webex Calling Professional,Pending,Migrated
USER01432,SITE007,Operations,Soft Client,Webex Calling Professional,Provisioned,Migrated
USER01433,SITE020,HR,Room Device,Webex Calling Professional,Provisioned,Migrated
USER01434,SITE014,HR,Desk Phone,Webex Calling Professional,Provisioned,Migrated
USER01435,SITE022,Management,Soft Client,Webex Calling Standard,Pending,Failed
USER01436,SITE021,HR,Room Device,Webex Calling Standard,Provisioned,Migrated
USER01437,SITE022,Finance,Mobile,Webex Calling Standard,Provisioned,Migrated
USER01438,SITE009,Operations,Room Device,Webex Calling Standard,Provisioned,Pending
USER01439,SITE021,Sales,Soft Client,Webex Calling Standard,Provisioned,Migrated
USER01440,SITE021,Sales,Mobile,Webex Calling Professional,Provisioned,Migrated
USER01441,SITE035,Management,Room Device,Webex Calling Professional,Provisioned,Failed
USER01442,SITE020,HR,Room Device,Webex Calling Standard,Provisioned,Migrated
USER01443,SITE003,Sales,Mobile,Webex Calling Professional,Pending,Pending
USER01444,SITE005,IT,Mobile,Webex Calling Standard,Provisioned,Migrated
USER01445,SITE015,Operations,Mobile,Webex Calling Standard,Provisioned,Migrated
USER01446,SITE035,IT,Room Device,Webex Calling Professional,Provisioned,Pending
USER01447,SITE019,Management,Desk Phone,Webex Calling Standard,Provisioned,Pending
USER01448,SITE035,IT,Soft Client,Webex Calling Standard,Provisioned,Migrated
USER01449,SITE019,Sales,Mobile,Webex Calling Standard,Provisioned,In Progress
USER01450,SITE014,IT,Room Device,Webex Calling Standard,Provisioned,Migrated
USER01451,SITE012,Support,Desk Phone,Webex Calling Standard,Failed,Migrated
USER01452,SITE021,IT,Desk Phone,Webex Calling Professional,Provisioned,Migrated
USER01453,SITE030,IT,Desk Phone,Webex Calling Standard,Provisioned,Migrated
USER01454,SITE028,Support,Soft Client,Webex Calling Standard,Provisioned,In Progress
USER01455,SITE005,Sales,Soft Client,Webex Calling Professional,Pending,Migrated
USER01456,SITE012,Finance,Mobile,Webex Calling Professional,Provisioned,Migrated
USER01457,SITE014,Sales,Desk Phone,Webex Calling Standard,Failed,Migrated
USER01458,SITE014,HR,Soft Client,Webex Calling Standard,Provisioned,Migrated
USER01459,SITE027,Finance,Mobile,Webex Calling Standard,Provisioned,Migrated
USER01460,SITE014,Management,Desk Phone,Webex Calling Standard,Pending,Migrated
USER01461,SITE014,Support,Desk Phone,Webex Calling Professional,Pending,Migrated
USER01462,SITE030,Support,Soft Client,Webex Calling Standard,Provisioned,Migrated
USER01463,SITE012,Sales,Mobile,Webex Calling Professional,Provisioned,Pending
USER01464,SITE016,IT,Mobile,Webex Calling Standard,Provisioned,In Progress
USER01465,SITE026,Management,Room Device,Webex Calling Professional,Provisioned,Pending
USER01466,SITE021,Sales,Room Device,Webex Calling Standard,Provisioned,Migrated
USER01467,SITE008,Management,Mobile,Webex Calling Professional,Failed,Migrated
USER01468,SITE032,IT,Room Device,Webex Calling Standard,Provisioned,Migrated
USER01469,SITE022,Management,Mobile,Webex Calling Standard,Provisioned,Pending
USER01470,SITE014,HR,Soft Client,Webex Calling Standard,Provisioned,Pending
USER01471,SITE016,Support,Room Device,Webex Calling Professional,Provisioned,Pending
USER01472,SITE009,Finance,Desk Phone,Webex Calling Standard,Provisioned,Migrated
USER01473,SITE018,HR,Room Device,Webex Calling Standard,Provisioned,Pending
USER01474,SITE001,Management,Desk Phone,Webex Calling Professional,Provisioned,In Progress
USER01475,SITE009,IT,Mobile,Webex Calling Standard,Provisioned,Pending
USER01476,SITE010,Sales,Soft Client,Webex Calling Professional,Provisioned,Migrated
USER01477,SITE023,HR,Soft Client,Webex Calling Standard,Provisioned,Migrated
USER01478,SITE008,Finance,Desk Phone,Webex Calling Standard,Provisioned,Migrated
USER01479,SITE012,Support,Desk Phone,Webex Calling Standard,Provisioned,Migrated
USER01480,SITE018,Sales,Room Device,Webex Calling Professional,Failed,In Progress
USER01481,SITE018,HR,Mobile,Webex Calling Professional,Failed,Migrated
USER01482,SITE006,Sales,Desk Phone,Webex Calling Professional,Provisioned,Migrated
USER01483,SITE018,IT,Mobile,Webex Calling Standard,Provisioned,Migrated
USER01484,SITE014,HR,Soft Client,Webex Calling Professional,Provisioned,Migrated
USER01485,SITE012,IT,Mobile,Webex Calling Professional,Provisioned,Pending
USER01486,SITE034,Finance,Soft Client,Webex Calling Professional,Provisioned,Pending
USER01487,SITE022,Management,Mobile,Webex Calling Professional,Provisioned,Migrated
USER01488,SITE025,Management,Room Device,Webex Calling Standard,Pending,Migrated
USER01489,SITE026,Management,Desk Phone,Webex Calling Standard,Provisioned,Migrated
USER01490,SITE026,Finance,Soft Client,Webex Calling Professional,Failed,Migrated
USER01491,SITE016,Sales,Mobile,Webex Calling Standard,Provisioned,Migrated
USER01492,SITE016,Finance,Soft Client,Webex Calling Standard,Provisioned,Migrated
USER01493,SITE024,HR,Desk Phone,Webex Calling Standard,Provisioned,Migrated
USER01494,SITE022,Support,Mobile,Webex Calling Standard,Provisioned,Migrated
USER01495,SITE026,HR,Desk Phone,Webex Calling Professional,Provisioned,In Progress
USER01496,SITE025,Sales,Desk Phone,Webex Calling Professional,Provisioned,Migrated
USER01497,SITE035,Sales,Soft Client,Webex Calling Professional,Provisioned,Migrated
USER01498,SITE032,Finance,Room Device,Webex Calling Professional,Provisioned,Migrated
USER01499,SITE029,Operations,Room Device,Webex Calling Professional,Pending,Migrated
USER01500,SITE032,IT,Mobile,Webex Calling Standard,Provisioned,Migrated
USER01501,SITE031,HR,Soft Client,Webex Calling Standard,Provisioned,In Progress
USER01502,SITE025,HR,Room Device,Webex Calling Standard,Failed,Migrated
USER01503,SITE004,Sales,Desk Phone,Webex Calling Standard,Provisioned,Migrated
USER01504,SITE023,Finance,Room Device,Webex Calling Professional,Provisioned,Migrated
USER01505,SITE018,Operations,Room Device,Webex Calling Professional,Provisioned,Pending
USER01506,SITE030,Sales,Mobile,Webex Calling Professional,Provisioned,Migrated
USER01507,SITE025,Sales,Soft Client,Webex Calling Professional,Provisioned,Migrated
USER01508,SITE024,IT,Soft Client,Webex Calling Professional,Provisioned,Failed
USER01509,SITE016,IT,Room Device,Webex Calling Standard,Provisioned,Migrated
USER01510,SITE030,Management,Mobile,Webex Calling Standard,Provisioned,Migrated
USER01511,SITE031,Support,Desk Phone,Webex Calling Standard,Provisioned,Migrated
USER01512,SITE011,Finance,Soft Client,Webex Calling Standard,Provisioned,Migrated
USER01513,SITE027,Management,Room Device,Webex Calling Professional,Provisioned,Migrated
USER01514,SITE033,Finance,Desk Phone,Webex Calling Professional,Provisioned,Migrated
USER01515,SITE002,Sales,Mobile,Webex Calling Professional,Provisioned,Failed
USER01516,SITE029,Operations,Room Device,Webex Calling Standard,Provisioned,Migrated
USER01517,SITE006,Support,Desk Phone,Webex Calling Standard,Pending,Migrated
USER01518,SITE003,Sales,Desk Phone,Webex Calling Professional,Provisioned,Migrated
USER01519,SITE020,Sales,Desk Phone,Webex Calling Professional,Provisioned,Migrated
USER01520,SITE012,Operations,Mobile,Webex Calling Standard,Pending,Migrated
USER01521,SITE021,Operations,Desk Phone,Webex Calling Standard,Provisioned,Migrated
USER01522,SITE023,IT,Mobile,Webex Calling Standard,Provisioned,Migrated
USER01523,SITE005,Finance,Desk Phone,Webex Calling Standard,Pending,In Progress
USER01524,SITE030,Sales,Mobile,Webex Calling Professional,Provisioned,Pending
USER01525,SITE017,Finance,Mobile,Webex Calling Professional,Provisioned,Migrated
USER01526,SITE005,IT,Mobile,Webex Calling Standard,Provisioned,Failed
USER01527,SITE001,Management,Soft Client,Webex Calling Professional,Provisioned,Migrated
USER01528,SITE019,Operations,Mobile,Webex Calling Professional,Provisioned,Migrated
USER01529,SITE034,HR,Mobile,Webex Calling Professional,Provisioned,Migrated
USER01530,SITE019,IT,Mobile,Webex Calling Professional,Provisioned,In Progress
USER01531,SITE025,Finance,Desk Phone,Webex Calling Professional,Provisioned,Pending
USER01532,SITE018,Sales,Mobile,Webex Calling Standard,Provisioned,Migrated
USER01533,SITE023,HR,Soft Client,Webex Calling Standard,Provisioned,Migrated
USER01534,SITE012,Sales,Mobile,Webex Calling Professional,Provisioned,Migrated
USER01535,SITE028,HR,Room Device,Webex Calling Standard,Provisioned,Migrated
USER01536,SITE021,Sales,Desk Phone,Webex Calling Professional,Provisioned,Migrated
USER01537,SITE027,Operations,Mobile,Webex Calling Professional,Provisioned,Failed
USER01538,SITE014,Finance,Mobile,Webex Calling Standard,Provisioned,Failed
USER01539,SITE006,HR,Soft Client,Webex Calling Standard,Provisioned,Pending
USER01540,SITE025,Support,Desk Phone,Webex Calling Standard,Provisioned,Migrated
USER01541,SITE016,Management,Room Device,Webex Calling Professional,Provisioned,Migrated
USER01542,SITE031,Operations,Desk Phone,Webex Calling Standard,Provisioned,Migrated
USER01543,SITE008,IT,Room Device,Webex Calling Standard,Pending,Migrated
USER01544,SITE021,Support,Mobile,Webex Calling Professional,Pending,Failed
USER01545,SITE022,HR,Desk Phone,Webex Calling Standard,Pending,Pending
USER01546,SITE003,Operations,Room Device,Webex Calling Standard,Failed,Migrated
USER01547,SITE005,Management,Room Device,Webex Calling Standard,Provisioned,Pending
USER01548,SITE008,Finance,Mobile,Webex Calling Standard,Provisioned,Migrated
USER01549,SITE031,Sales,Soft Client,Webex Calling Professional,Provisioned,Migrated
USER01550,SITE030,Operations,Desk Phone,Webex Calling Standard,Provisioned,Migrated
USER01551,SITE026,IT,Mobile,Webex Calling Standard,Pending,Migrated
USER01552,SITE021,Finance,Desk Phone,Webex Calling Standard,Pending,Migrated
USER01553,SITE021,HR,Room Device,Webex Calling Standard,Pending,Migrated
USER01554,SITE012,Sales,Soft Client,Webex Calling Standard,Provisioned,Migrated
USER01555,SITE011,Operations,Room Device,Webex Calling Professional,Provisioned,In Progress
USER01556,SITE024,Support,Mobile,Webex Calling Standard,Provisioned,Migrated
USER01557,SITE004,Sales,Desk Phone,Webex Calling Standard,Provisioned,Migrated
USER01558,SITE033,Management,Soft Client,Webex Calling Standard,Provisioned,Migrated
USER01559,SITE034,Finance,Mobile,Webex Calling Professional,Failed,Migrated
USER01560,SITE010,Management,Room Device,Webex Calling Professional,Provisioned,Migrated
USER01561,SITE030,Finance,Room Device,Webex Calling Standard,Provisioned,In Progress
USER01562,SITE009,Finance,Soft Client,Webex Calling Standard,Provisioned,Migrated
USER01563,SITE018,Management,Desk Phone,Webex Calling Standard,Pending,Migrated
USER01564,SITE032,Finance,Soft Client,Webex Calling Professional,Failed,Migrated
USER01565,SITE027,Operations,Room Device,Webex Calling Standard,Provisioned,Migrated
USER01566,SITE016,Support,Room Device,Webex Calling Standard,Provisioned,Migrated
USER01567,SITE018,Operations,Mobile,Webex Calling Standard,Provisioned,Failed
USER01568,SITE024,Support,Mobile,Webex Calling Professional,Provisioned,Migrated
USER01569,SITE002,Sales,Soft Client,Webex Calling Standard,Provisioned,Failed
USER01570,SITE028,IT,Desk Phone,Webex Calling Standard,Provisioned,Failed
USER01571,SITE006,Finance,Room Device,Webex Calling Professional,Provisioned,Migrated
USER01572,SITE021,HR,Desk Phone,Webex Calling Standard,Provisioned,Migrated
USER01573,SITE023,HR,Room Device,Webex Calling Standard,Provisioned,Pending
USER01574,SITE029,IT,Soft Client,Webex Calling Professional,Pending,Migrated
USER01575,SITE023,Sales,Desk Phone,Webex Calling Professional,Provisioned,Migrated
USER01576,SITE008,Management,Desk Phone,Webex Calling Professional,Provisioned,Pending
USER01577,SITE012,HR,Mobile,Webex Calling Professional,Provisioned,Migrated
USER01578,SITE013,IT,Room Device,Webex Calling Standard,Provisioned,In Progress
USER01579,SITE005,Management,Soft Client,Webex Calling Standard,Provisioned,Migrated
USER01580,SITE022,Management,Room Device,Webex Calling Standard,Provisioned,In Progress
USER01581,SITE024,Management,Mobile,Webex Calling Standard,Provisioned,Failed
USER01582,SITE023,Sales,Soft Client,Webex Calling Professional,Provisioned,Migrated
USER01583,SITE018,Finance,Soft Client,Webex Calling Professional,Pending,In Progress
USER01584,SITE028,Sales,Room Device,Webex Calling Professional,Provisioned,Migrated
USER01585,SITE031,HR,Desk Phone,Webex Calling Standard,Provisioned,Migrated
USER01586,SITE006,Operations,Mobile,Webex Calling Professional,Provisioned,In Progress
USER01587,SITE021,HR,Room Device,Webex Calling Standard,Provisioned,Migrated
USER01588,SITE009,Sales,Room Device,Webex Calling Standard,Pending,Migrated
USER01589,SITE034,Support,Room Device,Webex Calling Professional,Provisioned,Migrated
USER01590,SITE008,IT,Desk Phone,Webex Calling Standard,Provisioned,Migrated
USER01591,SITE007,IT,Room Device,Webex Calling Professional,Failed,Migrated
USER01592,SITE022,IT,Room Device,Webex Calling Professional,Provisioned,Migrated
USER01593,SITE008,Finance,Mobile,Webex Calling Professional,Provisioned,Migrated
USER01594,SITE012,Operations,Desk Phone,Webex Calling Professional,Provisioned,Migrated
USER01595,SITE027,Operations,Soft Client,Webex Calling Standard,Provisioned,Failed
USER01596,SITE035,HR,Room Device,Webex Calling Standard,Provisioned,Migrated
USER01597,SITE011,Sales,Desk Phone,Webex Calling Professional,Provisioned,Migrated
USER01598,SITE023,Management,Mobile,Webex Calling Standard,Provisioned,Failed
USER01599,SITE018,Finance,Mobile,Webex Calling Standard,Provisioned,Migrated
USER01600,SITE030,Support,Desk Phone,Webex Calling Professional,Provisioned,Migrated
USER01601,SITE027,Support,Soft Client,Webex Calling Professional,Provisioned,Migrated
USER01602,SITE015,Operations,Soft Client,Webex Calling Professional,Pending,Migrated
USER01603,SITE018,IT,Mobile,Webex Calling Standard,Pending,Pending
USER01604,SITE012,Finance,Desk Phone,Webex Calling Professional,Provisioned,Migrated
USER01605,SITE001,Finance,Desk Phone,Webex Calling Standard,Pending,In Progress
USER01606,SITE014,Sales,Desk Phone,Webex Calling Professional,Failed,Migrated
USER01607,SITE028,Sales,Desk Phone,Webex Calling Professional,Provisioned,Migrated
USER01608,SITE020,IT,Mobile,Webex Calling Standard,Provisioned,Migrated
USER01609,SITE033,IT,Soft Client,Webex Calling Professional,Provisioned,Migrated
USER01610,SITE006,IT,Desk Phone,Webex Calling Standard,Provisioned,Migrated
USER01611,SITE006,Finance,Soft Client,Webex Calling Standard,Provisioned,Failed
USER01612,SITE025,Management,Desk Phone,Webex Calling Professional,Provisioned,In Progress
USER01613,SITE012,Management,Mobile,Webex Calling Standard,Provisioned,Pending
USER01614,SITE024,Finance,Mobile,Webex Calling Standard,Provisioned,In Progress
USER01615,SITE007,IT,Mobile,Webex Calling Standard,Provisioned,Migrated
USER01616,SITE034,Finance,Desk Phone,Webex Calling Standard,Provisioned,Migrated
USER01617,SITE023,Management,Room Device,Webex Calling Standard,Provisioned,Failed
USER01618,SITE023,Operations,Desk Phone,Webex Calling Standard,Pending,Pending
USER01619,SITE009,Management,Soft Client,Webex Calling Standard,Provisioned,Migrated
USER01620,SITE003,Finance,Mobile,Webex Calling Professional,Provisioned,Migrated
USER01621,SITE006,IT,Soft Client,Webex Calling Standard,Provisioned,Migrated
USER01622,SITE003,IT,Room Device,Webex Calling Professional,Provisioned,Migrated
USER01623,SITE010,IT,Soft Client,Webex Calling Standard,Provisioned,Migrated
USER01624,SITE005,Support,Desk Phone,Webex Calling Professional,Provisioned,Migrated
USER01625,SITE033,Management,Room Device,Webex Calling Professional,Failed,Migrated
USER01626,SITE030,Sales,Mobile,Webex Calling Professional,Provisioned,Pending
USER01627,SITE023,IT,Mobile,Webex Calling Professional,Failed,In Progress
USER01628,SITE011,Operations,Mobile,Webex Calling Standard,Provisioned,Migrated
USER01629,SITE010,Management,Room Device,Webex Calling Standard,Pending,Migrated
USER01630,SITE004,Sales,Room Device,Webex Calling Professional,Provisioned,Failed
USER01631,SITE011,Support,Mobile,Webex Calling Standard,Provisioned,Migrated
USER01632,SITE033,Operations,Mobile,Webex Calling Professional,Provisioned,Migrated
USER01633,SITE008,Finance,Room Device,Webex Calling Professional,Provisioned,In Progress
USER01634,SITE001,Support,Soft Client,Webex Calling Professional,Provisioned,Migrated
USER01635,SITE030,Sales,Desk Phone,Webex Calling Standard,Provisioned,Migrated
USER01636,SITE027,Sales,Desk Phone,Webex Calling Professional,Provisioned,Migrated
USER01637,SITE007,Operations,Mobile,Webex Calling Professional,Provisioned,Migrated
USER01638,SITE026,Support,Room Device,Webex Calling Professional,Provisioned,Migrated
USER01639,SITE016,Support,Soft Client,Webex Calling Standard,Provisioned,In Progress
USER01640,SITE013,Operations,Desk Phone,Webex Calling Professional,Pending,Migrated
USER01641,SITE031,IT,Room Device,Webex Calling Professional,Provisioned,Migrated
USER01642,SITE017,Management,Soft Client,Webex Calling Standard,Provisioned,Migrated
USER01643,SITE009,IT,Soft Client,Webex Calling Professional,Provisioned,Migrated
USER01644,SITE026,Operations,Mobile,Webex Calling Professional,Provisioned,Pending
USER01645,SITE016,Sales,Room Device,Webex Calling Professional,Failed,Pending
USER01646,SITE023,IT,Mobile,Webex Calling Professional,Provisioned,Migrated
USER01647,SITE018,Finance,Mobile,Webex Calling Standard,Provisioned,Pending
USER01648,SITE021,Operations,Mobile,Webex Calling Standard,Provisioned,Migrated
USER01649,SITE008,Sales,Soft Client,Webex Calling Standard,Provisioned,In Progress
USER01650,SITE032,Support,Mobile,Webex Calling Professional,Pending,Migrated
USER01651,SITE016,Support,Desk Phone,Webex Calling Professional,Provisioned,Migrated
USER01652,SITE009,Finance,Soft Client,Webex Calling Standard,Provisioned,Failed
USER01653,SITE019,IT,Mobile,Webex Calling Professional,Provisioned,Failed
USER01654,SITE017,Operations,Mobile,Webex Calling Professional,Provisioned,Migrated
USER01655,SITE032,Management,Desk Phone,Webex Calling Professional,Provisioned,Migrated
USER01656,SITE014,IT,Mobile,Webex Calling Professional,Provisioned,Pending
USER01657,SITE033,Management,Soft Client,Webex Calling Standard,Provisioned,Migrated
USER01658,SITE019,Operations,Mobile,Webex Calling Standard,Provisioned,In Progress
USER01659,SITE023,Support,Desk Phone,Webex Calling Professional,Provisioned,Migrated
USER01660,SITE024,IT,Mobile,Webex Calling Standard,Provisioned,Migrated
USER01661,SITE012,Support,Mobile,Webex Calling Standard,Provisioned,Migrated
USER01662,SITE003,Finance,Desk Phone,Webex Calling Professional,Provisioned,Migrated
USER01663,SITE035,Sales,Mobile,Webex Calling Professional,Provisioned,Migrated
USER01664,SITE021,Sales,Soft Client,Webex Calling Standard,Provisioned,Failed
USER01665,SITE023,Finance,Desk Phone,Webex Calling Professional,Provisioned,Pending
USER01666,SITE016,HR,Room Device,Webex Calling Standard,Pending,Migrated
USER01667,SITE029,Sales,Soft Client,Webex Calling Standard,Provisioned,Migrated
USER01668,SITE014,HR,Room Device,Webex Calling Professional,Provisioned,Migrated
USER01669,SITE004,Finance,Mobile,Webex Calling Standard,Provisioned,Migrated
USER01670,SITE011,IT,Desk Phone,Webex Calling Professional,Provisioned,Pending
USER01671,SITE005,IT,Room Device,Webex Calling Professional,Provisioned,Failed
USER01672,SITE033,HR,Soft Client,Webex Calling Professional,Provisioned,Failed
USER01673,SITE024,IT,Mobile,Webex Calling Standard,Provisioned,Pending
USER01674,SITE012,Sales,Desk Phone,Webex Calling Professional,Pending,Migrated
USER01675,SITE030,Support,Room Device,Webex Calling Standard,Pending,Migrated
USER01676,SITE017,HR,Soft Client,Webex Calling Professional,Provisioned,Pending
USER01677,SITE013,Operations,Desk Phone,Webex Calling Standard,Provisioned,Migrated
USER01678,SITE001,Finance,Soft Client,Webex Calling Standard,Provisioned,Migrated
USER01679,SITE016,Management,Desk Phone,Webex Calling Standard,Provisioned,Migrated
USER01680,SITE035,Operations,Mobile,Webex Calling Professional,Provisioned,Migrated
USER01681,SITE031,Support,Desk Phone,Webex Calling Professional,Provisioned,Migrated
USER01682,SITE001,Finance,Room Device,Webex Calling Standard,Provisioned,Migrated
USER01683,SITE002,IT,Desk Phone,Webex Calling Standard,Provisioned,Migrated
USER01684,SITE027,Operations,Room Device,Webex Calling Standard,Pending,Migrated
USER01685,SITE023,Operations,Soft Client,Webex Calling Professional,Provisioned,Migrated
USER01686,SITE015,Management,Room Device,Webex Calling Standard,Failed,Pending
USER01687,SITE005,Management,Room Device,Webex Calling Standard,Provisioned,In Progress
USER01688,SITE032,Operations,Soft Client,Webex Calling Professional,Provisioned,Failed
USER01689,SITE024,HR,Room Device,Webex Calling Professional,Failed,Migrated
USER01690,SITE025,Finance,Room Device,Webex Calling Standard,Provisioned,In Progress
USER01691,SITE006,Operations,Room Device,Webex Calling Standard,Provisioned,Pending
USER01692,SITE022,Sales,Desk Phone,Webex Calling Standard,Provisioned,Migrated
USER01693,SITE002,HR,Desk Phone,Webex Calling Professional,Provisioned,Migrated
USER01694,SITE028,Sales,Mobile,Webex Calling Professional,Provisioned,Failed
USER01695,SITE002,Support,Room Device,Webex Calling Professional,Provisioned,Migrated
USER01696,SITE013,Sales,Soft Client,Webex Calling Professional,Provisioned,Migrated
USER01697,SITE018,Operations,Mobile,Webex Calling Professional,Provisioned,Failed
USER01698,SITE031,Finance,Soft Client,Webex Calling Standard,Provisioned,Migrated
USER01699,SITE029,Finance,Desk Phone,Webex Calling Professional,Provisioned,Failed
USER01700,SITE019,Finance,Room Device,Webex Calling Standard,Provisioned,Migrated
USER01701,SITE034,Finance,Mobile,Webex Calling Professional,Provisioned,Migrated
USER01702,SITE029,IT,Mobile,Webex Calling Standard,Provisioned,Migrated
USER01703,SITE034,Finance,Room Device,Webex Calling Professional,Provisioned,Migrated
USER01704,SITE034,HR,Soft Client,Webex Calling Standard,Provisioned,Migrated
USER01705,SITE019,IT,Desk Phone,Webex Calling Standard,Provisioned,Migrated
USER01706,SITE032,Support,Desk Phone,Webex Calling Standard,Provisioned,Migrated
USER01707,SITE015,IT,Mobile,Webex Calling Standard,Provisioned,In Progress
USER01708,SITE025,HR,Room Device,Webex Calling Standard,Provisioned,Migrated
USER01709,SITE026,Support,Desk Phone,Webex Calling Standard,Provisioned,Pending
USER01710,SITE026,Management,Desk Phone,Webex Calling Standard,Provisioned,Migrated
USER01711,SITE009,Sales,Room Device,Webex Calling Standard,Pending,Migrated
USER01712,SITE019,Support,Soft Client,Webex Calling Standard,Provisioned,Migrated
USER01713,SITE019,Sales,Mobile,Webex Calling Professional,Pending,Migrated
USER01714,SITE003,IT,Mobile,Webex Calling Standard,Pending,Pending
USER01715,SITE007,IT,Room Device,Webex Calling Standard,Pending,Migrated
USER01716,SITE007,IT,Mobile,Webex Calling Standard,Provisioned,Pending
USER01717,SITE024,Sales,Room Device,Webex Calling Professional,Provisioned,Migrated
USER01718,SITE016,Operations,Room Device,Webex Calling Standard,Provisioned,Migrated
USER01719,SITE003,Operations,Mobile,Webex Calling Standard,Provisioned,In Progress
USER01720,SITE033,Management,Desk Phone,Webex Calling Professional,Provisioned,Migrated
USER01721,SITE019,IT,Mobile,Webex Calling Standard,Provisioned,Migrated
USER01722,SITE002,HR,Soft Client,Webex Calling Professional,Pending,Migrated
USER01723,SITE008,Management,Desk Phone,Webex Calling Professional,Provisioned,Migrated
USER01724,SITE022,HR,Desk Phone,Webex Calling Standard,Provisioned,Migrated
USER01725,SITE028,Finance,Desk Phone,Webex Calling Professional,Provisioned,Pending
USER01726,SITE018,IT,Soft Client,Webex Calling Standard,Provisioned,In Progress
USER01727,SITE015,HR,Desk Phone,Webex Calling Professional,Provisioned,Migrated
USER01728,SITE011,Sales,Desk Phone,Webex Calling Standard,Provisioned,Pending
USER01729,SITE027,HR,Mobile,Webex Calling Professional,Failed,In Progress
USER01730,SITE033,Support,Desk Phone,Webex Calling Professional,Provisioned,Failed
USER01731,SITE006,Operations,Desk Phone,Webex Calling Standard,Provisioned,Migrated
USER01732,SITE033,Operations,Mobile,Webex Calling Standard,Provisioned,Migrated
USER01733,SITE014,IT,Desk Phone,Webex Calling Professional,Provisioned,Migrated
USER01734,SITE003,HR,Soft Client,Webex Calling Professional,Provisioned,In Progress
USER01735,SITE031,Sales,Room Device,Webex Calling Professional,Provisioned,Pending
USER01736,SITE035,Operations,Soft Client,Webex Calling Professional,Provisioned,Migrated
USER01737,SITE026,HR,Room Device,Webex Calling Standard,Provisioned,Migrated
USER01738,SITE033,Sales,Room Device,Webex Calling Standard,Provisioned,Migrated
USER01739,SITE034,IT,Mobile,Webex Calling Professional,Failed,Migrated
USER01740,SITE022,Management,Desk Phone,Webex Calling Standard,Provisioned,Migrated
USER01741,SITE001,Management,Room Device,Webex Calling Professional,Provisioned,In Progress
USER01742,SITE034,Operations,Soft Client,Webex Calling Standard,Provisioned,Migrated
USER01743,SITE017,Operations,Soft Client,Webex Calling Standard,Provisioned,Pending
USER01744,SITE002,Finance,Soft Client,Webex Calling Professional,Failed,Migrated
USER01745,SITE017,HR,Desk Phone,Webex Calling Professional,Provisioned,Migrated
USER01746,SITE009,Operations,Room Device,Webex Calling Standard,Provisioned,In Progress
USER01747,SITE025,Sales,Desk Phone,Webex Calling Standard,Provisioned,Migrated
USER01748,SITE010,Operations,Room Device,Webex Calling Professional,Provisioned,Migrated
USER01749,SITE020,Sales,Room Device,Webex Calling Professional,Provisioned,In Progress
USER01750,SITE004,Finance,Soft Client,Webex Calling Professional,Provisioned,Migrated
USER01751,SITE032,Finance,Mobile,Webex Calling Professional,Pending,Migrated
USER01752,SITE013,Operations,Soft Client,Webex Calling Professional,Provisioned,Migrated
USER01753,SITE001,Operations,Soft Client,Webex Calling Professional,Provisioned,Migrated
USER01754,SITE009,Finance,Room Device,Webex Calling Standard,Pending,Migrated
USER01755,SITE020,HR,Soft Client,Webex Calling Standard,Provisioned,Migrated
USER01756,SITE021,Finance,Room Device,Webex Calling Professional,Provisioned,Migrated
USER01757,SITE005,HR,Desk Phone,Webex Calling Standard,Provisioned,Migrated
USER01758,SITE009,HR,Desk Phone,Webex Calling Standard,Provisioned,Migrated
USER01759,SITE019,Support,Mobile,Webex Calling Standard,Provisioned,Migrated
USER01760,SITE013,HR,Desk Phone,Webex Calling Standard,Provisioned,Migrated
USER01761,SITE031,Support,Soft Client,Webex Calling Standard,Provisioned,Migrated
USER01762,SITE023,Sales,Desk Phone,Webex Calling Standard,Provisioned,Pending
USER01763,SITE004,Support,Desk Phone,Webex Calling Professional,Provisioned,Migrated
USER01764,SITE020,HR,Desk Phone,Webex Calling Professional,Provisioned,Migrated
USER01765,SITE022,Operations,Soft Client,Webex Calling Professional,Provisioned,Migrated
USER01766,SITE023,HR,Desk Phone,Webex Calling Professional,Provisioned,Migrated
USER01767,SITE003,Operations,Room Device,Webex Calling Professional,Provisioned,Failed
USER01768,SITE030,Support,Soft Client,Webex Calling Professional,Provisioned,Failed
USER01769,SITE031,IT,Room Device,Webex Calling Standard,Provisioned,Pending
USER01770,SITE016,IT,Room Device,Webex Calling Standard,Pending,Failed
USER01771,SITE032,HR,Mobile,Webex Calling Professional,Provisioned,Migrated
USER01772,SITE035,Finance,Soft Client,Webex Calling Standard,Provisioned,Migrated
USER01773,SITE014,Finance,Desk Phone,Webex Calling Standard,Provisioned,Migrated
USER01774,SITE008,Support,Soft Client,Webex Calling Standard,Pending,Migrated
USER01775,SITE021,HR,Desk Phone,Webex Calling Standard,Provisioned,Migrated
USER01776,SITE021,IT,Desk Phone,Webex Calling Professional,Provisioned,Pending
USER01777,SITE025,HR,Soft Client,Webex Calling Standard,Provisioned,In Progress
USER01778,SITE017,Sales,Desk Phone,Webex Calling Professional,Provisioned,Migrated
USER01779,SITE023,Finance,Desk Phone,Webex Calling Standard,Provisioned,Migrated
USER01780,SITE020,Support,Mobile,Webex Calling Professional,Pending,Migrated
USER01781,SITE029,Operations,Mobile,Webex Calling Standard,Provisioned,Failed
USER01782,SITE001,IT,Desk Phone,Webex Calling Professional,Provisioned,Migrated
USER01783,SITE033,HR,Desk Phone,Webex Calling Professional,Failed,Migrated
USER01784,SITE002,Finance,Mobile,Webex Calling Professional,Provisioned,Migrated
USER01785,SITE019,Sales,Room Device,Webex Calling Standard,Provisioned,Pending
USER01786,SITE007,Finance,Room Device,Webex Calling Professional,Provisioned,Migrated
USER01787,SITE016,HR,Soft Client,Webex Calling Professional,Provisioned,In Progress
USER01788,SITE031,IT,Mobile,Webex Calling Professional,Provisioned,Migrated
USER01789,SITE024,IT,Room Device,Webex Calling Standard,Provisioned,Pending
USER01790,SITE014,Sales,Soft Client,Webex Calling Professional,Pending,Migrated
USER01791,SITE008,HR,Desk Phone,Webex Calling Standard,Provisioned,Migrated
USER01792,SITE012,Sales,Mobile,Webex Calling Standard,Provisioned,Migrated
USER01793,SITE004,Operations,Room Device,Webex Calling Standard,Pending,Failed
USER01794,SITE018,Management,Mobile,Webex Calling Standard,Provisioned,In Progress
USER01795,SITE031,Finance,Soft Client,Webex Calling Professional,Provisioned,In Progress
USER01796,SITE030,IT,Mobile,Webex Calling Professional,Provisioned,Migrated
USER01797,SITE028,IT,Desk Phone,Webex Calling Standard,Provisioned,Migrated
USER01798,SITE032,Operations,Mobile,Webex Calling Professional,Provisioned,In Progress
USER01799,SITE001,Operations,Soft Client,Webex Calling Standard,Provisioned,Migrated
USER01800,SITE024,Support,Soft Client,Webex Calling Standard,Provisioned,Pending
USER01801,SITE012,Sales,Soft Client,Webex Calling Professional,Provisioned,Migrated
USER01802,SITE029,Management,Soft Client,Webex Calling Standard,Provisioned,In Progress
USER01803,SITE022,HR,Soft Client,Webex Calling Professional,Provisioned,Migrated
USER01804,SITE024,Sales,Room Device,Webex Calling Professional,Provisioned,Migrated
USER01805,SITE003,Operations,Room Device,Webex Calling Professional,Provisioned,Migrated
USER01806,SITE021,Management,Room Device,Webex Calling Standard,Provisioned,Migrated
USER01807,SITE033,IT,Mobile,Webex Calling Professional,Provisioned,Migrated
USER01808,SITE012,IT,Soft Client,Webex Calling Standard,Provisioned,Migrated
USER01809,SITE015,IT,Mobile,Webex Calling Professional,Pending,Migrated
USER01810,SITE005,Operations,Room Device,Webex Calling Professional,Provisioned,Pending
USER01811,SITE030,Sales,Soft Client,Webex Calling Standard,Provisioned,Migrated
USER01812,SITE028,Operations,Room Device,Webex Calling Professional,Provisioned,Pending
USER01813,SITE001,Finance,Soft Client,Webex Calling Standard,Provisioned,Migrated
USER01814,SITE035,Management,Desk Phone,Webex Calling Professional,Provisioned,In Progress
USER01815,SITE026,Management,Mobile,Webex Calling Professional,Provisioned,Migrated
USER01816,SITE032,Finance,Room Device,Webex Calling Professional,Provisioned,Migrated
USER01817,SITE022,Operations,Room Device,Webex Calling Professional,Provisioned,Migrated
USER01818,SITE005,Management,Desk Phone,Webex Calling Standard,Provisioned,Failed
USER01819,SITE027,Finance,Room Device,Webex Calling Standard,Provisioned,Migrated
USER01820,SITE029,Finance,Room Device,Webex Calling Standard,Provisioned,Migrated
USER01821,SITE029,Sales,Desk Phone,Webex Calling Professional,Provisioned,Migrated
USER01822,SITE033,HR,Room Device,Webex Calling Professional,Provisioned,Migrated
USER01823,SITE026,Support,Mobile,Webex Calling Professional,Pending,Pending
USER01824,SITE027,Management,Mobile,Webex Calling Standard,Provisioned,Migrated
USER01825,SITE015,Finance,Mobile,Webex Calling Professional,Provisioned,Pending
USER01826,SITE022,Sales,Soft Client,Webex Calling Standard,Provisioned,Migrated
USER01827,SITE017,HR,Soft Client,Webex Calling Standard,Provisioned,Migrated
USER01828,SITE031,Support,Desk Phone,Webex Calling Standard,Provisioned,Failed
USER01829,SITE030,Management,Mobile,Webex Calling Professional,Provisioned,Migrated
USER01830,SITE022,Sales,Mobile,Webex Calling Standard,Provisioned,Pending
USER01831,SITE015,Finance,Soft Client,Webex Calling Professional,Provisioned,Migrated
USER01832,SITE015,Sales,Soft Client,Webex Calling Professional,Provisioned,Migrated
USER01833,SITE020,Sales,Desk Phone,Webex Calling Professional,Provisioned,Pending
USER01834,SITE016,Operations,Room Device,Webex Calling Standard,Provisioned,Migrated
USER01835,SITE029,Sales,Mobile,Webex Calling Professional,Failed,Migrated
USER01836,SITE014,Management,Mobile,Webex Calling Professional,Provisioned,Migrated
USER01837,SITE010,Support,Mobile,Webex Calling Standard,Provisioned,Migrated
USER01838,SITE024,Finance,Mobile,Webex Calling Professional,Pending,Migrated
USER01839,SITE009,Operations,Desk Phone,Webex Calling Standard,Provisioned,Pending
USER01840,SITE018,HR,Desk Phone,Webex Calling Professional,Provisioned,Migrated
USER01841,SITE021,Operations,Room Device,Webex Calling Professional,Provisioned,Migrated
USER01842,SITE015,Finance,Soft Client,Webex Calling Standard,Failed,Migrated
USER01843,SITE032,HR,Desk Phone,Webex Calling Professional,Provisioned,Migrated
USER01844,SITE014,Finance,Desk Phone,Webex Calling Professional,Provisioned,Migrated
USER01845,SITE018,Operations,Soft Client,Webex Calling Standard,Provisioned,Migrated
USER01846,SITE027,Sales,Desk Phone,Webex Calling Standard,Pending,Migrated
USER01847,SITE019,Support,Soft Client,Webex Calling Standard,Provisioned,Migrated
USER01848,SITE010,Finance,Soft Client,Webex Calling Standard,Provisioned,Migrated
USER01849,SITE028,Support,Desk Phone,Webex Calling Professional,Provisioned,Migrated
USER01850,SITE022,Sales,Mobile,Webex Calling Professional,Provisioned,Migrated
USER01851,SITE008,HR,Mobile,Webex Calling Professional,Provisioned,Migrated
USER01852,SITE034,Management,Mobile,Webex Calling Standard,Provisioned,Pending
USER01853,SITE031,Sales,Room Device,Webex Calling Professional,Provisioned,Migrated
USER01854,SITE033,Operations,Desk Phone,Webex Calling Standard,Pending,Migrated
USER01855,SITE022,Sales,Room Device,Webex Calling Professional,Provisioned,Migrated
USER01856,SITE021,Finance,Soft Client,Webex Calling Standard,Provisioned,Migrated
USER01857,SITE030,IT,Soft Client,Webex Calling Professional,Provisioned,Migrated
USER01858,SITE003,Operations,Room Device,Webex Calling Standard,Provisioned,Migrated
USER01859,SITE005,Operations,Soft Client,Webex Calling Professional,Provisioned,Migrated
USER01860,SITE031,Management,Soft Client,Webex Calling Standard,Provisioned,Migrated
USER01861,SITE024,HR,Mobile,Webex Calling Professional,Provisioned,Pending
USER01862,SITE009,Operations,Soft Client,Webex Calling Professional,Provisioned,Migrated
USER01863,SITE013,Management,Soft Client,Webex Calling Professional,Provisioned,Migrated
USER01864,SITE035,Finance,Soft Client,Webex Calling Professional,Provisioned,Migrated
USER01865,SITE016,HR,Mobile,Webex Calling Standard,Provisioned,Migrated
USER01866,SITE034,IT,Room Device,Webex Calling Professional,Pending,Migrated
USER01867,SITE029,IT,Soft Client,Webex Calling Professional,Provisioned,In Progress
USER01868,SITE030,Support,Mobile,Webex Calling Standard,Provisioned,Failed
USER01869,SITE005,IT,Soft Client,Webex Calling Professional,Provisioned,Migrated
USER01870,SITE034,Management,Room Device,Webex Calling Standard,Provisioned,Migrated
USER01871,SITE025,IT,Room Device,Webex Calling Standard,Provisioned,Migrated
USER01872,SITE029,HR,Desk Phone,Webex Calling Standard,Provisioned,Failed
USER01873,SITE021,Finance,Room Device,Webex Calling Standard,Provisioned,Migrated
USER01874,SITE031,Management,Mobile,Webex Calling Standard,Provisioned,Migrated
USER01875,SITE013,IT,Desk Phone,Webex Calling Standard,Provisioned,Migrated
USER01876,SITE034,IT,Mobile,Webex Calling Professional,Provisioned,Pending
USER01877,SITE002,HR,Mobile,Webex Calling Professional,Provisioned,Pending
USER01878,SITE027,IT,Mobile,Webex Calling Professional,Provisioned,Pending
USER01879,SITE026,Sales,Desk Phone,Webex Calling Professional,Provisioned,Migrated
USER01880,SITE026,Finance,Soft Client,Webex Calling Standard,Provisioned,Failed
USER01881,SITE009,Finance,Soft Client,Webex Calling Standard,Provisioned,Migrated
USER01882,SITE033,Operations,Soft Client,Webex Calling Standard,Pending,Migrated
USER01883,SITE010,Sales,Mobile,Webex Calling Standard,Provisioned,Migrated
USER01884,SITE004,Support,Desk Phone,Webex Calling Professional,Provisioned,Migrated
USER01885,SITE027,Management,Room Device,Webex Calling Standard,Provisioned,Migrated
USER01886,SITE032,Sales,Soft Client,Webex Calling Standard,Provisioned,Migrated
USER01887,SITE006,Sales,Mobile,Webex Calling Professional,Provisioned,In Progress
USER01888,SITE007,IT,Soft Client,Webex Calling Professional,Provisioned,Migrated
USER01889,SITE010,Sales,Soft Client,Webex Calling Standard,Provisioned,In Progress
USER01890,SITE024,Management,Desk Phone,Webex Calling Professional,Provisioned,Migrated
USER01891,SITE034,Support,Mobile,Webex Calling Professional,Provisioned,Pending
USER01892,SITE005,Operations,Room Device,Webex Calling Standard,Pending,Migrated
USER01893,SITE034,Sales,Soft Client,Webex Calling Standard,Provisioned,Failed
USER01894,SITE005,Finance,Room Device,Webex Calling Professional,Provisioned,Migrated
USER01895,SITE028,Support,Mobile,Webex Calling Professional,Provisioned,Migrated
USER01896,SITE028,Management,Mobile,Webex Calling Standard,Provisioned,Migrated
USER01897,SITE013,IT,Room Device,Webex Calling Standard,Provisioned,Migrated
USER01898,SITE033,HR,Soft Client,Webex Calling Standard,Provisioned,Migrated
USER01899,SITE030,Support,Desk Phone,Webex Calling Professional,Provisioned,Migrated
USER01900,SITE010,Management,Soft Client,Webex Calling Professional,Provisioned,Migrated
USER01901,SITE018,Operations,Mobile,Webex Calling Professional,Provisioned,Migrated
USER01902,SITE008,HR,Mobile,Webex Calling Professional,Provisioned,Migrated
USER01903,SITE028,HR,Mobile,Webex Calling Standard,Provisioned,Pending
USER01904,SITE010,IT,Room Device,Webex Calling Professional,Provisioned,Migrated
USER01905,SITE026,Operations,Mobile,Webex Calling Professional,Provisioned,Migrated
USER01906,SITE001,Operations,Soft Client,Webex Calling Professional,Provisioned,Pending
USER01907,SITE011,Support,Desk Phone,Webex Calling Professional,Provisioned,Migrated
USER01908,SITE034,Sales,Mobile,Webex Calling Professional,Provisioned,In Progress
USER01909,SITE021,Finance,Desk Phone,Webex Calling Standard,Pending,In Progress
USER01910,SITE022,IT,Room Device,Webex Calling Standard,Provisioned,Failed
USER01911,SITE001,Finance,Soft Client,Webex Calling Professional,Provisioned,Migrated
USER01912,SITE014,Sales,Soft Client,Webex Calling Professional,Provisioned,Migrated
USER01913,SITE028,Sales,Mobile,Webex Calling Professional,Provisioned,Migrated
USER01914,SITE026,Management,Mobile,Webex Calling Professional,Provisioned,Migrated
USER01915,SITE020,IT,Mobile,Webex Calling Standard,Provisioned,Migrated
USER01916,SITE008,HR,Room Device,Webex Calling Standard,Provisioned,Migrated
USER01917,SITE004,Management,Room Device,Webex Calling Standard,Provisioned,Migrated
USER01918,SITE022,HR,Desk Phone,Webex Calling Professional,Provisioned,Migrated
USER01919,SITE012,HR,Desk Phone,Webex Calling Professional,Provisioned,Migrated
USER01920,SITE004,IT,Desk Phone,Webex Calling Standard,Failed,Migrated
USER01921,SITE020,Sales,Desk Phone,Webex Calling Standard,Provisioned,Migrated
USER01922,SITE017,Support,Mobile,Webex Calling Professional,Provisioned,Migrated
USER01923,SITE004,Finance,Mobile,Webex Calling Standard,Provisioned,Migrated
USER01924,SITE004,Sales,Room Device,Webex Calling Professional,Provisioned,Migrated
USER01925,SITE026,Support,Soft Client,Webex Calling Professional,Provisioned,Migrated
USER01926,SITE017,Management,Mobile,Webex Calling Professional,Provisioned,Migrated
USER01927,SITE018,Management,Soft Client,Webex Calling Standard,Provisioned,Failed
USER01928,SITE009,Operations,Mobile,Webex Calling Professional,Provisioned,Migrated
USER01929,SITE031,HR,Desk Phone,Webex Calling Professional,Failed,Migrated
USER01930,SITE035,Management,Mobile,Webex Calling Standard,Provisioned,Pending
USER01931,SITE026,Operations,Soft Client,Webex Calling Standard,Provisioned,Migrated
USER01932,SITE003,Sales,Mobile,Webex Calling Professional,Pending,Migrated
USER01933,SITE009,Management,Mobile,Webex Calling Professional,Pending,Failed
USER01934,SITE035,Management,Desk Phone,Webex Calling Professional,Provisioned,Failed
USER01935,SITE022,Management,Mobile,Webex Calling Standard,Provisioned,Migrated
USER01936,SITE030,Operations,Desk Phone,Webex Calling Professional,Provisioned,In Progress
USER01937,SITE029,Operations,Desk Phone,Webex Calling Standard,Provisioned,Migrated
USER01938,SITE033,Operations,Desk Phone,Webex Calling Professional,Provisioned,Migrated
USER01939,SITE025,Operations,Soft Client,Webex Calling Professional,Provisioned,Migrated
USER01940,SITE002,Sales,Mobile,Webex Calling Professional,Pending,Migrated
USER01941,SITE004,Operations,Soft Client,Webex Calling Professional,Provisioned,Migrated
USER01942,SITE029,Finance,Room Device,Webex Calling Standard,Failed,In Progress
USER01943,SITE010,Finance,Room Device,Webex Calling Standard,Provisioned,Migrated
USER01944,SITE018,IT,Desk Phone,Webex Calling Standard,Failed,Pending
USER01945,SITE019,Finance,Soft Client,Webex Calling Standard,Pending,Migrated
USER01946,SITE014,IT,Soft Client,Webex Calling Standard,Provisioned,Migrated
USER01947,SITE004,Finance,Soft Client,Webex Calling Professional,Provisioned,Migrated
USER01948,SITE013,Management,Room Device,Webex Calling Standard,Provisioned,Migrated
USER01949,SITE022,HR,Mobile,Webex Calling Professional,Provisioned,Pending
USER01950,SITE012,HR,Mobile,Webex Calling Professional,Provisioned,Migrated
USER01951,SITE014,Operations,Desk Phone,Webex Calling Professional,Provisioned,In Progress
USER01952,SITE033,Support,Soft Client,Webex Calling Standard,Provisioned,Migrated
USER01953,SITE011,IT,Room Device,Webex Calling Standard,Provisioned,Migrated
USER01954,SITE025,Sales,Soft Client,Webex Calling Professional,Pending,Migrated
USER01955,SITE012,Operations,Room Device,Webex Calling Professional,Provisioned,Migrated
USER01956,SITE002,IT,Room Device,Webex Calling Standard,Pending,Migrated
USER01957,SITE010,Sales,Mobile,Webex Calling Standard,Provisioned,Pending
USER01958,SITE022,HR,Mobile,Webex Calling Standard,Pending,Migrated
USER01959,SITE011,Sales,Mobile,Webex Calling Professional,Provisioned,Pending
USER01960,SITE015,Operations,Mobile,Webex Calling Standard,Provisioned,Migrated
USER01961,SITE015,IT,Room Device,Webex Calling Professional,Failed,Migrated
USER01962,SITE004,Support,Mobile,Webex Calling Standard,Provisioned,Migrated
USER01963,SITE031,Support,Desk Phone,Webex Calling Professional,Provisioned,Migrated
USER01964,SITE019,Operations,Room Device,Webex Calling Standard,Provisioned,Migrated
USER01965,SITE027,IT,Desk Phone,Webex Calling Professional,Provisioned,Failed
USER01966,SITE033,Finance,Room Device,Webex Calling Professional,Provisioned,Failed
USER01967,SITE022,Sales,Room Device,Webex Calling Professional,Provisioned,Migrated
USER01968,SITE009,Finance,Room Device,Webex Calling Standard,Provisioned,Migrated
USER01969,SITE031,Management,Mobile,Webex Calling Professional,Provisioned,Migrated
USER01970,SITE011,Operations,Room Device,Webex Calling Professional,Provisioned,Migrated
USER01971,SITE024,HR,Room Device,Webex Calling Professional,Provisioned,Pending
USER01972,SITE014,Operations,Room Device,Webex Calling Professional,Provisioned,Migrated
USER01973,SITE035,Operations,Room Device,Webex Calling Professional,Failed,Migrated
USER01974,SITE008,Finance,Desk Phone,Webex Calling Standard,Provisioned,Migrated
USER01975,SITE029,Management,Room Device,Webex Calling Standard,Provisioned,Pending
USER01976,SITE022,HR,Soft Client,Webex Calling Professional,Provisioned,Migrated
USER01977,SITE005,Support,Soft Client,Webex Calling Professional,Provisioned,In Progress
USER01978,SITE031,Finance,Desk Phone,Webex Calling Professional,Provisioned,Migrated
USER01979,SITE023,Sales,Soft Client,Webex Calling Professional,Provisioned,Failed
USER01980,SITE005,IT,Soft Client,Webex Calling Standard,Provisioned,Migrated
USER01981,SITE001,IT,Room Device,Webex Calling Professional,Provisioned,Migrated
USER01982,SITE013,Management,Desk Phone,Webex Calling Standard,Provisioned,Failed
USER01983,SITE034,Support,Mobile,Webex Calling Professional,Provisioned,Migrated
USER01984,SITE013,HR,Soft Client,Webex Calling Standard,Provisioned,Migrated
USER01985,SITE028,Support,Room Device,Webex Calling Standard,Provisioned,Migrated
USER01986,SITE025,IT,Desk Phone,Webex Calling Standard,Provisioned,Migrated
USER01987,SITE008,IT,Mobile,Webex Calling Professional,Pending,Pending
USER01988,SITE018,Operations,Room Device,Webex Calling Professional,Pending,Migrated
USER01989,SITE015,Support,Soft Client,Webex Calling Standard,Provisioned,Migrated
USER01990,SITE014,Management,Soft Client,Webex Calling Professional,Provisioned,In Progress
USER01991,SITE011,Management,Room Device,Webex Calling Standard,Pending,Migrated
USER01992,SITE023,Support,Soft Client,Webex Calling Standard,Provisioned,Migrated
USER01993,SITE017,Finance,Soft Client,Webex Calling Professional,Provisioned,Migrated
USER01994,SITE001,Finance,Soft Client,Webex Calling Professional,Provisioned,Migrated
USER01995,SITE023,Sales,Desk Phone,Webex Calling Professional,Provisioned,Migrated
USER01996,SITE014,Management,Desk Phone,Webex Calling Standard,Provisioned,Migrated
USER01997,SITE009,Sales,Soft Client,Webex Calling Professional,Provisioned,In Progress
USER01998,SITE022,Operations,Mobile,Webex Calling Professional,Provisioned,Migrated
USER01999,SITE004,IT,Mobile,Webex Calling Professional,Pending,In Progress
USER02000,SITE020,Sales,Mobile,Webex Calling Professional,Provisioned,In Progress
USER02001,SITE017,Support,Desk Phone,Webex Calling Professional,Provisioned,Migrated
USER02002,SITE011,Operations,Mobile,Webex Calling Standard,Provisioned,Migrated
USER02003,SITE009,Operations,Desk Phone,Webex Calling Standard,Provisioned,Failed
USER02004,SITE003,IT,Desk Phone,Webex Calling Professional,Provisioned,In Progress
USER02005,SITE010,HR,Desk Phone,Webex Calling Standard,Failed,Migrated
USER02006,SITE030,IT,Mobile,Webex Calling Standard,Provisioned,Pending
USER02007,SITE014,Operations,Mobile,Webex Calling Professional,Provisioned,Migrated
USER02008,SITE013,Sales,Room Device,Webex Calling Professional,Provisioned,Migrated
USER02009,SITE006,Management,Desk Phone,Webex Calling Standard,Provisioned,Migrated
USER02010,SITE028,Management,Mobile,Webex Calling Professional,Pending,Pending
USER02011,SITE034,HR,Room Device,Webex Calling Professional,Provisioned,Migrated
USER02012,SITE003,Support,Mobile,Webex Calling Standard,Provisioned,Migrated
USER02013,SITE004,Sales,Mobile,Webex Calling Professional,Provisioned,Migrated
USER02014,SITE013,Operations,Mobile,Webex Calling Standard,Provisioned,Migrated
USER02015,SITE032,Support,Desk Phone,Webex Calling Professional,Provisioned,Migrated
USER02016,SITE003,Sales,Room Device,Webex Calling Professional,Provisioned,Migrated
USER02017,SITE020,Sales,Desk Phone,Webex Calling Professional,Provisioned,Migrated
USER02018,SITE007,Operations,Mobile,Webex Calling Professional,Provisioned,Migrated
USER02019,SITE027,Operations,Room Device,Webex Calling Standard,Provisioned,Migrated
USER02020,SITE022,Sales,Desk Phone,Webex Calling Professional,Provisioned,In Progress
USER02021,SITE030,Management,Soft Client,Webex Calling Professional,Provisioned,Migrated
USER02022,SITE025,IT,Desk Phone,Webex Calling Standard,Pending,Migrated
USER02023,SITE003,Finance,Desk Phone,Webex Calling Standard,Pending,Migrated
USER02024,SITE010,Finance,Soft Client,Webex Calling Standard,Provisioned,Migrated
USER02025,SITE026,Sales,Desk Phone,Webex Calling Professional,Provisioned,Migrated
USER02026,SITE027,Management,Mobile,Webex Calling Standard,Provisioned,Migrated
USER02027,SITE029,HR,Desk Phone,Webex Calling Standard,Provisioned,Migrated
USER02028,SITE030,HR,Room Device,Webex Calling Standard,Provisioned,Migrated
USER02029,SITE017,IT,Soft Client,Webex Calling Standard,Pending,Migrated
USER02030,SITE022,IT,Soft Client,Webex Calling Professional,Failed,In Progress
USER02031,SITE018,IT,Soft Client,Webex Calling Standard,Provisioned,Migrated
USER02032,SITE013,Sales,Soft Client,Webex Calling Standard,Provisioned,Migrated
USER02033,SITE033,IT,Desk Phone,Webex Calling Professional,Failed,Migrated
USER02034,SITE021,Sales,Desk Phone,Webex Calling Standard,Provisioned,Migrated
USER02035,SITE035,Finance,Soft Client,Webex Calling Professional,Provisioned,Migrated
USER02036,SITE005,Operations,Soft Client,Webex Calling Standard,Provisioned,Failed
USER02037,SITE010,Management,Desk Phone,Webex Calling Professional,Provisioned,Migrated
USER02038,SITE025,Sales,Room Device,Webex Calling Standard,Failed,Migrated
USER02039,SITE022,Management,Room Device,Webex Calling Standard,Provisioned,Migrated
USER02040,SITE016,Management,Soft Client,Webex Calling Standard,Provisioned,Migrated
USER02041,SITE010,Operations,Soft Client,Webex Calling Professional,Pending,Migrated
USER02042,SITE008,Support,Mobile,Webex Calling Standard,Provisioned,Migrated
USER02043,SITE002,Management,Desk Phone,Webex Calling Standard,Provisioned,Migrated
USER02044,SITE008,HR,Mobile,Webex Calling Standard,Provisioned,In Progress
USER02045,SITE009,Finance,Room Device,Webex Calling Professional,Provisioned,Migrated
USER02046,SITE020,Sales,Soft Client,Webex Calling Standard,Failed,Migrated
USER02047,SITE002,IT,Desk Phone,Webex Calling Standard,Provisioned,Migrated
USER02048,SITE020,Operations,Soft Client,Webex Calling Standard,Provisioned,Pending
USER02049,SITE005,Management,Desk Phone,Webex Calling Professional,Provisioned,Migrated
USER02050,SITE027,Finance,Mobile,Webex Calling Professional,Provisioned,Migrated
USER02051,SITE003,HR,Mobile,Webex Calling Standard,Provisioned,Pending
USER02052,SITE023,Operations,Desk Phone,Webex Calling Professional,Provisioned,In Progress
USER02053,SITE024,HR,Mobile,Webex Calling Standard,Provisioned,Migrated
USER02054,SITE034,Management,Room Device,Webex Calling Standard,Provisioned,Failed
USER02055,SITE013,Finance,Room Device,Webex Calling Professional,Provisioned,Migrated
USER02056,SITE023,IT,Mobile,Webex Calling Professional,Provisioned,In Progress
USER02057,SITE027,IT,Mobile,Webex Calling Professional,Provisioned,Migrated
USER02058,SITE012,Finance,Soft Client,Webex Calling Professional,Provisioned,In Progress
USER02059,SITE012,IT,Mobile,Webex Calling Professional,Provisioned,Migrated
USER02060,SITE012,HR,Mobile,Webex Calling Professional,Provisioned,Failed
USER02061,SITE011,Finance,Room Device,Webex Calling Professional,Provisioned,Migrated
USER02062,SITE013,IT,Mobile,Webex Calling Professional,Pending,Migrated
USER02063,SITE022,Operations,Room Device,Webex Calling Professional,Failed,Migrated
USER02064,SITE010,Operations,Soft Client,Webex Calling Professional,Pending,Migrated
USER02065,SITE014,Support,Desk Phone,Webex Calling Professional,Pending,Migrated
USER02066,SITE008,Sales,Mobile,Webex Calling Professional,Provisioned,Migrated
USER02067,SITE002,IT,Soft Client,Webex Calling Standard,Provisioned,Migrated
USER02068,SITE018,Sales,Desk Phone,Webex Calling Professional,Provisioned,In Progress
USER02069,SITE026,Management,Room Device,Webex Calling Professional,Provisioned,In Progress
USER02070,SITE020,Management,Room Device,Webex Calling Professional,Provisioned,Migrated
USER02071,SITE021,Management,Soft Client,Webex Calling Standard,Provisioned,Migrated
USER02072,SITE001,Finance,Desk Phone,Webex Calling Professional,Provisioned,Migrated
USER02073,SITE006,HR,Soft Client,Webex Calling Standard,Pending,Failed
USER02074,SITE003,Operations,Desk Phone,Webex Calling Professional,Provisioned,Pending
USER02075,SITE013,Finance,Desk Phone,Webex Calling Professional,Provisioned,Migrated
USER02076,SITE018,Sales,Mobile,Webex Calling Professional,Provisioned,Migrated
USER02077,SITE008,Support,Room Device,Webex Calling Professional,Provisioned,Migrated
USER02078,SITE021,Sales,Desk Phone,Webex Calling Standard,Provisioned,Migrated
USER02079,SITE025,IT,Desk Phone,Webex Calling Standard,Provisioned,Failed
USER02080,SITE007,Operations,Soft Client,Webex Calling Professional,Failed,Migrated
USER02081,SITE016,Finance,Desk Phone,Webex Calling Standard,Provisioned,Failed
USER02082,SITE033,IT,Mobile,Webex Calling Professional,Provisioned,Failed
USER02083,SITE014,Operations,Soft Client,Webex Calling Standard,Pending,Migrated
USER02084,SITE018,Management,Desk Phone,Webex Calling Standard,Provisioned,Pending
USER02085,SITE031,IT,Room Device,Webex Calling Professional,Provisioned,Migrated
USER02086,SITE024,Sales,Mobile,Webex Calling Professional,Provisioned,Migrated
USER02087,SITE011,Sales,Desk Phone,Webex Calling Professional,Provisioned,Migrated
USER02088,SITE023,Support,Soft Client,Webex Calling Professional,Pending,Migrated
USER02089,SITE004,Operations,Soft Client,Webex Calling Professional,Failed,Migrated
USER02090,SITE035,HR,Desk Phone,Webex Calling Standard,Pending,Pending
USER02091,SITE010,Sales,Mobile,Webex Calling Standard,Provisioned,Migrated
USER02092,SITE035,Support,Desk Phone,Webex Calling Professional,Pending,Migrated
USER02093,SITE021,HR,Room Device,Webex Calling Professional,Failed,Migrated
USER02094,SITE025,Sales,Desk Phone,Webex Calling Professional,Provisioned,Migrated
USER02095,SITE025,HR,Mobile,Webex Calling Standard,Provisioned,Migrated
USER02096,SITE008,Sales,Room Device,Webex Calling Standard,Pending,Migrated
USER02097,SITE024,HR,Room Device,Webex Calling Standard,Failed,Migrated
USER02098,SITE028,Support,Mobile,Webex Calling Professional,Provisioned,Migrated
USER02099,SITE007,Support,Soft Client,Webex Calling Professional,Provisioned,Migrated
USER02100,SITE032,Management,Room Device,Webex Calling Professional,Provisioned,In Progress
USER02101,SITE007,Management,Desk Phone,Webex Calling Standard,Provisioned,Migrated
USER02102,SITE007,Support,Soft Client,Webex Calling Standard,Failed,Pending
USER02103,SITE031,Management,Room Device,Webex Calling Standard,Provisioned,Migrated
USER02104,SITE033,Finance,Desk Phone,Webex Calling Professional,Provisioned,Migrated
USER02105,SITE018,Support,Room Device,Webex Calling Professional,Provisioned,In Progress
USER02106,SITE015,Sales,Room Device,Webex Calling Professional,Provisioned,Migrated
USER02107,SITE017,Support,Mobile,Webex Calling Standard,Pending,Migrated
USER02108,SITE035,Support,Room Device,Webex Calling Standard,Provisioned,Migrated
USER02109,SITE014,Support,Room Device,Webex Calling Professional,Provisioned,Migrated
USER02110,SITE010,Operations,Mobile,Webex Calling Professional,Pending,Migrated
USER02111,SITE031,Management,Desk Phone,Webex Calling Professional,Provisioned,Migrated
USER02112,SITE024,Management,Mobile,Webex Calling Standard,Pending,Migrated
USER02113,SITE016,HR,Room Device,Webex Calling Professional,Failed,Migrated
USER02114,SITE029,HR,Soft Client,Webex Calling Standard,Provisioned,Migrated
USER02115,SITE020,Finance,Mobile,Webex Calling Professional,Provisioned,Migrated
USER02116,SITE007,IT,Room Device,Webex Calling Professional,Provisioned,Migrated
USER02117,SITE019,HR,Mobile,Webex Calling Standard,Provisioned,Migrated
USER02118,SITE025,Support,Soft Client,Webex Calling Standard,Provisioned,Migrated
USER02119,SITE016,Finance,Mobile,Webex Calling Professional,Provisioned,Migrated
USER02120,SITE006,Management,Room Device,Webex Calling Professional,Provisioned,Migrated
USER02121,SITE004,Management,Soft Client,Webex Calling Standard,Provisioned,Failed
USER02122,SITE021,Support,Room Device,Webex Calling Standard,Provisioned,Migrated
USER02123,SITE035,IT,Soft Client,Webex Calling Standard,Provisioned,Migrated
USER02124,SITE008,Operations,Soft Client,Webex Calling Professional,Pending,Migrated
USER02125,SITE032,Operations,Mobile,Webex Calling Professional,Provisioned,Migrated
USER02126,SITE016,Management,Desk Phone,Webex Calling Standard,Provisioned,Migrated
USER02127,SITE024,Operations,Mobile,Webex Calling Professional,Pending,Migrated
USER02128,SITE024,Finance,Room Device,Webex Calling Standard,Provisioned,Pending
USER02129,SITE009,IT,Mobile,Webex Calling Professional,Provisioned,Pending
USER02130,SITE024,Finance,Soft Client,Webex Calling Professional,Failed,Migrated
USER02131,SITE017,IT,Mobile,Webex Calling Professional,Provisioned,Migrated
USER02132,SITE023,Operations,Mobile,Webex Calling Professional,Pending,Migrated
USER02133,SITE001,Sales,Soft Client,Webex Calling Professional,Provisioned,In Progress
USER02134,SITE028,Support,Soft Client,Webex Calling Professional,Provisioned,Migrated
USER02135,SITE023,HR,Soft Client,Webex Calling Professional,Provisioned,Failed
USER02136,SITE003,Management,Soft Client,Webex Calling Standard,Provisioned,Migrated
USER02137,SITE007,Management,Soft Client,Webex Calling Standard,Provisioned,Migrated
USER02138,SITE032,Management,Desk Phone,Webex Calling Standard,Provisioned,Migrated
USER02139,SITE029,Sales,Mobile,Webex Calling Professional,Pending,Migrated
USER02140,SITE033,Management,Desk Phone,Webex Calling Professional,Provisioned,Migrated
USER02141,SITE002,Operations,Soft Client,Webex Calling Standard,Pending,Failed
USER02142,SITE006,Finance,Desk Phone,Webex Calling Standard,Provisioned,Migrated
USER02143,SITE012,Sales,Soft Client,Webex Calling Professional,Provisioned,Migrated
USER02144,SITE016,Finance,Mobile,Webex Calling Standard,Provisioned,Migrated
USER02145,SITE007,Support,Desk Phone,Webex Calling Professional,Provisioned,In Progress
USER02146,SITE022,Finance,Mobile,Webex Calling Standard,Provisioned,Migrated
USER02147,SITE002,Operations,Mobile,Webex Calling Standard,Provisioned,Migrated
USER02148,SITE031,IT,Room Device,Webex Calling Standard,Provisioned,Pending
USER02149,SITE032,Sales,Soft Client,Webex Calling Professional,Provisioned,Migrated
USER02150,SITE018,Operations,Desk Phone,Webex Calling Standard,Provisioned,Pending
USER02151,SITE027,IT,Room Device,Webex Calling Professional,Failed,Migrated
USER02152,SITE006,Support,Desk Phone,Webex Calling Professional,Provisioned,Migrated
USER02153,SITE026,Management,Soft Client,Webex Calling Standard,Provisioned,Migrated
USER02154,SITE020,Operations,Room Device,Webex Calling Professional,Provisioned,Migrated
USER02155,SITE025,HR,Soft Client,Webex Calling Standard,Failed,Migrated
USER02156,SITE022,IT,Soft Client,Webex Calling Standard,Provisioned,Migrated
USER02157,SITE005,Sales,Room Device,Webex Calling Standard,Failed,Migrated
USER02158,SITE010,Operations,Soft Client,Webex Calling Professional,Provisioned,Migrated
USER02159,SITE005,IT,Desk Phone,Webex Calling Professional,Pending,In Progress
USER02160,SITE023,Finance,Mobile,Webex Calling Standard,Provisioned,Pending
USER02161,SITE021,Operations,Mobile,Webex Calling Professional,Provisioned,Migrated
USER02162,SITE032,Sales,Room Device,Webex Calling Standard,Pending,Pending
USER02163,SITE026,Support,Soft Client,Webex Calling Professional,Pending,Migrated
USER02164,SITE027,Operations,Room Device,Webex Calling Standard,Failed,Migrated
USER02165,SITE003,Management,Room Device,Webex Calling Standard,Provisioned,Migrated
USER02166,SITE002,Operations,Soft Client,Webex Calling Professional,Provisioned,Migrated
USER02167,SITE012,Finance,Mobile,Webex Calling Standard,Provisioned,Migrated
USER02168,SITE008,Support,Soft Client,Webex Calling Professional,Provisioned,Migrated
USER02169,SITE017,Finance,Desk Phone,Webex Calling Standard,Provisioned,Migrated
USER02170,SITE023,Support,Room Device,Webex Calling Standard,Provisioned,Migrated
USER02171,SITE025,Management,Desk Phone,Webex Calling Standard,Provisioned,Migrated
USER02172,SITE006,Sales,Mobile,Webex Calling Standard,Provisioned,Migrated
USER02173,SITE025,Operations,Room Device,Webex Calling Professional,Provisioned,Migrated
USER02174,SITE015,Management,Mobile,Webex Calling Standard,Provisioned,Pending
USER02175,SITE020,Sales,Room Device,Webex Calling Standard,Provisioned,Migrated
USER02176,SITE022,Finance,Soft Client,Webex Calling Professional,Provisioned,Migrated
USER02177,SITE005,Finance,Desk Phone,Webex Calling Standard,Pending,Migrated
USER02178,SITE004,Operations,Room Device,Webex Calling Standard,Provisioned,Migrated
USER02179,SITE023,Management,Room Device,Webex Calling Professional,Provisioned,Migrated
USER02180,SITE008,Finance,Room Device,Webex Calling Standard,Provisioned,Migrated
USER02181,SITE005,Finance,Mobile,Webex Calling Professional,Provisioned,In Progress
USER02182,SITE024,Management,Soft Client,Webex Calling Standard,Provisioned,Migrated
USER02183,SITE032,Support,Desk Phone,Webex Calling Professional,Provisioned,Migrated
USER02184,SITE016,Sales,Soft Client,Webex Calling Professional,Provisioned,Migrated
USER02185,SITE032,IT,Desk Phone,Webex Calling Professional,Provisioned,Pending
USER02186,SITE019,Management,Desk Phone,Webex Calling Standard,Provisioned,Migrated
USER02187,SITE022,HR,Desk Phone,Webex Calling Professional,Pending,Pending
USER02188,SITE031,Finance,Desk Phone,Webex Calling Professional,Provisioned,Migrated
USER02189,SITE031,Management,Room Device,Webex Calling Professional,Provisioned,Migrated
USER02190,SITE024,Finance,Soft Client,Webex Calling Professional,Provisioned,Migrated
USER02191,SITE033,Sales,Desk Phone,Webex Calling Standard,Provisioned,Migrated
USER02192,SITE012,Operations,Room Device,Webex Calling Professional,Provisioned,Migrated
USER02193,SITE035,Sales,Room Device,Webex Calling Professional,Provisioned,Migrated
USER02194,SITE007,IT,Soft Client,Webex Calling Standard,Provisioned,Migrated
USER02195,SITE035,Sales,Desk Phone,Webex Calling Professional,Provisioned,Migrated
USER02196,SITE009,Management,Desk Phone,Webex Calling Professional,Provisioned,Migrated
USER02197,SITE027,Operations,Desk Phone,Webex Calling Professional,Provisioned,In Progress
USER02198,SITE030,Management,Mobile,Webex Calling Professional,Provisioned,Migrated
USER02199,SITE010,Operations,Room Device,Webex Calling Professional,Provisioned,In Progress
USER02200,SITE026,IT,Soft Client,Webex Calling Professional,Provisioned,Migrated
USER02201,SITE018,Support,Room Device,Webex Calling Standard,Provisioned,Migrated
USER02202,SITE014,Sales,Room Device,Webex Calling Standard,Provisioned,Pending
USER02203,SITE003,Support,Soft Client,Webex Calling Professional,Provisioned,Migrated
USER02204,SITE034,Sales,Soft Client,Webex Calling Standard,Provisioned,Pending
USER02205,SITE009,Operations,Soft Client,Webex Calling Standard,Provisioned,Migrated
USER02206,SITE016,Finance,Desk Phone,Webex Calling Standard,Provisioned,Pending
USER02207,SITE008,Support,Room Device,Webex Calling Professional,Pending,Migrated
USER02208,SITE003,Support,Soft Client,Webex Calling Professional,Failed,Migrated
USER02209,SITE021,Sales,Soft Client,Webex Calling Professional,Provisioned,Migrated
USER02210,SITE032,IT,Desk Phone,Webex Calling Standard,Provisioned,Migrated
USER02211,SITE029,Management,Room Device,Webex Calling Professional,Provisioned,Pending
USER02212,SITE034,HR,Soft Client,Webex Calling Professional,Provisioned,Migrated
USER02213,SITE024,HR,Mobile,Webex Calling Professional,Failed,Migrated
USER02214,SITE015,Operations,Mobile,Webex Calling Standard,Pending,Migrated
USER02215,SITE004,HR,Room Device,Webex Calling Standard,Provisioned,Migrated
USER02216,SITE023,Support,Desk Phone,Webex Calling Professional,Provisioned,Migrated
USER02217,SITE015,Sales,Soft Client,Webex Calling Professional,Provisioned,Pending
USER02218,SITE032,IT,Room Device,Webex Calling Standard,Failed,Migrated
USER02219,SITE033,IT,Room Device,Webex Calling Professional,Provisioned,Failed
USER02220,SITE034,HR,Desk Phone,Webex Calling Standard,Provisioned,Migrated
USER02221,SITE008,Operations,Soft Client,Webex Calling Standard,Provisioned,Migrated
USER02222,SITE022,IT,Room Device,Webex Calling Professional,Provisioned,In Progress
USER02223,SITE023,IT,Soft Client,Webex Calling Professional,Provisioned,Migrated
USER02224,SITE002,HR,Desk Phone,Webex Calling Professional,Provisioned,Migrated
USER02225,SITE017,Support,Room Device,Webex Calling Standard,Provisioned,Migrated
USER02226,SITE035,Support,Room Device,Webex Calling Professional,Provisioned,Migrated
USER02227,SITE003,Finance,Room Device,Webex Calling Professional,Provisioned,Migrated
USER02228,SITE020,Sales,Desk Phone,Webex Calling Standard,Provisioned,Migrated
USER02229,SITE021,Management,Mobile,Webex Calling Professional,Provisioned,Failed
USER02230,SITE027,Sales,Desk Phone,Webex Calling Standard,Failed,Migrated
USER02231,SITE008,IT,Desk Phone,Webex Calling Professional,Provisioned,Migrated
USER02232,SITE035,Finance,Mobile,Webex Calling Standard,Provisioned,Pending
USER02233,SITE023,Operations,Soft Client,Webex Calling Standard,Provisioned,Migrated
USER02234,SITE015,IT,Mobile,Webex Calling Professional,Provisioned,Migrated
USER02235,SITE022,Management,Desk Phone,Webex Calling Standard,Provisioned,Failed
USER02236,SITE028,Operations,Room Device,Webex Calling Professional,Provisioned,Migrated
USER02237,SITE033,Management,Mobile,Webex Calling Professional,Provisioned,Migrated
USER02238,SITE022,Support,Soft Client,Webex Calling Standard,Provisioned,Migrated
USER02239,SITE008,HR,Soft Client,Webex Calling Professional,Provisioned,Migrated
USER02240,SITE025,IT,Soft Client,Webex Calling Standard,Provisioned,Migrated
USER02241,SITE025,Finance,Mobile,Webex Calling Professional,Provisioned,In Progress
USER02242,SITE031,HR,Room Device,Webex Calling Professional,Provisioned,Migrated
USER02243,SITE033,Management,Desk Phone,Webex Calling Standard,Provisioned,Migrated
USER02244,SITE019,HR,Soft Client,Webex Calling Standard,Provisioned,In Progress
USER02245,SITE011,Operations,Mobile,Webex Calling Professional,Provisioned,Migrated
USER02246,SITE005,HR,Soft Client,Webex Calling Standard,Provisioned,Migrated
USER02247,SITE006,HR,Room Device,Webex Calling Standard,Provisioned,Migrated
USER02248,SITE029,Sales,Room Device,Webex Calling Standard,Provisioned,In Progress
USER02249,SITE022,Finance,Soft Client,Webex Calling Standard,Provisioned,Migrated
USER02250,SITE014,Operations,Mobile,Webex Calling Standard,Provisioned,Migrated
USER02251,SITE003,Support,Room Device,Webex Calling Professional,Provisioned,Failed
USER02252,SITE026,Support,Mobile,Webex Calling Professional,Provisioned,Migrated
USER02253,SITE023,IT,Room Device,Webex Calling Professional,Provisioned,Migrated
USER02254,SITE007,HR,Soft Client,Webex Calling Professional,Provisioned,In Progress
USER02255,SITE030,Sales,Mobile,Webex Calling Professional,Provisioned,Migrated
USER02256,SITE011,Management,Desk Phone,Webex Calling Professional,Provisioned,Migrated
USER02257,SITE034,Sales,Soft Client,Webex Calling Standard,Provisioned,Migrated
USER02258,SITE031,Management,Soft Client,Webex Calling Standard,Provisioned,Migrated
USER02259,SITE027,Sales,Desk Phone,Webex Calling Standard,Provisioned,Pending
USER02260,SITE006,Management,Desk Phone,Webex Calling Professional,Provisioned,Migrated
USER02261,SITE008,HR,Desk Phone,Webex Calling Standard,Provisioned,Pending
USER02262,SITE005,Support,Room Device,Webex Calling Standard,Provisioned,Migrated
USER02263,SITE003,Support,Desk Phone,Webex Calling Professional,Provisioned,In Progress
USER02264,SITE019,Support,Mobile,Webex Calling Standard,Provisioned,Pending
USER02265,SITE001,Operations,Mobile,Webex Calling Professional,Provisioned,Migrated
USER02266,SITE003,Operations,Soft Client,Webex Calling Standard,Provisioned,Migrated
USER02267,SITE002,Finance,Room Device,Webex Calling Standard,Provisioned,Migrated
USER02268,SITE026,Sales,Mobile,Webex Calling Professional,Pending,Migrated
USER02269,SITE001,Operations,Mobile,Webex Calling Professional,Pending,Pending
USER02270,SITE003,Sales,Room Device,Webex Calling Professional,Provisioned,Migrated
USER02271,SITE025,Sales,Desk Phone,Webex Calling Professional,Provisioned,Migrated
USER02272,SITE014,Management,Mobile,Webex Calling Professional,Provisioned,Migrated
USER02273,SITE013,Management,Soft Client,Webex Calling Standard,Failed,Migrated
USER02274,SITE021,HR,Desk Phone,Webex Calling Standard,Provisioned,Migrated
USER02275,SITE004,Finance,Desk Phone,Webex Calling Standard,Provisioned,Migrated
USER02276,SITE022,Sales,Room Device,Webex Calling Standard,Provisioned,Pending
USER02277,SITE035,Operations,Soft Client,Webex Calling Professional,Failed,Migrated
USER02278,SITE003,Management,Soft Client,Webex Calling Professional,Provisioned,Migrated
USER02279,SITE023,Finance,Room Device,Webex Calling Professional,Provisioned,Pending
USER02280,SITE002,Operations,Mobile,Webex Calling Professional,Provisioned,Migrated
USER02281,SITE002,Support,Desk Phone,Webex Calling Professional,Provisioned,Migrated
USER02282,SITE017,Operations,Mobile,Webex Calling Standard,Provisioned,Migrated
USER02283,SITE019,Finance,Soft Client,Webex Calling Professional,Provisioned,Migrated
USER02284,SITE003,Operations,Soft Client,Webex Calling Professional,Provisioned,Migrated
USER02285,SITE021,IT,Mobile,Webex Calling Professional,Pending,Migrated
USER02286,SITE020,Sales,Room Device,Webex Calling Standard,Provisioned,Migrated
USER02287,SITE004,Support,Soft Client,Webex Calling Professional,Provisioned,Migrated
USER02288,SITE027,Finance,Desk Phone,Webex Calling Standard,Provisioned,Migrated
USER02289,SITE004,Finance,Mobile,Webex Calling Professional,Provisioned,Migrated
USER02290,SITE001,Operations,Mobile,Webex Calling Standard,Provisioned,Migrated
USER02291,SITE020,Operations,Desk Phone,Webex Calling Professional,Provisioned,Migrated
USER02292,SITE029,IT,Soft Client,Webex Calling Standard,Failed,In Progress
USER02293,SITE025,HR,Desk Phone,Webex Calling Standard,Provisioned,Migrated
USER02294,SITE006,Finance,Soft Client,Webex Calling Professional,Failed,Migrated
USER02295,SITE032,Sales,Room Device,Webex Calling Professional,Pending,Migrated
USER02296,SITE007,Operations,Desk Phone,Webex Calling Professional,Provisioned,In Progress
USER02297,SITE007,Finance,Desk Phone,Webex Calling Standard,Provisioned,Migrated
USER02298,SITE011,Management,Desk Phone,Webex Calling Standard,Provisioned,Failed
USER02299,SITE009,Finance,Mobile,Webex Calling Standard,Provisioned,Migrated
USER02300,SITE016,Management,Mobile,Webex Calling Professional,Provisioned,Failed
USER02301,SITE001,Support,Soft Client,Webex Calling Standard,Failed,In Progress
USER02302,SITE002,HR,Room Device,Webex Calling Standard,Provisioned,Migrated
USER02303,SITE011,Support,Desk Phone,Webex Calling Professional,Pending,Migrated
USER02304,SITE001,HR,Desk Phone,Webex Calling Standard,Provisioned,Migrated
USER02305,SITE014,Management,Mobile,Webex Calling Professional,Provisioned,Migrated
USER02306,SITE004,Sales,Soft Client,Webex Calling Standard,Provisioned,Failed
USER02307,SITE034,Sales,Mobile,Webex Calling Professional,Failed,Failed
USER02308,SITE006,Sales,Mobile,Webex Calling Standard,Provisioned,Migrated
USER02309,SITE012,Finance,Mobile,Webex Calling Standard,Provisioned,Migrated
USER02310,SITE003,Finance,Room Device,Webex Calling Standard,Provisioned,Migrated
USER02311,SITE026,Finance,Desk Phone,Webex Calling Standard,Provisioned,Migrated
USER02312,SITE024,IT,Soft Client,Webex Calling Professional,Provisioned,In Progress
USER02313,SITE023,Finance,Mobile,Webex Calling Professional,Provisioned,Migrated
USER02314,SITE032,Sales,Desk Phone,Webex Calling Standard,Provisioned,Pending
USER02315,SITE010,Sales,Soft Client,Webex Calling Professional,Provisioned,In Progress
USER02316,SITE010,IT,Room Device,Webex Calling Standard,Provisioned,Migrated
USER02317,SITE010,IT,Room Device,Webex Calling Standard,Provisioned,Pending
USER02318,SITE023,Operations,Soft Client,Webex Calling Professional,Provisioned,Migrated
USER02319,SITE012,Finance,Mobile,Webex Calling Professional,Provisioned,Migrated
USER02320,SITE034,Finance,Desk Phone,Webex Calling Professional,Provisioned,Migrated
USER02321,SITE018,IT,Desk Phone,Webex Calling Professional,Provisioned,Migrated
USER02322,SITE002,Management,Room Device,Webex Calling Professional,Failed,In Progress
USER02323,SITE006,Operations,Room Device,Webex Calling Professional,Provisioned,Failed
USER02324,SITE020,HR,Room Device,Webex Calling Professional,Provisioned,Migrated
USER02325,SITE012,HR,Room Device,Webex Calling Standard,Provisioned,Migrated
USER02326,SITE005,HR,Desk Phone,Webex Calling Professional,Provisioned,Pending
USER02327,SITE001,IT,Desk Phone,Webex Calling Professional,Provisioned,Migrated
USER02328,SITE024,Sales,Soft Client,Webex Calling Professional,Provisioned,Migrated
USER02329,SITE021,HR,Soft Client,Webex Calling Standard,Pending,Migrated
USER02330,SITE006,Operations,Desk Phone,Webex Calling Standard,Provisioned,Migrated
USER02331,SITE027,HR,Room Device,Webex Calling Standard,Provisioned,Migrated
USER02332,SITE015,HR,Mobile,Webex Calling Professional,Provisioned,Migrated
USER02333,SITE030,Sales,Desk Phone,Webex Calling Professional,Provisioned,Migrated
USER02334,SITE018,IT,Mobile,Webex Calling Professional,Provisioned,In Progress
USER02335,SITE029,Finance,Soft Client,Webex Calling Professional,Provisioned,Migrated
USER02336,SITE003,Operations,Mobile,Webex Calling Professional,Provisioned,Migrated
USER02337,SITE010,IT,Soft Client,Webex Calling Professional,Provisioned,Migrated
USER02338,SITE026,Sales,Desk Phone,Webex Calling Professional,Provisioned,Migrated
USER02339,SITE030,Management,Desk Phone,Webex Calling Professional,Provisioned,Pending
USER02340,SITE021,Finance,Desk Phone,Webex Calling Standard,Provisioned,Migrated
USER02341,SITE002,Management,Soft Client,Webex Calling Professional,Failed,In Progress
USER02342,SITE009,Operations,Mobile,Webex Calling Standard,Failed,Migrated
USER02343,SITE009,IT,Mobile,Webex Calling Professional,Provisioned,Migrated
USER02344,SITE016,Support,Desk Phone,Webex Calling Professional,Provisioned,Migrated
USER02345,SITE018,Support,Desk Phone,Webex Calling Standard,Provisioned,In Progress
USER02346,SITE031,Management,Mobile,Webex Calling Standard,Provisioned,Migrated
USER02347,SITE021,HR,Mobile,Webex Calling Standard,Provisioned,Migrated
USER02348,SITE032,IT,Mobile,Webex Calling Professional,Provisioned,Migrated
USER02349,SITE005,Finance,Desk Phone,Webex Calling Professional,Provisioned,Migrated
USER02350,SITE006,IT,Mobile,Webex Calling Professional,Provisioned,Pending
USER02351,SITE030,HR,Desk Phone,Webex Calling Professional,Provisioned,Pending
USER02352,SITE034,HR,Soft Client,Webex Calling Professional,Provisioned,Migrated
USER02353,SITE029,Operations,Desk Phone,Webex Calling Professional,Pending,Migrated
USER02354,SITE013,Sales,Mobile,Webex Calling Standard,Failed,Migrated
USER02355,SITE010,Sales,Mobile,Webex Calling Professional,Pending,Pending
USER02356,SITE018,Finance,Soft Client,Webex Calling Professional,Pending,Pending
USER02357,SITE006,Sales,Desk Phone,Webex Calling Standard,Provisioned,Migrated
USER02358,SITE007,IT,Mobile,Webex Calling Professional,Provisioned,Migrated
USER02359,SITE029,HR,Room Device,Webex Calling Professional,Pending,Migrated
USER02360,SITE023,IT,Desk Phone,Webex Calling Standard,Pending,Migrated
USER02361,SITE033,HR,Soft Client,Webex Calling Professional,Failed,Migrated
USER02362,SITE013,Sales,Mobile,Webex Calling Standard,Provisioned,Pending
USER02363,SITE013,Finance,Room Device,Webex Calling Standard,Provisioned,Pending
USER02364,SITE023,Operations,Desk Phone,Webex Calling Professional,Provisioned,Migrated
USER02365,SITE016,IT,Mobile,Webex Calling Professional,Provisioned,Migrated
USER02366,SITE008,Finance,Mobile,Webex Calling Professional,Pending,Migrated
USER02367,SITE003,Finance,Soft Client,Webex Calling Professional,Provisioned,Migrated
USER02368,SITE017,Sales,Mobile,Webex Calling Professional,Provisioned,Migrated
USER02369,SITE018,HR,Soft Client,Webex Calling Standard,Failed,Migrated
USER02370,SITE001,Operations,Desk Phone,Webex Calling Professional,Pending,Migrated
USER02371,SITE022,Sales,Soft Client,Webex Calling Professional,Pending,Failed
USER02372,SITE015,Operations,Desk Phone,Webex Calling Standard,Provisioned,Migrated
USER02373,SITE034,Operations,Soft Client,Webex Calling Professional,Provisioned,Migrated
USER02374,SITE021,Operations,Mobile,Webex Calling Standard,Provisioned,Pending
USER02375,SITE015,HR,Desk Phone,Webex Calling Standard,Provisioned,In Progress
USER02376,SITE008,IT,Desk Phone,Webex Calling Standard,Provisioned,Migrated
USER02377,SITE030,Finance,Desk Phone,Webex Calling Standard,Provisioned,Migrated
USER02378,SITE027,Sales,Desk Phone,Webex Calling Professional,Provisioned,Migrated
USER02379,SITE014,IT,Room Device,Webex Calling Professional,Provisioned,Migrated
USER02380,SITE014,Sales,Desk Phone,Webex Calling Standard,Provisioned,Migrated
USER02381,SITE027,IT,Mobile,Webex Calling Professional,Failed,Migrated
USER02382,SITE011,Sales,Mobile,Webex Calling Standard,Provisioned,Pending
USER02383,SITE003,Finance,Desk Phone,Webex Calling Standard,Provisioned,Migrated
USER02384,SITE021,Finance,Soft Client,Webex Calling Standard,Provisioned,Failed
USER02385,SITE018,Management,Desk Phone,Webex Calling Professional,Provisioned,Pending
USER02386,SITE029,Support,Soft Client,Webex Calling Standard,Provisioned,Migrated
USER02387,SITE028,Finance,Desk Phone,Webex Calling Standard,Provisioned,In Progress
USER02388,SITE016,HR,Desk Phone,Webex Calling Professional,Provisioned,Migrated
USER02389,SITE012,Operations,Mobile,Webex Calling Professional,Provisioned,Migrated
USER02390,SITE028,IT,Desk Phone,Webex Calling Professional,Provisioned,Migrated
USER02391,SITE023,Management,Mobile,Webex Calling Professional,Provisioned,Migrated
USER02392,SITE030,IT,Mobile,Webex Calling Standard,Provisioned,In Progress
USER02393,SITE031,Operations,Desk Phone,Webex Calling Standard,Provisioned,Migrated
USER02394,SITE009,Sales,Desk Phone,Webex Calling Standard,Provisioned,Migrated
USER02395,SITE014,Finance,Room Device,Webex Calling Standard,Provisioned,Migrated
USER02396,SITE014,Operations,Mobile,Webex Calling Professional,Provisioned,Migrated
USER02397,SITE035,Operations,Mobile,Webex Calling Professional,Provisioned,Migrated
USER02398,SITE020,Management,Soft Client,Webex Calling Professional,Provisioned,Migrated
USER02399,SITE031,HR,Desk Phone,Webex Calling Standard,Provisioned,Migrated
USER02400,SITE019,Operations,Desk Phone,Webex Calling Standard,Provisioned,Failed
USER02401,SITE019,Sales,Room Device,Webex Calling Standard,Provisioned,Pending
USER02402,SITE006,Finance,Mobile,Webex Calling Standard,Provisioned,Migrated
USER02403,SITE002,Support,Soft Client,Webex Calling Professional,Pending,Failed
USER02404,SITE015,Management,Mobile,Webex Calling Professional,Pending,In Progress
USER02405,SITE026,Management,Room Device,Webex Calling Standard,Provisioned,Migrated
USER02406,SITE024,Support,Desk Phone,Webex Calling Professional,Provisioned,In Progress
USER02407,SITE005,Operations,Mobile,Webex Calling Standard,Provisioned,Migrated
USER02408,SITE006,IT,Desk Phone,Webex Calling Professional,Provisioned,Migrated
USER02409,SITE021,IT,Soft Client,Webex Calling Professional,Provisioned,Migrated
USER02410,SITE006,Operations,Room Device,Webex Calling Professional,Provisioned,Migrated
USER02411,SITE021,IT,Soft Client,Webex Calling Standard,Pending,Migrated
USER02412,SITE006,IT,Desk Phone,Webex Calling Professional,Pending,Migrated
USER02413,SITE011,Management,Room Device,Webex Calling Professional,Provisioned,Migrated
USER02414,SITE027,Operations,Desk Phone,Webex Calling Standard,Provisioned,Migrated
USER02415,SITE005,Support,Soft Client,Webex Calling Standard,Provisioned,Migrated
USER02416,SITE019,IT,Soft Client,Webex Calling Professional,Provisioned,Migrated
USER02417,SITE018,IT,Soft Client,Webex Calling Standard,Pending,Pending
USER02418,SITE006,HR,Desk Phone,Webex Calling Professional,Provisioned,Migrated
USER02419,SITE017,IT,Room Device,Webex Calling Professional,Provisioned,Migrated
USER02420,SITE017,Support,Soft Client,Webex Calling Professional,Provisioned,In Progress
USER02421,SITE030,Support,Soft Client,Webex Calling Professional,Provisioned,Migrated
USER02422,SITE016,Finance,Mobile,Webex Calling Professional,Provisioned,Migrated
USER02423,SITE013,Operations,Desk Phone,Webex Calling Professional,Failed,In Progress
USER02424,SITE016,IT,Soft Client,Webex Calling Professional,Provisioned,Migrated
USER02425,SITE029,HR,Room Device,Webex Calling Professional,Pending,Pending
USER02426,SITE009,Operations,Desk Phone,Webex Calling Professional,Provisioned,Migrated
USER02427,SITE002,Management,Desk Phone,Webex Calling Standard,Pending,Migrated
USER02428,SITE013,Sales,Soft Client,Webex Calling Standard,Provisioned,Migrated
USER02429,SITE032,Finance,Desk Phone,Webex Calling Professional,Pending,In Progress
USER02430,SITE010,HR,Desk Phone,Webex Calling Standard,Provisioned,Migrated
USER02431,SITE034,Support,Desk Phone,Webex Calling Standard,Provisioned,Migrated
USER02432,SITE034,Operations,Room Device,Webex Calling Professional,Pending,Migrated
USER02433,SITE010,Finance,Room Device,Webex Calling Professional,Provisioned,Migrated
USER02434,SITE016,Sales,Mobile,Webex Calling Standard,Provisioned,Migrated
USER02435,SITE002,IT,Soft Client,Webex Calling Professional,Provisioned,In Progress
USER02436,SITE001,Management,Mobile,Webex Calling Professional,Provisioned,Migrated
USER02437,SITE016,HR,Desk Phone,Webex Calling Standard,Provisioned,Migrated
USER02438,SITE032,Support,Room Device,Webex Calling Standard,Provisioned,Migrated
USER02439,SITE008,HR,Room Device,Webex Calling Professional,Provisioned,Migrated
USER02440,SITE030,HR,Soft Client,Webex Calling Standard,Provisioned,Failed
USER02441,SITE030,Support,Desk Phone,Webex Calling Standard,Provisioned,Pending
USER02442,SITE010,IT,Desk Phone,Webex Calling Standard,Provisioned,Migrated
USER02443,SITE027,Support,Desk Phone,Webex Calling Professional,Provisioned,In Progress
USER02444,SITE019,Operations,Mobile,Webex Calling Standard,Provisioned,Failed
USER02445,SITE013,Sales,Mobile,Webex Calling Professional,Provisioned,Migrated
USER02446,SITE023,Finance,Mobile,Webex Calling Standard,Provisioned,Migrated
USER02447,SITE019,Management,Room Device,Webex Calling Standard,Provisioned,Migrated
USER02448,SITE020,Finance,Soft Client,Webex Calling Standard,Failed,In Progress
USER02449,SITE030,IT,Room Device,Webex Calling Standard,Failed,Migrated
USER02450,SITE031,Management,Mobile,Webex Calling Standard,Provisioned,Migrated
USER02451,SITE005,HR,Soft Client,Webex Calling Standard,Failed,Migrated
USER02452,SITE029,Management,Desk Phone,Webex Calling Standard,Provisioned,In Progress
USER02453,SITE018,Sales,Desk Phone,Webex Calling Professional,Provisioned,Migrated
USER02454,SITE029,Operations,Mobile,Webex Calling Standard,Provisioned,Pending
USER02455,SITE035,Support,Soft Client,Webex Calling Professional,Provisioned,In Progress
USER02456,SITE025,Management,Mobile,Webex Calling Standard,Provisioned,Migrated
USER02457,SITE026,Management,Room Device,Webex Calling Standard,Failed,Migrated
USER02458,SITE034,Finance,Room Device,Webex Calling Standard,Provisioned,Failed
USER02459,SITE031,Support,Desk Phone,Webex Calling Professional,Provisioned,Migrated
USER02460,SITE018,HR,Desk Phone,Webex Calling Standard,Provisioned,Migrated
USER02461,SITE018,Sales,Desk Phone,Webex Calling Standard,Provisioned,Migrated
USER02462,SITE010,HR,Room Device,Webex Calling Professional,Provisioned,In Progress
USER02463,SITE009,Support,Soft Client,Webex Calling Standard,Provisioned,Migrated
USER02464,SITE007,Support,Desk Phone,Webex Calling Standard,Provisioned,Migrated
USER02465,SITE019,Finance,Soft Client,Webex Calling Standard,Provisioned,Migrated
USER02466,SITE022,Support,Mobile,Webex Calling Standard,Provisioned,Migrated
USER02467,SITE008,Operations,Room Device,Webex Calling Professional,Provisioned,Failed
USER02468,SITE009,Management,Desk Phone,Webex Calling Standard,Provisioned,In Progress
USER02469,SITE012,HR,Room Device,Webex Calling Professional,Provisioned,In Progress
USER02470,SITE015,Operations,Soft Client,Webex Calling Standard,Failed,Pending
USER02471,SITE013,Finance,Soft Client,Webex Calling Standard,Provisioned,Pending
USER02472,SITE006,Management,Room Device,Webex Calling Standard,Failed,Migrated
USER02473,SITE028,IT,Desk Phone,Webex Calling Standard,Provisioned,Migrated
USER02474,SITE016,IT,Mobile,Webex Calling Professional,Provisioned,Migrated
USER02475,SITE019,Finance,Mobile,Webex Calling Professional,Provisioned,Migrated
USER02476,SITE030,Finance,Mobile,Webex Calling Professional,Provisioned,Migrated
USER02477,SITE026,Operations,Soft Client,Webex Calling Standard,Provisioned,In Progress
USER02478,SITE007,Support,Room Device,Webex Calling Professional,Provisioned,Migrated
USER02479,SITE018,Management,Room Device,Webex Calling Standard,Provisioned,In Progress
USER02480,SITE014,Operations,Mobile,Webex Calling Standard,Provisioned,Migrated
USER02481,SITE032,IT,Soft Client,Webex Calling Standard,Provisioned,Migrated
USER02482,SITE016,IT,Mobile,Webex Calling Standard,Provisioned,Migrated
USER02483,SITE004,Sales,Room Device,Webex Calling Standard,Provisioned,Migrated
USER02484,SITE005,Operations,Room Device,Webex Calling Standard,Provisioned,Migrated
USER02485,SITE030,HR,Room Device,Webex Calling Professional,Provisioned,Migrated
USER02486,SITE018,IT,Soft Client,Webex Calling Professional,Provisioned,Pending
USER02487,SITE028,Finance,Soft Client,Webex Calling Standard,Provisioned,Migrated
USER02488,SITE009,Management,Room Device,Webex Calling Professional,Provisioned,Migrated
USER02489,SITE005,Operations,Desk Phone,Webex Calling Professional,Provisioned,Migrated
USER02490,SITE024,HR,Desk Phone,Webex Calling Standard,Provisioned,Migrated
USER02491,SITE018,Sales,Soft Client,Webex Calling Standard,Pending,Migrated
USER02492,SITE024,Operations,Desk Phone,Webex Calling Standard,Provisioned,Migrated
USER02493,SITE025,HR,Room Device,Webex Calling Standard,Provisioned,Pending
USER02494,SITE031,Operations,Room Device,Webex Calling Standard,Provisioned,Pending
USER02495,SITE021,Sales,Desk Phone,Webex Calling Professional,Provisioned,Migrated
USER02496,SITE010,HR,Mobile,Webex Calling Standard,Provisioned,Pending
USER02497,SITE004,Operations,Room Device,Webex Calling Professional,Provisioned,Migrated
USER02498,SITE019,Sales,Mobile,Webex Calling Professional,Provisioned,Migrated
USER02499,SITE015,IT,Soft Client,Webex Calling Standard,Provisioned,Migrated
USER02500,SITE019,IT,Mobile,Webex Calling Professional,Provisioned,Migrated
